-- phpMyAdmin SQL Dump
-- version 4.4.15
-- http://www.phpmyadmin.net
--
-- Host: localhost
-- Generation Time: Dec 15, 2018 at 10:21 AM
-- Server version: 5.5.31
-- PHP Version: 5.5.38

SET SQL_MODE = "NO_AUTO_VALUE_ON_ZERO";
SET time_zone = "+00:00";


/*!40101 SET @OLD_CHARACTER_SET_CLIENT=@@CHARACTER_SET_CLIENT */;
/*!40101 SET @OLD_CHARACTER_SET_RESULTS=@@CHARACTER_SET_RESULTS */;
/*!40101 SET @OLD_COLLATION_CONNECTION=@@COLLATION_CONNECTION */;
/*!40101 SET NAMES utf8mb4 */;

--
-- Database: `tkwgbvn_dongybonphuong`
--

-- --------------------------------------------------------

--
-- Table structure for table `admin`
--

CREATE TABLE IF NOT EXISTS `admin` (
  `admin_id` int(11) NOT NULL,
  `admin_name` varchar(255) COLLATE utf8_unicode_ci DEFAULT NULL,
  `admin_login` varchar(255) COLLATE utf8_unicode_ci DEFAULT NULL,
  `admin_password` text COLLATE utf8_unicode_ci,
  `admin_phone` varchar(255) COLLATE utf8_unicode_ci DEFAULT NULL,
  `admin_email` varchar(255) COLLATE utf8_unicode_ci DEFAULT NULL,
  `admin_note` text COLLATE utf8_unicode_ci,
  `admin_state` int(11) DEFAULT '1',
  `admin_role` int(11) DEFAULT NULL
) ENGINE=InnoDB AUTO_INCREMENT=4 DEFAULT CHARSET=utf8 COLLATE=utf8_unicode_ci;

--
-- Dumping data for table `admin`
--

INSERT INTO `admin` (`admin_id`, `admin_name`, `admin_login`, `admin_password`, `admin_phone`, `admin_email`, `admin_note`, `admin_state`, `admin_role`) VALUES
(1, 'Admin', 'admin', '$2y$10$02.uMGB26ln3fgNk8MyarOf8hnuaF/hWlukTDKk99Kb9TluOarctq', NULL, NULL, NULL, 1, 1),
(2, 'hpt', 'hpt', '$2y$10$x9RWBVgCWSb9fkQGoh7ESOhYV1SnY5Fn5uwKUS9WfdUV1O4wvIe4a', '0973457689', 'ngobkanh@gmail.com', 'đây là tài khoản test', 1, 2),
(3, 'Trương Quang Tuấn', 'tuan', '$2y$10$5xn9Ri83pYZIOwglCNPE1O77nvaCUPJJFUifoHtxyWgqM1EU34Yku', '', '', '', 1, 2);

-- --------------------------------------------------------

--
-- Table structure for table `admin_role`
--

CREATE TABLE IF NOT EXISTS `admin_role` (
  `admin_role_id` int(11) NOT NULL,
  `admin_role_name` varchar(255) COLLATE utf8_unicode_ci DEFAULT NULL
) ENGINE=InnoDB AUTO_INCREMENT=3 DEFAULT CHARSET=utf8 COLLATE=utf8_unicode_ci;

--
-- Dumping data for table `admin_role`
--

INSERT INTO `admin_role` (`admin_role_id`, `admin_role_name`) VALUES
(1, 'Admin'),
(2, 'Mod');

-- --------------------------------------------------------

--
-- Table structure for table `bang_gia_1`
--

CREATE TABLE IF NOT EXISTS `bang_gia_1` (
  `id` int(11) NOT NULL,
  `khoahoc` text CHARACTER SET utf8mb4 COLLATE utf8mb4_unicode_ci NOT NULL,
  `chinhanh` text CHARACTER SET utf8mb4 COLLATE utf8mb4_unicode_ci NOT NULL,
  `hocvien` int(11) NOT NULL,
  `namsinh` year(4) NOT NULL,
  `email` varchar(200) NOT NULL,
  `phone` varchar(100) NOT NULL,
  `name` varchar(100) CHARACTER SET utf8mb4 COLLATE utf8mb4_unicode_ci NOT NULL,
  `notes` text NOT NULL
) ENGINE=InnoDB AUTO_INCREMENT=46 DEFAULT CHARSET=latin1;

--
-- Dumping data for table `bang_gia_1`
--

INSERT INTO `bang_gia_1` (`id`, `khoahoc`, `chinhanh`, `hocvien`, `namsinh`, `email`, `phone`, `name`, `notes`) VALUES
(43, 'Smart Reading Skills', 'AMERICAN SKILLS LONG BIÊN-HÀ NỘI', 0, 1995, 'viethung95cute@gmail.com', '1672523165', 'Nguyễn Việt Hưng', ''),
(44, 'Smarth Kills', 'AMERICAN SKILLS GÒ VẤP - TPHCM', 1, 1998, 'viethung95cute@gmail.com', '1672523165', 'Việt Hưng', ''),
(45, 'Smarth Kills', 'AMERICAN SKILLS GÒ VẤP - TPHCM', 1, 1998, 'viethung95cute@gmail.com', '1672523165', 'Việt Hưng', '');

-- --------------------------------------------------------

--
-- Table structure for table `bang_gia_2`
--

CREATE TABLE IF NOT EXISTS `bang_gia_2` (
  `id` int(11) NOT NULL,
  `name_parent` varchar(200) CHARACTER SET utf8 COLLATE utf8_unicode_ci NOT NULL,
  `phone_parent` varchar(200) CHARACTER SET utf8 COLLATE utf8_unicode_ci NOT NULL,
  `name_student` varchar(100) CHARACTER SET utf8mb4 COLLATE utf8mb4_unicode_ci NOT NULL,
  `birthday` date NOT NULL,
  `adress` varchar(300) CHARACTER SET utf8mb4 COLLATE utf8mb4_unicode_ci NOT NULL,
  `email` varchar(300) NOT NULL,
  `hoan_thien_so_sach` varchar(300) NOT NULL,
  `quyet_toan_thue` varchar(300) NOT NULL,
  `tong_dich_vu` varchar(300) NOT NULL,
  `time` timestamp NOT NULL DEFAULT CURRENT_TIMESTAMP ON UPDATE CURRENT_TIMESTAMP
) ENGINE=InnoDB AUTO_INCREMENT=48 DEFAULT CHARSET=latin1;

--
-- Dumping data for table `bang_gia_2`
--

INSERT INTO `bang_gia_2` (`id`, `name_parent`, `phone_parent`, `name_student`, `birthday`, `adress`, `email`, `hoan_thien_so_sach`, `quyet_toan_thue`, `tong_dich_vu`, `time`) VALUES
(34, 'Việt Hưng', '01672523165', 'ABC', '2018-03-30', 'ĐH Mỏ - Địa chất', 'viethung95cute@gmail.com', '', '', '', '2018-03-28 04:54:52'),
(35, 'hưng', '01672523165', '', '0000-00-00', 'hà nội', 'viethung95cute@gmail.com', '', '', '', '2018-04-05 05:10:26'),
(36, 'hưng', '01672523165', '', '0000-00-00', 'hà nội', 'viethung95cute@gmail.com', '', '', '', '2018-04-05 05:10:33'),
(37, 'hưng', '01672523165', '', '0000-00-00', 'hà nội', 'viethung95cute@gmail.com', '', '', '', '2018-04-05 05:12:13'),
(38, 'hưng', '01672523165', '', '0000-00-00', 'hà nội', 'viethung95cute@gmail.com', '', '', '', '2018-04-05 05:12:19'),
(39, 'hưng', '01672523165', '', '0000-00-00', 'hà nội', 'viethung95cute@gmail.com', '', '', '', '2018-04-05 05:13:51'),
(40, '', '', '', '0000-00-00', 'hà nội', 'viethung95cute@gmail.com', '', '', '', '2018-04-05 06:20:52'),
(41, '', '', '', '0000-00-00', 'hà nội', 'viethung95cute@gmail.com', '', '', '', '2018-04-05 06:21:19'),
(42, '', '', '', '0000-00-00', 'hà nội', 'viethung95cute@gmail.com', '', '', '', '2018-04-05 06:21:22'),
(43, '', '', '', '0000-00-00', 'hà nội', 'viethung95cute@gmail.com', '', '', '', '2018-04-05 06:22:52'),
(44, '', '', '', '0000-00-00', 'hà nội', 'viethung95cute@gmail.com', '', '', '', '2018-04-05 06:22:55'),
(45, '', '', '', '0000-00-00', 'hà nội', 'viethung95cute@gmail.com', '', '', '', '2018-04-05 06:23:34'),
(46, '', '', '', '0000-00-00', 'hà nội', 'viethung95cute@gmail.com', '', '', '', '2018-04-05 06:24:46'),
(47, '', '', '', '0000-00-00', 'hà nội', 'viethung95cute@gmail.com', '', '', '', '2018-04-05 06:24:50');

-- --------------------------------------------------------

--
-- Table structure for table `cad_file`
--

CREATE TABLE IF NOT EXISTS `cad_file` (
  `id` int(11) NOT NULL,
  `name` varchar(600) CHARACTER SET utf8 COLLATE utf8_unicode_ci NOT NULL
) ENGINE=InnoDB AUTO_INCREMENT=3 DEFAULT CHARSET=latin1;

--
-- Dumping data for table `cad_file`
--

INSERT INTO `cad_file` (`id`, `name`) VALUES
(2, 'tuan.pdf');

-- --------------------------------------------------------

--
-- Table structure for table `calculators_file`
--

CREATE TABLE IF NOT EXISTS `calculators_file` (
  `id` int(11) NOT NULL,
  `name` varchar(600) CHARACTER SET utf8 COLLATE utf8_unicode_ci NOT NULL
) ENGINE=InnoDB AUTO_INCREMENT=2 DEFAULT CHARSET=latin1;

--
-- Dumping data for table `calculators_file`
--

INSERT INTO `calculators_file` (`id`, `name`) VALUES
(1, 'tuan.pdf');

-- --------------------------------------------------------

--
-- Table structure for table `cart`
--

CREATE TABLE IF NOT EXISTS `cart` (
  `id_cart` int(11) NOT NULL,
  `id_account` int(11) DEFAULT NULL,
  `session_id` varchar(255) COLLATE utf8_unicode_ci DEFAULT NULL,
  `total_price` double DEFAULT NULL,
  `total_cart` int(11) DEFAULT NULL,
  `date_cart` date DEFAULT NULL,
  `id_orderState` int(11) DEFAULT NULL,
  `note_cart` text COLLATE utf8_unicode_ci,
  `name_buyer` varchar(255) COLLATE utf8_unicode_ci DEFAULT NULL,
  `mail_buyer` varchar(255) COLLATE utf8_unicode_ci DEFAULT NULL,
  `phone_buyer` varchar(255) COLLATE utf8_unicode_ci DEFAULT NULL,
  `address_buyer` text COLLATE utf8_unicode_ci,
  `note_buyer` text COLLATE utf8_unicode_ci
) ENGINE=InnoDB AUTO_INCREMENT=48 DEFAULT CHARSET=utf8 COLLATE=utf8_unicode_ci;

--
-- Dumping data for table `cart`
--

INSERT INTO `cart` (`id_cart`, `id_account`, `session_id`, `total_price`, `total_cart`, `date_cart`, `id_orderState`, `note_cart`, `name_buyer`, `mail_buyer`, `phone_buyer`, `address_buyer`, `note_buyer`) VALUES
(1, NULL, 'sdgdfgdbcvbcvbxcv', NULL, NULL, NULL, NULL, NULL, NULL, NULL, NULL, NULL, NULL),
(2, NULL, '507hpkui803q8chnerqdtf3vl2', 0, NULL, '0000-00-00', NULL, NULL, 'dfgdf', 'sdf@gmail.com', '5646', 'sdf@gmail.com', 'sdf@gmail.com'),
(3, NULL, '507hpkui803q8chnerqdtf3vl2', 0, NULL, '0000-00-00', NULL, NULL, 'drtert', 'sdf@gmail.com', '3454', 'sdf@gmail.com', 'sdf@gmail.com'),
(4, NULL, '507hpkui803q8chnerqdtf3vl2', 0, NULL, '0000-00-00', NULL, NULL, 'sdfasf', 'tung92.ns@gmail.com', '1658824321', 'hà nội', 'sfgdfg'),
(5, NULL, '507hpkui803q8chnerqdtf3vl2', 0, NULL, '0000-00-00', NULL, NULL, 'dfg', 'tung92.ns@gmail.com', '1658824321', 'hà nội', 'sdf'),
(6, NULL, '507hpkui803q8chnerqdtf3vl2', 0, NULL, '0000-00-00', NULL, NULL, 'df', 'tung92.ns@gmail.com', '1658824321', 'hà nội', 'ag'),
(7, NULL, '507hpkui803q8chnerqdtf3vl2', 0, NULL, '0000-00-00', NULL, NULL, 'rgf', 'tung92.ns@gmail.com', '1658824321', 'hà nội', '.'),
(8, NULL, '507hpkui803q8chnerqdtf3vl2', 0, NULL, '0000-00-00', NULL, NULL, 'zsfxdg', 'tung92.ns@gmail.com', '1658824321', 'hà nội', 'sdfg'),
(9, NULL, '507hpkui803q8chnerqdtf3vl2', 1520000, NULL, '0000-00-00', NULL, NULL, 'zsfxdg', 'tung92.ns@gmail.com', '1658824321', '', 'sdfg'),
(10, NULL, '507hpkui803q8chnerqdtf3vl2', 0, NULL, '0000-00-00', NULL, NULL, 'sdgf', 'tung92.ns@gmail.com', '1658824321', 'hà nội', 'dfgfdhgvjm'),
(11, NULL, '507hpkui803q8chnerqdtf3vl2', 0, NULL, '0000-00-00', NULL, NULL, 'dfg', 'tung92.ns@gmail.com', '1658824321', 'hà nội', 'd'),
(12, NULL, '507hpkui803q8chnerqdtf3vl2', 0, NULL, '0000-00-00', NULL, NULL, 'sdf', 'tung92.ns@gmail.com', '1658824321', 'hà nội', 'zscf'),
(13, NULL, '507hpkui803q8chnerqdtf3vl2', 0, NULL, '0000-00-00', NULL, NULL, 'sds', 'tung92.ns@gmail.com', '1658824321', 'hà nội', 'xfc'),
(14, NULL, '507hpkui803q8chnerqdtf3vl2', 0, NULL, '0000-00-00', NULL, NULL, 'ádasf', 'tung92.ns@gmail.com', '1658824321', 'hà nội', 'cv'),
(15, NULL, '507hpkui803q8chnerqdtf3vl2', 0, NULL, '0000-00-00', NULL, NULL, 'sdf', 'tung92.ns@gmail.com', '1658824321', 'hà nội', 'zxd'),
(16, NULL, '507hpkui803q8chnerqdtf3vl2', 0, NULL, '0000-00-00', NULL, NULL, 'rf', 'tung92.ns@gmail.com', '1658824321', 'hà nội', 'xf'),
(17, NULL, '507hpkui803q8chnerqdtf3vl2', 0, NULL, '0000-00-00', NULL, NULL, 'f', 'tung92.ns@gmail.com', '1658824321', 'hà nội', 'sdf'),
(18, NULL, '507hpkui803q8chnerqdtf3vl2', 0, NULL, '0000-00-00', NULL, NULL, 'dfg', 'tung92.ns@gmail.com', '1658824321', 'hà nội', 'g'),
(19, NULL, '507hpkui803q8chnerqdtf3vl2', 0, NULL, '0000-00-00', NULL, NULL, 'dfg', 'tung92.ns@gmail.com', '1658824321', 'hà nội', 'sdf'),
(20, NULL, '507hpkui803q8chnerqdtf3vl2', 0, NULL, '0000-00-00', NULL, NULL, 'sè', 'tung92.ns@gmail.com', '1658824321', 'hà nội', 'cvb'),
(21, NULL, '507hpkui803q8chnerqdtf3vl2', 0, NULL, '0000-00-00', NULL, NULL, 'dfgd', 'tung92.ns@gmail.com', '1658824321', 'hà nội', 'zxcv'),
(22, NULL, '507hpkui803q8chnerqdtf3vl2', 0, NULL, '0000-00-00', NULL, NULL, 'dfjas@gmail.com', 'tung92.ns@gmail.com', '12342', 'fg', 'xc'),
(23, NULL, '507hpkui803q8chnerqdtf3vl2', 0, NULL, '0000-00-00', NULL, NULL, 'sdf', 'tung92.ns@gmail.com', 'dfg', 'dfg', 'gh'),
(24, NULL, '507hpkui803q8chnerqdtf3vl2', 0, NULL, '0000-00-00', NULL, NULL, 'dgfdg', 'tung92.ns@gmail.com', '1234567', 'xfvd', 'sx'),
(25, NULL, '507hpkui803q8chnerqdtf3vl2', 0, NULL, '0000-00-00', NULL, NULL, 'ạgdfh', 'tung92.ns@gmail.com', '1658824321', 'hà nội', 'cfgvb'),
(26, NULL, '507hpkui803q8chnerqdtf3vl2', 0, NULL, '0000-00-00', NULL, NULL, 'ggf', 'tung92.ns@gmail.com', '1658824321', 'hà nội', 'xcv'),
(27, NULL, '507hpkui803q8chnerqdtf3vl2', 3040000, NULL, '0000-00-00', NULL, NULL, 'ggf', 'tung92.ns@gmail.com', '1658824321', '', 'xcv'),
(28, NULL, 'k75ivhcmgk5u9bbi4ajsqeqon7', 0, NULL, '0000-00-00', NULL, NULL, 'hangpt', 'phamthuyhang@yahoo.com', '0973378669', 'fghfgh', 'zdfgdfg'),
(29, NULL, 'k75ivhcmgk5u9bbi4ajsqeqon7', 1845000, NULL, '0000-00-00', NULL, NULL, 'hangpt', 'phamthuyhang@yahoo.com', '0973378669', '', 'zdfgdfg'),
(30, NULL, '334n6joa344tmhngo3r5aqpve3', 1845000, NULL, '0000-00-00', NULL, NULL, 'HANGWF', 'HGJFGH@GMAIL.COM', '45657', 'qUAN NHAN', 'DTAN'),
(31, NULL, 'uicgfl7gr3e7ahodo04vpssns6', 3930000, NULL, '0000-00-00', NULL, NULL, 'dfHFGH', 'XFGHFG@GMAIL.COM', '3456789', 'ARFG', 'WRWER'),
(32, NULL, '9h180s77g41hqt5d8g95mudic6', 205000, NULL, '0000-00-00', NULL, NULL, 'vcxgf', 'gfgfdg@gmail.com', 'fgfdgdfg', 'fgfdgdf', 'gfdgdf'),
(33, NULL, 'jom8ufm7f64s09i4gk10fp1ma2', 2255000, NULL, '0000-00-00', NULL, NULL, 'Vahah', 'vaba@gmail.com', '12184', 'Fqgq', 'Vsbs'),
(34, NULL, '20ks5j7ju4vpq91d9699nvile3', 1455000, NULL, '0000-00-00', NULL, NULL, 'Vahah', 'vaba@gmail.com', '86633889', 'Fgujbvg', ''),
(35, NULL, 'ljlvfop98o8sevrh6ihtgdn7o6', 205000, NULL, '0000-00-00', NULL, NULL, 'Ngọc thế', 'ngocthe505@gmail.com', '0943218532', 'Số 19 ngõ 4 văn la hà đông hn', ''),
(36, NULL, '0m0i103i9mk3s0t8mi1g6gnqd5', 2250000, NULL, '0000-00-00', 4, '', 'Lìu tìu phìu', 'admin@deptrai.com', '096969969', 'Hà Nội', ''),
(37, NULL, 'meesi1d3laemnvqfgu7m1lm9p4', 2050000, NULL, '0000-00-00', 4, 'gfdgfd', 'Lìu tìu phìu', 'admin@deptrai.com', '0969068969', 'Hà Nội', ''),
(38, NULL, 'r3ktn90f3cn3fv82lob0qfv7l2', 0, NULL, '0000-00-00', NULL, NULL, 'hfgh', 'gfhg@gmail.com', '5345345435', 'gbfdgfdg', 'gdfg'),
(39, NULL, '3j87stb5hl70hfftn49fg9uve2', 615000, NULL, '0000-00-00', 1, '', 'Tâm', 'ngockhanh@gmail.com', '0974698975', 'thanh xuân', ''),
(40, NULL, 'vjnoaabl9tui5463ttpol3a745', 3040000, NULL, '0000-00-00', 1, '', 'hằng pt', 'ngockhanh@gmail.com', '123123435', 'dfghdfgh', 'dfghdfgh'),
(41, NULL, '36v2v63fsce7tth1ep3mp51uh3', 760000, NULL, '0000-00-00', NULL, NULL, 'ádfasdf', 'ngockhanh@gmail.com', 'dfgadfg', 'ádfgsdf', ''),
(42, NULL, '9ed4v2g4sm1v3og223ckgdh650', 4560000, NULL, '0000-00-00', NULL, NULL, 'sxdfsdf', 'ng@gmail.com', '345345', 'étdgvdf', ''),
(43, NULL, 's7kfj9rca2ic102k5sgpe4it67', 0, NULL, '0000-00-00', NULL, NULL, 'tuan', 'tuan@gmail.com', '30012018', 'Ha Noi', '1'),
(44, NULL, 'uh6mafdedbdh4sqodcd4amspa5', 0, NULL, '0000-00-00', NULL, NULL, 'tuan', 'tuan@gmail.com', '0123', 'Ha Noi', ''),
(45, NULL, '1phakdlrnq7gn5ln72umgujq63', 238620, NULL, '0000-00-00', NULL, NULL, 'tuan', 'tuan@gmail.com', '0123', 'Ha Noi', '13-7'),
(46, NULL, 'hvha0aus88v853l8hh8mv10181', 367930, NULL, '2018-11-14', NULL, NULL, 'tuan', 'tuan@gmail.com', '987654321', 'Hà Nội', '14-11'),
(47, NULL, 'grpkot0dk1fit76ka5t7rgub51', 20000, NULL, '2018-11-14', NULL, NULL, 'tuan', 'tuan@gmail.com', '987654321', 'Hà Nội', 'test');

-- --------------------------------------------------------

--
-- Table structure for table `cartdetail`
--

CREATE TABLE IF NOT EXISTS `cartdetail` (
  `id_cartDetail` int(11) NOT NULL,
  `id_product` int(11) DEFAULT NULL,
  `session_id` varchar(255) COLLATE utf8_unicode_ci DEFAULT NULL,
  `price_product` double DEFAULT NULL,
  `qyt_product` int(11) DEFAULT NULL,
  `totalprice_product` double DEFAULT NULL,
  `subInfo1` text COLLATE utf8_unicode_ci,
  `id_color` int(11) DEFAULT NULL,
  `id_size` int(11) DEFAULT NULL,
  `color` varchar(255) COLLATE utf8_unicode_ci DEFAULT NULL,
  `size` varchar(255) COLLATE utf8_unicode_ci DEFAULT NULL,
  `id_cart` int(11) NOT NULL
) ENGINE=InnoDB AUTO_INCREMENT=33 DEFAULT CHARSET=utf8 COLLATE=utf8_unicode_ci;

--
-- Dumping data for table `cartdetail`
--

INSERT INTO `cartdetail` (`id_cartDetail`, `id_product`, `session_id`, `price_product`, `qyt_product`, `totalprice_product`, `subInfo1`, `id_color`, `id_size`, `color`, `size`, `id_cart`) VALUES
(4, 27, NULL, NULL, NULL, NULL, NULL, NULL, NULL, NULL, NULL, 1),
(6, 27, 'fg4g7m0pb0vnv4dnvp88f7lds7', 760000, 3, 2280000, NULL, 2, 1, 'Cam', 'S', 1),
(8, 27, '507hpkui803q8chnerqdtf3vl2', 760000, 2, 1520000, NULL, 2, 1, 'Cam', 'S', 25),
(9, 27, '507hpkui803q8chnerqdtf3vl2', 760000, 4, 3040000, NULL, 2, 1, 'Cam', 'S', 26),
(10, 42, 'k75ivhcmgk5u9bbi4ajsqeqon7', 205000, 9, 1845000, NULL, 0, 0, '', '', 28),
(11, 42, '334n6joa344tmhngo3r5aqpve3', 205000, 9, 1845000, NULL, 0, 0, '', '', 30),
(12, 42, 'uicgfl7gr3e7ahodo04vpssns6', 205000, 6, 1230000, NULL, 0, 0, '', '', 31),
(13, 43, 'uicgfl7gr3e7ahodo04vpssns6', 450000, 6, 2700000, NULL, 0, 0, '', '', 31),
(14, 42, '9h180s77g41hqt5d8g95mudic6', 205000, 1, 205000, NULL, 0, 0, '', '', 32),
(15, 42, 'jom8ufm7f64s09i4gk10fp1ma2', 205000, 11, 2255000, NULL, 0, 0, '', '', 33),
(16, 43, '20ks5j7ju4vpq91d9699nvile3', 225000, 1, 225000, NULL, 0, 0, '', '', 34),
(17, 42, '20ks5j7ju4vpq91d9699nvile3', 205000, 6, 1230000, NULL, 0, 0, '', '', 34),
(18, 42, 'ljlvfop98o8sevrh6ihtgdn7o6', 205000, 1, 205000, NULL, 0, 0, '', '', 35),
(19, 43, '0m0i103i9mk3s0t8mi1g6gnqd5', 225000, 10, 2250000, NULL, 0, 0, '', '', 36),
(20, 42, 'meesi1d3laemnvqfgu7m1lm9p4', 205000, 10, 2050000, NULL, 0, 0, '', '', 37),
(21, 42, 'r3ktn90f3cn3fv82lob0qfv7l2', 205000, 0, 0, NULL, 0, 0, '', '', 38),
(22, 42, '3j87stb5hl70hfftn49fg9uve2', 205000, 3, 615000, NULL, 0, 0, '', '', 39),
(23, 27, 'vjnoaabl9tui5463ttpol3a745', 760000, 3, 2280000, NULL, 0, 0, '', '', 40),
(24, 28, 'vjnoaabl9tui5463ttpol3a745', 760000, 1, 760000, NULL, 0, 0, '', '', 40),
(25, 27, '36v2v63fsce7tth1ep3mp51uh3', 760000, 1, 760000, NULL, 0, 0, '', '', 41),
(26, 27, '9ed4v2g4sm1v3og223ckgdh650', 760000, 6, 4560000, NULL, 0, 0, '', '', 42),
(27, 55, 's7kfj9rca2ic102k5sgpe4it67', 0, 2, 0, NULL, 0, 0, '', '60x90 cm', 43),
(28, 48, 'uh6mafdedbdh4sqodcd4amspa5', 0, 1, 0, NULL, 0, 0, '', '', 44),
(29, 55, '1phakdlrnq7gn5ln72umgujq63', 119310, 2, 238620, NULL, 0, 0, '', '', 45),
(30, 55, 'hvha0aus88v853l8hh8mv10181', 119310, 3, 357930, NULL, 0, 0, '', '41', 46),
(31, 54, 'hvha0aus88v853l8hh8mv10181', 5000, 2, 10000, NULL, 0, 0, '', '', 46),
(32, 54, 'grpkot0dk1fit76ka5t7rgub51', 5000, 4, 20000, NULL, 0, 0, '', '', 47);

-- --------------------------------------------------------

--
-- Table structure for table `color`
--

CREATE TABLE IF NOT EXISTS `color` (
  `color_id` bigint(20) NOT NULL,
  `color_name` varchar(255) COLLATE utf8_unicode_ci DEFAULT NULL,
  `color_price` double DEFAULT NULL,
  `color_stock` int(11) DEFAULT NULL,
  `color_img` text COLLATE utf8_unicode_ci,
  `product_id` int(11) DEFAULT NULL
) ENGINE=InnoDB DEFAULT CHARSET=utf8 COLLATE=utf8_unicode_ci;

-- --------------------------------------------------------

--
-- Table structure for table `config`
--

CREATE TABLE IF NOT EXISTS `config` (
  `config_id` int(11) NOT NULL,
  `web_name` text COLLATE utf8_unicode_ci,
  `web_meta` text COLLATE utf8_unicode_ci,
  `web_des` text COLLATE utf8_unicode_ci,
  `web_keyword` text COLLATE utf8_unicode_ci,
  `web_logo` text COLLATE utf8_unicode_ci,
  `web_hotline` text COLLATE utf8_unicode_ci,
  `web_phone` text COLLATE utf8_unicode_ci,
  `web_email` text COLLATE utf8_unicode_ci,
  `content_home1` text COLLATE utf8_unicode_ci,
  `content_home2` text COLLATE utf8_unicode_ci,
  `content_home3` text COLLATE utf8_unicode_ci,
  `content_home4` text COLLATE utf8_unicode_ci,
  `content_home5` text COLLATE utf8_unicode_ci,
  `content_home6` text COLLATE utf8_unicode_ci,
  `content_home7` text COLLATE utf8_unicode_ci,
  `content_home8` text COLLATE utf8_unicode_ci,
  `content_home9` text COLLATE utf8_unicode_ci,
  `content_home10` text COLLATE utf8_unicode_ci,
  `slideshow_home` text COLLATE utf8_unicode_ci,
  `link1` text COLLATE utf8_unicode_ci NOT NULL,
  `link2` text COLLATE utf8_unicode_ci NOT NULL,
  `link3` text COLLATE utf8_unicode_ci NOT NULL,
  `banner2` varchar(300) COLLATE utf8_unicode_ci NOT NULL,
  `banner1` varchar(300) COLLATE utf8_unicode_ci NOT NULL,
  `banner3` varchar(300) COLLATE utf8_unicode_ci NOT NULL,
  `icon_web` varchar(300) COLLATE utf8_unicode_ci NOT NULL
) ENGINE=InnoDB AUTO_INCREMENT=2 DEFAULT CHARSET=utf8 COLLATE=utf8_unicode_ci;

--
-- Dumping data for table `config`
--

INSERT INTO `config` (`config_id`, `web_name`, `web_meta`, `web_des`, `web_keyword`, `web_logo`, `web_hotline`, `web_phone`, `web_email`, `content_home1`, `content_home2`, `content_home3`, `content_home4`, `content_home5`, `content_home6`, `content_home7`, `content_home8`, `content_home9`, `content_home10`, `slideshow_home`, `link1`, `link2`, `link3`, `banner2`, `banner1`, `banner3`, `icon_web`) VALUES
(1, 'ĐÔNG Y BỐN PHƯƠNG', '', 'VỀ ĐÔNG Y BỐN PHƯƠNG Sứ mệnh của chúng tôi là tạo ra một môi trường học có thể đem lại ảnh hưởng tích cực, niềm vui, tình yêu và sự phát triển toàn diện cho học sinh. Bên cạnh các kiến thức chuyên môn, học sinh tại American Skills được bồi dưỡng nhân cách, phát triển sự tự tin, kỹ năng sống là bước đệm quan trọng, cần thiết cho sự thành công của các em trong tương lai.', 'Dịch vụ kế toán thuế trọn gói, Dịch vụ kê khai thuế online, Dịch vụ rà soát sổ sách, Dịch vụ hoàn thiện sổ sách, Dịch vụ quyết toán thuế, Dịch vụ Thành lập doanh nghiệp', 'logo-big.png', '', '', '', 'Chung cư Ehome3, Hồ Học Lãm, P.An Lạc, Q.Bình Tân', 'admin@gmail.com', '0966245515', '', '', '1800 6808', '<p>- Trang cộng đồng chai sẻ kinh nghiệp đẩy lùi các bệnh về gan</p>\r\n                                    <p> Các thông tin trêm website dùng để tham thảo, khi áp dụng nên hỏi kiến thư</p>\r\n                                    <p> Các thông tin trêm website dùng để tham thảo, khi áp dụng nên hỏi kiến thư</p>\r\n                                    <p> Các thông tin trêm website dùng để tham thảo, khi áp dụng nên hỏi kiến thư</p>', '<li><a href="">Bệnh vè gan</a></li>\r\n                                        <li><a href="">Tăng men gan</a></li>\r\n                                        <li><a href="">Viên gan Virut</a></li>\r\n                                        <li><a href="">Xơ gan</a></li>\r\n                                        <li><a href="">Các thảo dược về gan</a></li>\r\n                                        <li><a href="">Truyền thông đua tin</a></li>', '', '', '["{\\"image\\":\\"slide01.png\\"}"]', 'avits-smart-readingbrphat-trien-ngon-ngu-tieng-viet-4-10-tuoi', 'avits-mathbrtu-duy-toan-my-ixl-4-14-tuoi', 'avits-mathbrtoan', 'banner2.jpg', 'slide.jpg', 'banner3.jpg', 'logo-big.png');

-- --------------------------------------------------------

--
-- Table structure for table `config_languages`
--

CREATE TABLE IF NOT EXISTS `config_languages` (
  `id` int(11) NOT NULL,
  `config_id` int(11) DEFAULT NULL,
  `languages_code` varchar(255) COLLATE utf8_unicode_ci DEFAULT NULL,
  `lang_web_name` text COLLATE utf8_unicode_ci,
  `lang_web_meta` text COLLATE utf8_unicode_ci,
  `lang_web_des` text COLLATE utf8_unicode_ci,
  `lang_web_keyword` text COLLATE utf8_unicode_ci,
  `lang_web_hotline` text COLLATE utf8_unicode_ci,
  `lang_web_phone` text COLLATE utf8_unicode_ci,
  `lang_web_email` text COLLATE utf8_unicode_ci,
  `lang_content_home1` text COLLATE utf8_unicode_ci,
  `lang_content_home2` text COLLATE utf8_unicode_ci,
  `lang_content_home3` text COLLATE utf8_unicode_ci,
  `lang_content_home4` text COLLATE utf8_unicode_ci,
  `lang_content_home5` text COLLATE utf8_unicode_ci,
  `lang_content_home6` text COLLATE utf8_unicode_ci,
  `lang_content_home7` text COLLATE utf8_unicode_ci,
  `lang_content_home8` text COLLATE utf8_unicode_ci,
  `lang_content_home9` text COLLATE utf8_unicode_ci,
  `lang_content_home10` text COLLATE utf8_unicode_ci,
  `edit_state` int(11) DEFAULT '0',
  `lang_link1` text COLLATE utf8_unicode_ci NOT NULL,
  `lang_link2` text COLLATE utf8_unicode_ci NOT NULL,
  `lang_link3` text COLLATE utf8_unicode_ci NOT NULL
) ENGINE=InnoDB AUTO_INCREMENT=3 DEFAULT CHARSET=utf8 COLLATE=utf8_unicode_ci;

--
-- Dumping data for table `config_languages`
--

INSERT INTO `config_languages` (`id`, `config_id`, `languages_code`, `lang_web_name`, `lang_web_meta`, `lang_web_des`, `lang_web_keyword`, `lang_web_hotline`, `lang_web_phone`, `lang_web_email`, `lang_content_home1`, `lang_content_home2`, `lang_content_home3`, `lang_content_home4`, `lang_content_home5`, `lang_content_home6`, `lang_content_home7`, `lang_content_home8`, `lang_content_home9`, `lang_content_home10`, `edit_state`, `lang_link1`, `lang_link2`, `lang_link3`) VALUES
(1, 1, 'vn', 'ĐÔNG Y BỐN PHƯƠNG', '', 'VỀ ĐÔNG Y BỐN PHƯƠNG Sứ mệnh của chúng tôi là tạo ra một môi trường học có thể đem lại ảnh hưởng tích cực, niềm vui, tình yêu và sự phát triển toàn diện cho học sinh. Bên cạnh các kiến thức chuyên môn, học sinh tại American Skills được bồi dưỡng nhân cách, phát triển sự tự tin, kỹ năng sống là bước đệm quan trọng, cần thiết cho sự thành công của các em trong tương lai.', 'Dịch vụ kế toán thuế trọn gói, Dịch vụ kê khai thuế online, Dịch vụ rà soát sổ sách, Dịch vụ hoàn thiện sổ sách, Dịch vụ quyết toán thuế, Dịch vụ Thành lập doanh nghiệp', '', '', '', 'Chung cư Ehome3, Hồ Học Lãm, P.An Lạc, Q.Bình Tân', 'admin@gmail.com', '0966245515', '', '', '1800 6808', '<p>- Trang cộng đồng chai sẻ kinh nghiệp đẩy lùi các bệnh về gan</p>\r\n                                    <p> Các thông tin trêm website dùng để tham thảo, khi áp dụng nên hỏi kiến thư</p>\r\n                                    <p> Các thông tin trêm website dùng để tham thảo, khi áp dụng nên hỏi kiến thư</p>\r\n                                    <p> Các thông tin trêm website dùng để tham thảo, khi áp dụng nên hỏi kiến thư</p>', '<li><a href="">Bệnh vè gan</a></li>\r\n                                        <li><a href="">Tăng men gan</a></li>\r\n                                        <li><a href="">Viên gan Virut</a></li>\r\n                                        <li><a href="">Xơ gan</a></li>\r\n                                        <li><a href="">Các thảo dược về gan</a></li>\r\n                                        <li><a href="">Truyền thông đua tin</a></li>', '', '', 1, '0', 'avits-mathbrtu-duy-toan-my-ixl-4-14-tuoi', 'avits-mathbrtoan'),
(2, 1, 'en', '', '', '', '', '', '', '', 'WHY CHOOSE US?', 'With the operating experiences of plywood factory from 2012, we have supply Good quality Plywood for Packing and Furniture Industry as well as Construction. We are deserved to become your partner to help you have good materials for your production and your trading in plywood industry all over the world. \r\nWe have our team to control all processes of plywood Production very professionally such as Q&C, R&D, Technical team .Moreover, our market is widespread in many foreign countries like Thailand, Korea, Japan, Malaysia, Indonesia, Myamar, Taiwan and others.\r\nComing to us, you wil have many Priorities in Price, Early Delivery as well as in Quality: Strong Density, No Gap, straight side, smooth face....\r\n', '', 'HISTORY', 'Our factory start to operate in 2012, selling to trading companies to bring cargo to foreign countries. And in 2015, we establish our own company to export to customer directly. \r\nOur plywood is exported to Thailand, Indonesia, Korea, Malaysia, Taiwan and other countries.\r\n', 'MAIN PRODUCTS', 'Plywood, Core Veneer, Film faced plywood, Finger Joint , Sawn timber', 'CLIENTS - PARTNERS', 'TIMBER RELATED STORIES', '', 1, '', '', '');

-- --------------------------------------------------------

--
-- Table structure for table `currency`
--

CREATE TABLE IF NOT EXISTS `currency` (
  `currency_id` int(11) NOT NULL,
  `currency_code` varchar(255) COLLATE utf8_unicode_ci DEFAULT NULL,
  `currency_name` text COLLATE utf8_unicode_ci,
  `currency_exchange_rate` float DEFAULT NULL
) ENGINE=InnoDB DEFAULT CHARSET=utf8 COLLATE=utf8_unicode_ci;

-- --------------------------------------------------------

--
-- Table structure for table `datasheets_file`
--

CREATE TABLE IF NOT EXISTS `datasheets_file` (
  `id` int(11) NOT NULL,
  `name` varchar(600) CHARACTER SET utf8 COLLATE utf8_unicode_ci NOT NULL
) ENGINE=InnoDB AUTO_INCREMENT=2 DEFAULT CHARSET=latin1;

--
-- Dumping data for table `datasheets_file`
--

INSERT INTO `datasheets_file` (`id`, `name`) VALUES
(1, 'tuan.pdf');

-- --------------------------------------------------------

--
-- Table structure for table `dat_mua`
--

CREATE TABLE IF NOT EXISTS `dat_mua` (
  `id` int(11) NOT NULL,
  `name_investors` varchar(200) CHARACTER SET utf8 NOT NULL,
  `professional_field` varchar(225) NOT NULL,
  `work_unit` varchar(225) NOT NULL,
  `phone` varchar(200) CHARACTER SET utf8 NOT NULL,
  `email` varchar(200) NOT NULL,
  `address` varchar(100) NOT NULL,
  `district` varchar(200) CHARACTER SET utf8 NOT NULL,
  `city` varchar(200) CHARACTER SET utf8mb4 COLLATE utf8mb4_unicode_ci NOT NULL,
  `chanel` varchar(200) NOT NULL,
  `aspiration` varchar(200) CHARACTER SET utf8mb4 COLLATE utf8mb4_unicode_ci NOT NULL
) ENGINE=InnoDB AUTO_INCREMENT=5 DEFAULT CHARSET=latin1;

--
-- Dumping data for table `dat_mua`
--

INSERT INTO `dat_mua` (`id`, `name_investors`, `professional_field`, `work_unit`, `phone`, `email`, `address`, `district`, `city`, `chanel`, `aspiration`) VALUES
(2, 'Rèm vải 01', '760', '1', 'tuấn', 'tuan@gmail.com', '0123', 'Hà Nội', '', '', ''),
(3, 'Việt Hưng', 'IT', 'GOLDBRIDGE ', '1672523165', 'viethung95cute@gmail.com', '', 'Thanh Xuân', 'Hà N?i', 'Facebook', 'Không có nguy?n v?ng'),
(4, 'Việt Hưng', 'IT', 'GOLDBRIDGE ', '1672523165', 'viethung95cute@gmail.com', '', 'Thanh Xuân', 'Hà N?i', 'Facebook', 'Không có nguy?n v?ng');

-- --------------------------------------------------------

--
-- Table structure for table `declaration_file`
--

CREATE TABLE IF NOT EXISTS `declaration_file` (
  `id` int(11) NOT NULL,
  `name` varchar(600) CHARACTER SET utf8 COLLATE utf8_unicode_ci NOT NULL
) ENGINE=InnoDB AUTO_INCREMENT=2 DEFAULT CHARSET=latin1;

--
-- Dumping data for table `declaration_file`
--

INSERT INTO `declaration_file` (`id`, `name`) VALUES
(1, 'tuan.pdf');

-- --------------------------------------------------------

--
-- Table structure for table `installation_file`
--

CREATE TABLE IF NOT EXISTS `installation_file` (
  `id` int(11) NOT NULL,
  `name` varchar(600) CHARACTER SET utf8 COLLATE utf8_unicode_ci NOT NULL
) ENGINE=InnoDB AUTO_INCREMENT=2 DEFAULT CHARSET=latin1;

--
-- Dumping data for table `installation_file`
--

INSERT INTO `installation_file` (`id`, `name`) VALUES
(1, 'tuan.pdf');

-- --------------------------------------------------------

--
-- Table structure for table `languages`
--

CREATE TABLE IF NOT EXISTS `languages` (
  `languages_id` int(11) NOT NULL,
  `languages_code` varchar(255) COLLATE utf8_unicode_ci DEFAULT NULL,
  `languages_name` text COLLATE utf8_unicode_ci
) ENGINE=InnoDB AUTO_INCREMENT=3 DEFAULT CHARSET=utf8 COLLATE=utf8_unicode_ci;

--
-- Dumping data for table `languages`
--

INSERT INTO `languages` (`languages_id`, `languages_code`, `languages_name`) VALUES
(1, 'vn', 'Tiếng Việt'),
(2, 'en', 'English');

-- --------------------------------------------------------

--
-- Table structure for table `lien_he`
--

CREATE TABLE IF NOT EXISTS `lien_he` (
  `id` int(11) NOT NULL,
  `name` varchar(200) CHARACTER SET utf8 NOT NULL,
  `email` varchar(200) NOT NULL,
  `phone` varchar(100) NOT NULL,
  `address` varchar(500) CHARACTER SET utf8 NOT NULL,
  `comment` mediumtext CHARACTER SET utf8 NOT NULL,
  `time` timestamp NOT NULL DEFAULT CURRENT_TIMESTAMP ON UPDATE CURRENT_TIMESTAMP
) ENGINE=InnoDB AUTO_INCREMENT=7 DEFAULT CHARSET=latin1;

--
-- Dumping data for table `lien_he`
--

INSERT INTO `lien_he` (`id`, `name`, `email`, `phone`, `address`, `comment`, `time`) VALUES
(1, 'tuấn', 'tuan@gmail.com', '0245', 'Hà Nội', 'ok', '2017-11-29 12:51:52'),
(2, 'Hang Pham Thuy', 'ngockhanh260614@gmail.com', '973378669', 'Thanh Xuân, Thanh Xuân', 'xfghfghfgh', '2017-12-03 04:06:32'),
(3, 'ewrerwer', 'viethung95cute@gmail.com', '01672545654', 'hà nội', '', '2018-04-05 06:24:46'),
(4, 'tuấn', 'tuan@gmail.com', '0123', '', '13-7', '2018-07-13 11:24:19'),
(5, 'Trương Quang Tuấn', 'tuan@gmail.com', '987654321', '', '13-11', '2018-11-13 01:36:05'),
(6, 'Trương Quang Tuấn', 'tuan@gmail.com', '0987654321', '', '15-12', '2018-12-15 10:06:40');

-- --------------------------------------------------------

--
-- Table structure for table `listings_certifications_file`
--

CREATE TABLE IF NOT EXISTS `listings_certifications_file` (
  `id` int(11) NOT NULL,
  `name` varchar(600) CHARACTER SET utf8 COLLATE utf8_unicode_ci NOT NULL
) ENGINE=InnoDB AUTO_INCREMENT=2 DEFAULT CHARSET=latin1;

--
-- Dumping data for table `listings_certifications_file`
--

INSERT INTO `listings_certifications_file` (`id`, `name`) VALUES
(1, 'tuan.pdf');

-- --------------------------------------------------------

--
-- Table structure for table `menu`
--

CREATE TABLE IF NOT EXISTS `menu` (
  `menu_id` int(11) NOT NULL,
  `menu_name` text COLLATE utf8_unicode_ci,
  `menu_sort_order` int(11) DEFAULT '0',
  `menu_type_id` int(11) DEFAULT NULL,
  `menu_url` text COLLATE utf8_unicode_ci,
  `productcat_id` int(11) DEFAULT NULL,
  `newscat_id` int(11) DEFAULT NULL,
  `product_id` int(11) DEFAULT NULL,
  `page_id` int(11) DEFAULT NULL,
  `news_id` int(11) DEFAULT NULL,
  `state` int(11) DEFAULT NULL,
  `menu_parent` int(11) NOT NULL DEFAULT '0',
  `servicecat_id` int(11) DEFAULT NULL,
  `service_id` int(11) DEFAULT NULL,
  `state_menuHeader` int(11) DEFAULT NULL
) ENGINE=InnoDB AUTO_INCREMENT=174 DEFAULT CHARSET=utf8 COLLATE=utf8_unicode_ci;

--
-- Dumping data for table `menu`
--

INSERT INTO `menu` (`menu_id`, `menu_name`, `menu_sort_order`, `menu_type_id`, `menu_url`, `productcat_id`, `newscat_id`, `product_id`, `page_id`, `news_id`, `state`, `menu_parent`, `servicecat_id`, `service_id`, `state_menuHeader`) VALUES
(114, 'Trang chủ', 0, 1, '', 0, 0, 0, 0, 0, 1, 0, 0, 0, NULL),
(147, 'Bài thuốc Hay', 3, 5, '', 0, 75, 0, 0, 0, 1, 0, 0, 0, NULL),
(151, 'Vị thuốc quý', 3, 5, '', 0, 74, 0, 0, 0, 1, 0, 0, 0, NULL),
(152, 'Bệnh tai mũi họng', 0, 5, '', 0, 81, 0, 0, 0, 1, 155, 0, 0, NULL),
(153, 'Liên hệ', 5, 9, '', 0, 0, 0, 0, 0, 1, 0, 0, 0, NULL),
(155, 'Chuên khoa', 2, 5, '', 0, 76, 0, 0, 0, 1, 0, 0, 0, NULL),
(164, 'Tin tức khẻo', 4, 5, '', 0, 59, 0, 0, 0, 1, 0, 0, 0, NULL),
(165, 'Bệnh tiêu hóa', 0, 5, '', 0, 80, 0, 0, 0, 1, 155, 0, 0, NULL),
(166, 'Bệnh thận tiết niệu', 0, 5, '', 0, 79, 0, 0, 0, 1, 155, 0, 0, NULL),
(167, 'Bệnh xương khớp', 0, 5, '', 0, 78, 0, 0, 0, 1, 155, 0, 0, NULL),
(168, 'Bệnh viêm gan', 0, 5, '', 0, 77, 0, 0, 0, 1, 155, 0, 0, NULL),
(169, 'Bệnh viêm xoang', 0, 5, '', 0, 86, 0, 0, 0, 1, 152, 0, 0, NULL),
(170, 'Viêm Amidan', 0, 5, '', 0, 85, 0, 0, 0, 1, 152, 0, 0, NULL),
(171, 'Viêm họng', 0, 5, '', 0, 84, 0, 0, 0, 1, 152, 0, 0, NULL),
(172, 'Dạ dày', 0, 5, '', 0, 83, 0, 0, 0, 1, 165, 0, 0, NULL),
(173, 'Viêm gan B', 0, 5, '', 0, 82, 0, 0, 0, 1, 168, 0, 0, NULL);

-- --------------------------------------------------------

--
-- Table structure for table `menu_languages`
--

CREATE TABLE IF NOT EXISTS `menu_languages` (
  `id` bigint(20) NOT NULL,
  `languages_code` varchar(255) COLLATE utf8_unicode_ci NOT NULL,
  `lang_menu_name` text COLLATE utf8_unicode_ci,
  `edit_state` int(11) NOT NULL DEFAULT '0',
  `urlFriendly_menu` varchar(255) COLLATE utf8_unicode_ci DEFAULT NULL,
  `menu_id` int(11) DEFAULT NULL
) ENGINE=InnoDB AUTO_INCREMENT=325 DEFAULT CHARSET=utf8 COLLATE=utf8_unicode_ci;

--
-- Dumping data for table `menu_languages`
--

INSERT INTO `menu_languages` (`id`, `languages_code`, `lang_menu_name`, `edit_state`, `urlFriendly_menu`, `menu_id`) VALUES
(205, 'vn', 'Trang chủ', 1, '', 114),
(206, 'en', 'Trang chủ - vn', 1, '', 114),
(271, 'vn', 'Bài thuốc Hay', 0, '', 147),
(272, 'en', 'Bài thuốc Hay', 0, '', 147),
(279, 'vn', 'Vị thuốc quý', 0, '', 151),
(280, 'en', 'Lịch khám', 0, 'lich-kham', 151),
(281, 'vn', 'Bệnh tai mũi họng', 0, '', 152),
(282, 'en', 'Bệnh tai mũi họng', 0, '', 152),
(283, 'vn', 'Liên hệ', 0, '', 153),
(284, 'en', 'Liên hệ', 0, '', 153),
(287, 'vn', 'Chuên khoa', 0, '', 155),
(288, 'en', 'Chuên khoa', 0, '', 155),
(305, 'vn', 'Tin tức khẻo', 0, '', 164),
(306, 'en', 'Tin tức khẻo', 0, '', 164),
(307, 'vn', 'Bệnh tiêu hóa', 0, '', 165),
(308, 'en', 'Bệnh tiêu hóa', 0, '', 165),
(309, 'vn', 'Bệnh thận tiết niệu', 0, '', 166),
(310, 'en', 'Bệnh thận tiết niệu', 0, '', 166),
(311, 'vn', 'Bệnh xương khớp', 0, '', 167),
(312, 'en', 'SALE OFF', 0, 'sale', 167),
(313, 'vn', 'Bệnh viêm gan', 0, '', 168),
(314, 'en', 'Bệnh viêm gan', 0, '', 168),
(315, 'vn', 'Bệnh viêm xoang', 0, '', 169),
(316, 'en', 'Bệnh viêm xoang', 0, '', 169),
(317, 'vn', 'Viêm Amidan', 0, '', 170),
(318, 'en', 'Viêm Amidan', 0, '', 170),
(319, 'vn', 'Viêm họng', 0, '', 171),
(320, 'en', 'Viêm họng', 0, '', 171),
(321, 'vn', 'Dạ dày', 0, '', 172),
(322, 'en', 'Dạ dày', 0, '', 172),
(323, 'vn', 'Viêm gan B', 0, '', 173),
(324, 'en', 'Viêm gan B', 0, '', 173);

-- --------------------------------------------------------

--
-- Table structure for table `menu_type`
--

CREATE TABLE IF NOT EXISTS `menu_type` (
  `menu_type_id` int(11) NOT NULL,
  `menu_type_name` varchar(255) COLLATE utf8_unicode_ci DEFAULT NULL,
  `first_url` varchar(255) COLLATE utf8_unicode_ci DEFAULT NULL
) ENGINE=InnoDB AUTO_INCREMENT=16 DEFAULT CHARSET=utf8 COLLATE=utf8_unicode_ci;

--
-- Dumping data for table `menu_type`
--

INSERT INTO `menu_type` (`menu_type_id`, `menu_type_name`, `first_url`) VALUES
(1, 'Trang chủ', ''),
(2, 'Tất cả sản phẩm', 'san-pham'),
(3, 'Danh mục sản phẩm', NULL),
(4, 'Sản phẩm cụ thể', NULL),
(5, 'Danh mục tin tức', NULL),
(6, 'Tất cả bài tin tức', ''),
(7, 'Bài viết tin tức', NULL),
(8, 'Địa chỉ web', NULL),
(9, 'Liên hệ', NULL),
(10, 'Tất cả dịch vụ', NULL),
(11, 'Bài viết dịch vụ', NULL),
(12, 'Danh mục dịch vụ', NULL),
(13, 'Page', NULL),
(14, 'Đăng ký', NULL),
(15, 'Đăng nhập', NULL);

-- --------------------------------------------------------

--
-- Table structure for table `menu_type_languages`
--

CREATE TABLE IF NOT EXISTS `menu_type_languages` (
  `id` int(11) NOT NULL,
  `languages_code` varchar(255) COLLATE utf8_unicode_ci DEFAULT NULL,
  `menu_type_id` int(11) DEFAULT NULL,
  `menu_type_name` varchar(255) COLLATE utf8_unicode_ci DEFAULT NULL,
  `friendly_url` varchar(255) COLLATE utf8_unicode_ci DEFAULT NULL
) ENGINE=InnoDB AUTO_INCREMENT=31 DEFAULT CHARSET=utf8 COLLATE=utf8_unicode_ci;

--
-- Dumping data for table `menu_type_languages`
--

INSERT INTO `menu_type_languages` (`id`, `languages_code`, `menu_type_id`, `menu_type_name`, `friendly_url`) VALUES
(1, 'vn', 1, 'Trang chủ', ''),
(2, 'en', 1, 'Home', ''),
(3, 'vn', 2, 'Tất cả sản phẩm', 'san-pham'),
(4, 'en', 2, 'All products', 'products'),
(5, 'vn', 3, 'Danh mục sản phẩm', ''),
(6, 'en', 3, 'Catalog product', ''),
(7, 'vn', 4, 'Sản phẩm cụ thể', ''),
(8, 'en', 4, 'Product detail', ''),
(9, 'vn', 5, 'Danh mục tin tức', ''),
(10, 'en', 5, 'Catalog news', ''),
(11, 'vn', 6, 'Tất cả bài tin tức', 'tin-tuc'),
(12, 'en', 6, 'All News', 'news'),
(13, 'vn', 7, 'Bài viết tin tức', ''),
(14, 'en', 7, 'News detail', ''),
(15, 'vn', 8, 'Địa chỉ website', ''),
(16, 'en', 8, 'Website Address', ''),
(17, 'vn', 9, 'Liên hệ', 'lien-he'),
(18, 'en', 9, 'Contact', 'contact'),
(19, 'vn', 10, 'Tất cả dịch vụ', 'dich-vu'),
(20, 'en', 10, 'All Services', 'services'),
(21, 'vn', 11, 'Bài viết dịch vụ', ''),
(22, 'en', 11, 'Service detail', ''),
(23, 'vn', 12, 'Danh mục dịch vụ', ''),
(24, 'en', 12, 'Catalog service', ''),
(25, 'vn', 13, 'Trang nội dung', ''),
(26, 'en', 13, 'Page', ''),
(27, 'vn', 14, 'Đăng ký', 'dang-ky'),
(28, 'en', 14, 'Sign in', 'sign-in'),
(29, 'vn', 15, 'Đăng nhập', 'dang-nhap'),
(30, 'en', 15, 'Log in', 'log-in');

-- --------------------------------------------------------

--
-- Table structure for table `news`
--

CREATE TABLE IF NOT EXISTS `news` (
  `news_id` int(11) NOT NULL,
  `news_name` text COLLATE utf8_unicode_ci,
  `news_des` text COLLATE utf8_unicode_ci,
  `news_content` text COLLATE utf8_unicode_ci,
  `news_img` text COLLATE utf8_unicode_ci,
  `news_views` int(11) DEFAULT NULL,
  `newscat_id` int(11) DEFAULT NULL,
  `news_author` text COLLATE utf8_unicode_ci,
  `news_created_date` datetime DEFAULT NULL,
  `news_update_date` datetime DEFAULT NULL,
  `state` int(11) NOT NULL DEFAULT '0',
  `news_sub_info1` text COLLATE utf8_unicode_ci,
  `news_sub_info2` text COLLATE utf8_unicode_ci,
  `news_sub_info3` text COLLATE utf8_unicode_ci,
  `news_sub_info4` text COLLATE utf8_unicode_ci,
  `news_sub_info5` text COLLATE utf8_unicode_ci,
  `title_seo` text COLLATE utf8_unicode_ci,
  `des_seo` text COLLATE utf8_unicode_ci,
  `friendly_url` text COLLATE utf8_unicode_ci,
  `keyword` text COLLATE utf8_unicode_ci,
  `created_id` int(11) DEFAULT NULL
) ENGINE=InnoDB AUTO_INCREMENT=132 DEFAULT CHARSET=utf8 COLLATE=utf8_unicode_ci;

--
-- Dumping data for table `news`
--

INSERT INTO `news` (`news_id`, `news_name`, `news_des`, `news_content`, `news_img`, `news_views`, `newscat_id`, `news_author`, `news_created_date`, `news_update_date`, `state`, `news_sub_info1`, `news_sub_info2`, `news_sub_info3`, `news_sub_info4`, `news_sub_info5`, `title_seo`, `des_seo`, `friendly_url`, `keyword`, `created_id`) VALUES
(106, 'Richard McClintock', 'Lorem Ipsum is simply dummy text of the printing and typesetting industry. Lorem Ipsum has been the industry''s standard dummy text ever since the 1500s', '<p style="margin-left:0cm; margin-right:0cm">It is a long established fact that a reader will be distracted by the readable content of a page when looking at its layout. The point of using Lorem Ipsum is that it has a more-or-less normal distribution of letters, as opposed to using &#39;Content here, content here&#39;, making it look like readable English. Many desktop publishing packages and web page editors now use Lorem Ipsum as their default model text, and a search for &#39;lorem ipsum&#39; will uncover many web sites still in their infancy. Various versions have evolved over the years, sometimes by accident, sometimes on purpose (injected humour and the like).</p>\r\n', 'image-1-770x550.jpg', 0, 59, '', '2018-04-02 13:04:52', '2018-11-14 15:11:46', 1, '', '', '', '', '', 'Richard McClintock', '', 'richard-mcclintock', '', 1),
(107, 'making it over', 'Lorem Ipsum is simply dummy text of the printing and typesetting industry. Lorem Ipsum has been the industry''s standard dummy text ever since the 1500s', '<p>It is a long established fact that a reader will be distracted by the readable content of a page when looking at its layout. The point of using Lorem Ipsum is that it has a more-or-less normal distribution of letters, as opposed to using &#39;Content here, content here&#39;, making it look like readable English. Many desktop publishing packages and web page editors now use Lorem Ipsum as their default model text, and a search for &#39;lorem ipsum&#39; will uncover many web sites still in their infancy. Various versions have evolved over the years, sometimes by accident, sometimes on purpose (injected humour and the like).</p>\r\n', 'image-7-770x550.jpg', 0, 59, '', '2018-04-02 13:04:07', '2018-11-14 15:11:28', 1, '', '', '', '', '', 'making it over', '', 'making-it-over', '', 1),
(108, 'classical Latin literature', 'Lorem Ipsum is simply dummy text of the printing and typesetting industry. Lorem Ipsum has been the industry''s standard dummy text ever since the 1500s', '<p>It is a long established fact that a reader will be distracted by the readable content of a page when looking at its layout. The point of using Lorem Ipsum is that it has a more-or-less normal distribution of letters, as opposed to using &#39;Content here, content here&#39;, making it look like readable English. Many desktop publishing packages and web page editors now use Lorem Ipsum as their default model text, and a search for &#39;lorem ipsum&#39; will uncover many web sites still in their infancy. Various versions have evolved over the years, sometimes by accident, sometimes on purpose (injected humour and the like).</p>\r\n', 'image-6-770x550.jpg', 0, 59, '', '2018-04-02 13:04:18', '2018-11-14 15:11:07', 1, '', '', '', '', '', 'classical Latin literature', '', 'classical-latin-literature', '', 1),
(109, 'Lisp Intensive Treatment', 'Lorem Ipsum is simply dummy text of the printing and typesetting industry. Lorem Ipsum has been the industry''s standard dummy text ever since the 1500s', '<p>It is a long established fact that a reader will be distracted by the readable content of a page when looking at its layout. The point of using Lorem Ipsum is that it has a more-or-less normal distribution of letters, as opposed to using &#39;Content here, content here&#39;, making it look like readable English. Many desktop publishing packages and web page editors now use Lorem Ipsum as their default model text, and a search for &#39;lorem ipsum&#39; will uncover many web sites still in their infancy. Various versions have evolved over the years, sometimes by accident, sometimes on purpose (injected humour and the like).</p>\r\n', 'image-4-770x550.jpg', 0, 59, '', '2018-04-05 11:04:35', '2018-11-14 14:11:24', 1, '', '', '', '', '', 'Lisp Intensive Treatment', '', 'lisp-intensive-treatment', '', 1),
(110, 'It has roots in a piece', 'Lorem Ipsum is simply dummy text of the printing and typesetting industry. Lorem Ipsum has been the industry''s standard dummy text ever since the 1500s', '<p>It is a long established fact that a reader will be distracted by the readable content of a page when looking at its layout. The point of using Lorem Ipsum is that it has a more-or-less normal distribution of letters, as opposed to using &#39;Content here, content here&#39;, making it look like readable English. Many desktop publishing packages and web page editors now use Lorem Ipsum as their default model text, and a search for &#39;lorem ipsum&#39; will uncover many web sites still in their infancy. Various versions have evolved over the years, sometimes by accident, sometimes on purpose (injected humour and the like).</p>\r\n', 'image-3-770x550.jpg', 0, 74, '', '2018-04-05 11:04:16', '2018-11-14 14:11:04', 1, '', '', '', '', '', 'It has roots in a piece', '', 'it-has-roots-in-a-piece', '', 1),
(111, ' simply random text', 'Lorem Ipsum is simply dummy text of the printing and typesetting industry. Lorem Ipsum has been the industry''s standard dummy text ever since the 1500s', '<p>It is a long established fact that a reader will be distracted by the readable content of a page when looking at its layout. The point of using Lorem Ipsum is that it has a more-or-less normal distribution of letters, as opposed to using &#39;Content here, content here&#39;, making it look like readable English. Many desktop publishing packages and web page editors now use Lorem Ipsum as their default model text, and a search for &#39;lorem ipsum&#39; will uncover many web sites still in their infancy. Various versions have evolved over the years, sometimes by accident, sometimes on purpose (injected humour and the like).</p>\r\n', 'image-2-770x550.jpg', 0, 74, '', '2018-04-21 15:04:58', '2018-11-14 14:11:46', 1, '', '', '', '', '', ' simply random text', '', 'simply-random-text', '', 1),
(112, 'Contrary to popular belief', 'Lorem Ipsum is simply dummy text of the printing and typesetting industry. Lorem Ipsum has been the industry''s standard dummy text ever since the 1500s', '<p>It is a long established fact that a reader will be distracted by the readable content of a page when looking at its layout. The point of using Lorem Ipsum is that it has a more-or-less normal distribution of letters, as opposed to using &#39;Content here, content here&#39;, making it look like readable English. Many desktop publishing packages and web page editors now use Lorem Ipsum as their default model text, and a search for &#39;lorem ipsum&#39; will uncover many web sites still in their infancy. Various versions have evolved over the years, sometimes by accident, sometimes on purpose (injected humour and the like).</p>\r\n', 'image-1-770x550.jpg', 0, 74, '', '2018-04-21 16:04:44', '2018-11-14 14:11:09', 1, '', '', '', '', '', 'Contrary to popular belief', '', 'contrary-to-popular-belief', '', 1),
(113, 'At vero eos et', 'Lorem Ipsum is simply dummy text of the printing and typesetting industry. Lorem Ipsum has been the industry''s standard dummy text ever since the 1500s', '<p>It is a long established fact that a reader will be distracted by the readable content of a page when looking at its layout. The point of using Lorem Ipsum is that it has a more-or-less normal distribution of letters, as opposed to using &#39;Content here, content here&#39;, making it look like readable English. Many desktop publishing packages and web page editors now use Lorem Ipsum as their default model text, and a search for &#39;lorem ipsum&#39; will uncover many web sites still in their infancy. Various versions have evolved over the years, sometimes by accident, sometimes on purpose (injected humour and the like).</p>\r\n', 'image-1-770x550.jpg', 0, 75, '', '2018-12-15 15:12:08', NULL, 1, '', '', '', '', '', 'At vero eos et', '', 'at-vero-eos-et', '', 1),
(114, 'accusamus et iusto', 'Lorem Ipsum is simply dummy text of the printing and typesetting industry. Lorem Ipsum has been the industry''s standard dummy text ever since the 1500s', '<p>It is a long established fact that a reader will be distracted by the readable content of a page when looking at its layout. The point of using Lorem Ipsum is that it has a more-or-less normal distribution of letters, as opposed to using &#39;Content here, content here&#39;, making it look like readable English. Many desktop publishing packages and web page editors now use Lorem Ipsum as their default model text, and a search for &#39;lorem ipsum&#39; will uncover many web sites still in their infancy. Various versions have evolved over the years, sometimes by accident, sometimes on purpose (injected humour and the like).</p>\r\n', 'image-2-770x550.jpg', 0, 75, '', '2018-12-15 15:12:19', NULL, 1, '', '', '', '', '', 'accusamus et iusto', '', 'accusamus-et-iusto', '', 1),
(115, 'odio dignissimos ducimus', 'Lorem Ipsum is simply dummy text of the printing and typesetting industry. Lorem Ipsum has been the industry''s standard dummy text ever since the 1500s', '<p>It is a long established fact that a reader will be distracted by the readable content of a page when looking at its layout. The point of using Lorem Ipsum is that it has a more-or-less normal distribution of letters, as opposed to using &#39;Content here, content here&#39;, making it look like readable English. Many desktop publishing packages and web page editors now use Lorem Ipsum as their default model text, and a search for &#39;lorem ipsum&#39; will uncover many web sites still in their infancy. Various versions have evolved over the years, sometimes by accident, sometimes on purpose (injected humour and the like).</p>\r\n', 'image-3-770x550.jpg', 0, 75, '', '2018-12-15 15:12:48', NULL, 1, '', '', '', '', '', 'odio dignissimos ducimus', '', 'odio-dignissimos-ducimus', '', 1),
(116, 'qui blanditiis praesentium', 'Lorem Ipsum is simply dummy text of the printing and typesetting industry. Lorem Ipsum has been the industry''s standard dummy text ever since the 1500s', '<p>It is a long established fact that a reader will be distracted by the readable content of a page when looking at its layout. The point of using Lorem Ipsum is that it has a more-or-less normal distribution of letters, as opposed to using &#39;Content here, content here&#39;, making it look like readable English. Many desktop publishing packages and web page editors now use Lorem Ipsum as their default model text, and a search for &#39;lorem ipsum&#39; will uncover many web sites still in their infancy. Various versions have evolved over the years, sometimes by accident, sometimes on purpose (injected humour and the like).</p>\r\n', 'image-4-770x550.jpg', 0, 75, '', '2018-12-15 16:12:16', NULL, 1, '', '', '', '', '', 'qui blanditiis praesentium', '', 'qui-blanditiis-praesentium', '', 1),
(117, ' voluptatum deleniti atque', 'Lorem Ipsum is simply dummy text of the printing and typesetting industry. Lorem Ipsum has been the industry''s standard dummy text ever since the 1500s', '<p>It is a long established fact that a reader will be distracted by the readable content of a page when looking at its layout. The point of using Lorem Ipsum is that it has a more-or-less normal distribution of letters, as opposed to using &#39;Content here, content here&#39;, making it look like readable English. Many desktop publishing packages and web page editors now use Lorem Ipsum as their default model text, and a search for &#39;lorem ipsum&#39; will uncover many web sites still in their infancy. Various versions have evolved over the years, sometimes by accident, sometimes on purpose (injected humour and the like).</p>\r\n', 'image-6-770x550.jpg', 0, 75, '', '2018-12-15 16:12:44', NULL, 1, '', '', '', '', '', ' voluptatum deleniti atque', '', 'voluptatum-deleniti-atque', '', 1),
(118, 'corrupti quos dolores ', 'Lorem Ipsum is simply dummy text of the printing and typesetting industry. Lorem Ipsum has been the industry''s standard dummy text ever since the 1500s', '<p>It is a long established fact that a reader will be distracted by the readable content of a page when looking at its layout. The point of using Lorem Ipsum is that it has a more-or-less normal distribution of letters, as opposed to using &#39;Content here, content here&#39;, making it look like readable English. Many desktop publishing packages and web page editors now use Lorem Ipsum as their default model text, and a search for &#39;lorem ipsum&#39; will uncover many web sites still in their infancy. Various versions have evolved over the years, sometimes by accident, sometimes on purpose (injected humour and the like).</p>\r\n', 'image-7-770x550.jpg', 0, 75, '', '2018-12-15 16:12:14', NULL, 1, '', '', '', '', '', 'corrupti quos dolores ', '', 'corrupti-quos-dolores', '', 1),
(119, 'et quas molestias', 'Lorem Ipsum is simply dummy text of the printing and typesetting industry. Lorem Ipsum has been the industry''s standard dummy text ever since the 1500s', '<p>It is a long established fact that a reader will be distracted by the readable content of a page when looking at its layout. The point of using Lorem Ipsum is that it has a more-or-less normal distribution of letters, as opposed to using &#39;Content here, content here&#39;, making it look like readable English. Many desktop publishing packages and web page editors now use Lorem Ipsum as their default model text, and a search for &#39;lorem ipsum&#39; will uncover many web sites still in their infancy. Various versions have evolved over the years, sometimes by accident, sometimes on purpose (injected humour and the like).</p>\r\n', 'image-4-770x550.jpg', 0, 74, '', '2018-12-15 16:12:39', NULL, 1, '', '', '', '', '', 'et quas molestias', '', 'et-quas-molestias', '', 1),
(120, 'excepturi sint occaecati', 'Lorem Ipsum is simply dummy text of the printing and typesetting industry. Lorem Ipsum has been the industry''s standard dummy text ever since the 1500s', '<p>It is a long established fact that a reader will be distracted by the readable content of a page when looking at its layout. The point of using Lorem Ipsum is that it has a more-or-less normal distribution of letters, as opposed to using &#39;Content here, content here&#39;, making it look like readable English. Many desktop publishing packages and web page editors now use Lorem Ipsum as their default model text, and a search for &#39;lorem ipsum&#39; will uncover many web sites still in their infancy. Various versions have evolved over the years, sometimes by accident, sometimes on purpose (injected humour and the like).</p>\r\n', 'image-1-770x550.jpg', 0, 78, '', '2018-12-15 16:12:54', NULL, 1, '', '', '', '', '', 'excepturi sint occaecati', '', 'excepturi-sint-occaecati', '', 1),
(121, 'cupiditate non provident', 'Lorem Ipsum is simply dummy text of the printing and typesetting industry. Lorem Ipsum has been the industry''s standard dummy text ever since the 1500s', '<p>It is a long established fact that a reader will be distracted by the readable content of a page when looking at its layout. The point of using Lorem Ipsum is that it has a more-or-less normal distribution of letters, as opposed to using &#39;Content here, content here&#39;, making it look like readable English. Many desktop publishing packages and web page editors now use Lorem Ipsum as their default model text, and a search for &#39;lorem ipsum&#39; will uncover many web sites still in their infancy. Various versions have evolved over the years, sometimes by accident, sometimes on purpose (injected humour and the like).</p>\r\n', 'image-2-770x550.jpg', 0, 78, '', '2018-12-15 16:12:31', NULL, 1, '', '', '', '', '', 'cupiditate non provident', '', 'cupiditate-non-provident', '', 1),
(122, 'similique sunt in', 'Lorem Ipsum is simply dummy text of the printing and typesetting industry. Lorem Ipsum has been the industry''s standard dummy text ever since the 1500s', '<p>It is a long established fact that a reader will be distracted by the readable content of a page when looking at its layout. The point of using Lorem Ipsum is that it has a more-or-less normal distribution of letters, as opposed to using &#39;Content here, content here&#39;, making it look like readable English. Many desktop publishing packages and web page editors now use Lorem Ipsum as their default model text, and a search for &#39;lorem ipsum&#39; will uncover many web sites still in their infancy. Various versions have evolved over the years, sometimes by accident, sometimes on purpose (injected humour and the like).</p>\r\n', 'image-3-770x550.jpg', 0, 78, '', '2018-12-15 16:12:59', NULL, 1, '', '', '', '', '', 'similique sunt in', '', 'similique-sunt-in', '', 1),
(123, 'culpa qui officia', 'Lorem Ipsum is simply dummy text of the printing and typesetting industry. Lorem Ipsum has been the industry''s standard dummy text ever since the 1500s', '<p>It is a long established fact that a reader will be distracted by the readable content of a page when looking at its layout. The point of using Lorem Ipsum is that it has a more-or-less normal distribution of letters, as opposed to using &#39;Content here, content here&#39;, making it look like readable English. Many desktop publishing packages and web page editors now use Lorem Ipsum as their default model text, and a search for &#39;lorem ipsum&#39; will uncover many web sites still in their infancy. Various versions have evolved over the years, sometimes by accident, sometimes on purpose (injected humour and the like).</p>\r\n', 'image-4-770x550.jpg', 0, 78, '', '2018-12-15 16:12:32', NULL, 1, '', '', '', '', '', 'culpa qui officia', '', 'culpa-qui-officia', '', 1),
(124, 'deserunt mollitia animi', 'Lorem Ipsum is simply dummy text of the printing and typesetting industry. Lorem Ipsum has been the industry''s standard dummy text ever since the 1500s', '<p>It is a long established fact that a reader will be distracted by the readable content of a page when looking at its layout. The point of using Lorem Ipsum is that it has a more-or-less normal distribution of letters, as opposed to using &#39;Content here, content here&#39;, making it look like readable English. Many desktop publishing packages and web page editors now use Lorem Ipsum as their default model text, and a search for &#39;lorem ipsum&#39; will uncover many web sites still in their infancy. Various versions have evolved over the years, sometimes by accident, sometimes on purpose (injected humour and the like).</p>\r\n', 'image-6-770x550.jpg', 0, 78, '', '2018-12-15 16:12:47', NULL, 1, '', '', '', '', '', 'deserunt mollitia animi', '', 'deserunt-mollitia-animi', '', 1),
(125, 'id est laborum', 'Lorem Ipsum is simply dummy text of the printing and typesetting industry. Lorem Ipsum has been the industry''s standard dummy text ever since the 1500s', '<p>It is a long established fact that a reader will be distracted by the readable content of a page when looking at its layout. The point of using Lorem Ipsum is that it has a more-or-less normal distribution of letters, as opposed to using &#39;Content here, content here&#39;, making it look like readable English. Many desktop publishing packages and web page editors now use Lorem Ipsum as their default model text, and a search for &#39;lorem ipsum&#39; will uncover many web sites still in their infancy. Various versions have evolved over the years, sometimes by accident, sometimes on purpose (injected humour and the like).</p>\r\n', 'image-7-770x550.jpg', 0, 78, '', '2018-12-15 16:12:17', NULL, 1, '', '', '', '', '', 'id est laborum', '', 'id-est-laborum', '', 1),
(126, 'et dolorum fuga', 'Lorem Ipsum is simply dummy text of the printing and typesetting industry. Lorem Ipsum has been the industry''s standard dummy text ever since the 1500s', '<p>It is a long established fact that a reader will be distracted by the readable content of a page when looking at its layout. The point of using Lorem Ipsum is that it has a more-or-less normal distribution of letters, as opposed to using &#39;Content here, content here&#39;, making it look like readable English. Many desktop publishing packages and web page editors now use Lorem Ipsum as their default model text, and a search for &#39;lorem ipsum&#39; will uncover many web sites still in their infancy. Various versions have evolved over the years, sometimes by accident, sometimes on purpose (injected humour and the like).</p>\r\n', 'image-1-770x550.jpg', 0, 79, '', '2018-12-15 16:12:08', NULL, 1, '', '', '', '', '', 'et dolorum fuga', '', 'et-dolorum-fuga', '', 1),
(127, 'Et harum quidem', 'Lorem Ipsum is simply dummy text of the printing and typesetting industry. Lorem Ipsum has been the industry''s standard dummy text ever since the 1500s', '<p>It is a long established fact that a reader will be distracted by the readable content of a page when looking at its layout. The point of using Lorem Ipsum is that it has a more-or-less normal distribution of letters, as opposed to using &#39;Content here, content here&#39;, making it look like readable English. Many desktop publishing packages and web page editors now use Lorem Ipsum as their default model text, and a search for &#39;lorem ipsum&#39; will uncover many web sites still in their infancy. Various versions have evolved over the years, sometimes by accident, sometimes on purpose (injected humour and the like).</p>\r\n', 'image-2-770x550.jpg', 0, 79, '', '2018-12-15 16:12:48', NULL, 1, '', '', '', '', '', 'Et harum quidem', '', 'et-harum-quidem', '', 1),
(128, 'rerum facilis est', 'Lorem Ipsum is simply dummy text of the printing and typesetting industry. Lorem Ipsum has been the industry''s standard dummy text ever since the 1500s', '<p>It is a long established fact that a reader will be distracted by the readable content of a page when looking at its layout. The point of using Lorem Ipsum is that it has a more-or-less normal distribution of letters, as opposed to using &#39;Content here, content here&#39;, making it look like readable English. Many desktop publishing packages and web page editors now use Lorem Ipsum as their default model text, and a search for &#39;lorem ipsum&#39; will uncover many web sites still in their infancy. Various versions have evolved over the years, sometimes by accident, sometimes on purpose (injected humour and the like).</p>\r\n', 'image-3-770x550.jpg', 0, 80, '', '2018-12-15 16:12:32', NULL, 1, '', '', '', '', '', 'rerum facilis est', '', 'rerum-facilis-est', '', 1),
(129, 'et expedita distinctio', 'Lorem Ipsum is simply dummy text of the printing and typesetting industry. Lorem Ipsum has been the industry''s standard dummy text ever since the 1500s', '<p>It is a long established fact that a reader will be distracted by the readable content of a page when looking at its layout. The point of using Lorem Ipsum is that it has a more-or-less normal distribution of letters, as opposed to using &#39;Content here, content here&#39;, making it look like readable English. Many desktop publishing packages and web page editors now use Lorem Ipsum as their default model text, and a search for &#39;lorem ipsum&#39; will uncover many web sites still in their infancy. Various versions have evolved over the years, sometimes by accident, sometimes on purpose (injected humour and the like).</p>\r\n', 'image-4-770x550.jpg', 0, 80, '', '2018-12-15 16:12:05', NULL, 1, '', '', '', '', '', 'et expedita distinctio', '', 'et-expedita-distinctio', '', 1),
(130, 'Nam libero tempore', 'Lorem Ipsum is simply dummy text of the printing and typesetting industry. Lorem Ipsum has been the industry''s standard dummy text ever since the 1500s', '<p>It is a long established fact that a reader will be distracted by the readable content of a page when looking at its layout. The point of using Lorem Ipsum is that it has a more-or-less normal distribution of letters, as opposed to using &#39;Content here, content here&#39;, making it look like readable English. Many desktop publishing packages and web page editors now use Lorem Ipsum as their default model text, and a search for &#39;lorem ipsum&#39; will uncover many web sites still in their infancy. Various versions have evolved over the years, sometimes by accident, sometimes on purpose (injected humour and the like).</p>\r\n', 'image-6-770x550.jpg', 0, 81, '', '2018-12-15 16:12:04', NULL, 1, '', '', '', '', '', 'Nam libero tempore', '', 'nam-libero-tempore', '', 1),
(131, 'cum soluta nobis', 'Lorem Ipsum is simply dummy text of the printing and typesetting industry. Lorem Ipsum has been the industry''s standard dummy text ever since the 1500s', '<p>It is a long established fact that a reader will be distracted by the readable content of a page when looking at its layout. The point of using Lorem Ipsum is that it has a more-or-less normal distribution of letters, as opposed to using &#39;Content here, content here&#39;, making it look like readable English. Many desktop publishing packages and web page editors now use Lorem Ipsum as their default model text, and a search for &#39;lorem ipsum&#39; will uncover many web sites still in their infancy. Various versions have evolved over the years, sometimes by accident, sometimes on purpose (injected humour and the like).</p>\r\n', 'image-7-770x550.jpg', 0, 81, '', '2018-12-15 16:12:33', NULL, 1, '', '', '', '', '', 'cum soluta nobis', '', 'cum-soluta-nobis', '', 1);

-- --------------------------------------------------------

--
-- Table structure for table `newscat`
--

CREATE TABLE IF NOT EXISTS `newscat` (
  `newscat_id` int(11) NOT NULL,
  `newscat_name` text COLLATE utf8_unicode_ci,
  `newscat_des` text COLLATE utf8_unicode_ci,
  `newscat_content` text COLLATE utf8_unicode_ci,
  `newscat_parent` int(11) DEFAULT NULL,
  `newscat_sort_order` int(11) DEFAULT NULL,
  `newscat_created_date` datetime DEFAULT NULL,
  `newscat_update_date` datetime DEFAULT NULL,
  `state` int(11) DEFAULT '0',
  `newscat_img` text COLLATE utf8_unicode_ci,
  `newscat_sub_info1` text COLLATE utf8_unicode_ci,
  `newscat_sub_info2` text COLLATE utf8_unicode_ci,
  `newscat_sub_info3` text COLLATE utf8_unicode_ci,
  `newscat_sub_info4` text COLLATE utf8_unicode_ci,
  `newscat_sub_info5` text COLLATE utf8_unicode_ci,
  `title_seo` text COLLATE utf8_unicode_ci,
  `des_seo` text COLLATE utf8_unicode_ci,
  `friendly_url` text COLLATE utf8_unicode_ci,
  `keyword` text COLLATE utf8_unicode_ci,
  `created_id` int(11) DEFAULT NULL,
  `newscat_home` int(11) NOT NULL
) ENGINE=InnoDB AUTO_INCREMENT=88 DEFAULT CHARSET=utf8 COLLATE=utf8_unicode_ci;

--
-- Dumping data for table `newscat`
--

INSERT INTO `newscat` (`newscat_id`, `newscat_name`, `newscat_des`, `newscat_content`, `newscat_parent`, `newscat_sort_order`, `newscat_created_date`, `newscat_update_date`, `state`, `newscat_img`, `newscat_sub_info1`, `newscat_sub_info2`, `newscat_sub_info3`, `newscat_sub_info4`, `newscat_sub_info5`, `title_seo`, `des_seo`, `friendly_url`, `keyword`, `created_id`, `newscat_home`) VALUES
(59, 'Tin tức khỏe', '', '', 0, 0, '2018-12-15 13:12:43', NULL, 1, 's1.jpg', '', '', '', '', '', 'Tin tức khỏe', '', 'tin-tuc-khoe', '', 1, 0),
(74, 'Vị thuốc quý', '', '', 0, 0, '2018-12-15 16:12:07', NULL, 1, NULL, '', '', '', '', '', 'Vị thuốc quý', '', 'vi-thuoc-quy', '', 1, 1),
(75, 'Bài thuốc hay', '', '', 0, 0, '2018-12-15 13:12:19', NULL, 1, '', '', '', '', '', '', 'Bài thuốc hay', '', 'bai-thuoc-hay', '', 1, 0),
(76, 'Chuyên khoa', '', '', 0, 0, '2018-12-15 16:12:00', NULL, 1, NULL, '', '', '', '', '', 'Chuyên khoa', '', 'chuyen-khoa', '', 1, 0),
(77, 'Bệnh viêm gan', '', '', 76, 0, '2018-12-15 13:12:58', NULL, 1, '', '', '', '', '', '', 'Bệnh viêm gan', '', 'benh-viem-gan', '', 1, 0),
(78, 'Bệnh xương khớp', '', '', 76, 0, '2018-12-15 16:12:20', NULL, 1, NULL, '', '', '', '', '', 'Bệnh xương khớp', '', 'benh-xuong-khop', '', 1, 1),
(79, 'Bệnh thận tiết niệu', '', '', 76, 0, '2018-12-15 16:12:37', NULL, 1, NULL, '', '', '', '', '', 'Bệnh thận tiết niệu', '', 'benh-than-tiet-nieu', '', 1, 1),
(80, 'Bệnh tiêu hóa', '', '', 76, 0, '2018-12-15 16:12:25', NULL, 1, NULL, '', '', '', '', '', 'Bệnh tiêu hóa', '', 'benh-tieu-hoa', '', 1, 1),
(81, 'Bệnh tai mũi họng', '', '', 76, 0, '2018-12-15 16:12:48', NULL, 1, NULL, '', '', '', '', '', 'Bệnh tai mũi họng', '', 'benh-tai-mui-hong', '', 1, 1),
(82, 'Viêm gan B', '', '', 77, 0, '2018-12-15 15:12:08', NULL, 1, '', '', '', '', '', '', 'Viêm gan B', '', 'viem-gan-b', '', 1, 0),
(83, 'Dạ dày', '', '', 80, 0, '2018-12-15 15:12:08', NULL, 1, '', '', '', '', '', '', 'Dạ dày', '', 'da-day', '', 1, 0),
(84, 'Viêm họng', '', '', 81, 0, '2018-12-15 15:12:32', NULL, 1, '', '', '', '', '', '', 'Viêm họng', '', 'viem-hong', '', 1, 0),
(85, 'Viêm amidan', '', '', 81, 0, '2018-12-15 15:12:56', NULL, 1, '', '', '', '', '', '', 'Viêm amidan', '', 'viem-amidan', '', 1, 0),
(86, 'Bệnh viêm xoang', '', '', 81, 0, '2018-12-15 15:12:17', NULL, 1, '', '', '', '', '', '', 'Bệnh viêm xoang', '', 'benh-viem-xoang', '', 1, 0);

-- --------------------------------------------------------

--
-- Table structure for table `newscat_languages`
--

CREATE TABLE IF NOT EXISTS `newscat_languages` (
  `id` int(11) NOT NULL,
  `newscat_id` int(11) DEFAULT NULL,
  `languages_code` varchar(255) COLLATE utf8_unicode_ci DEFAULT NULL,
  `lang_newscat_name` text COLLATE utf8_unicode_ci,
  `lang_newscat_des` text COLLATE utf8_unicode_ci,
  `lang_newscat_content` text COLLATE utf8_unicode_ci,
  `lang_newscat_sub_info1` text COLLATE utf8_unicode_ci,
  `lang_newscat_sub_info2` text COLLATE utf8_unicode_ci,
  `lang_newscat_sub_info3` text COLLATE utf8_unicode_ci,
  `lang_newscat_sub_info4` text COLLATE utf8_unicode_ci,
  `lang_newscat_sub_info5` text COLLATE utf8_unicode_ci,
  `edit_state` int(11) NOT NULL DEFAULT '0',
  `friendly_url` varchar(255) COLLATE utf8_unicode_ci DEFAULT NULL,
  `keyword` text COLLATE utf8_unicode_ci,
  `title_seo` varchar(255) COLLATE utf8_unicode_ci DEFAULT NULL,
  `des_seo` text COLLATE utf8_unicode_ci
) ENGINE=InnoDB AUTO_INCREMENT=171 DEFAULT CHARSET=utf8 COLLATE=utf8_unicode_ci;

--
-- Dumping data for table `newscat_languages`
--

INSERT INTO `newscat_languages` (`id`, `newscat_id`, `languages_code`, `lang_newscat_name`, `lang_newscat_des`, `lang_newscat_content`, `lang_newscat_sub_info1`, `lang_newscat_sub_info2`, `lang_newscat_sub_info3`, `lang_newscat_sub_info4`, `lang_newscat_sub_info5`, `edit_state`, `friendly_url`, `keyword`, `title_seo`, `des_seo`) VALUES
(113, 59, 'vn', 'Tin tức khỏe', '', NULL, '', '', '', '', '', 0, 'tin-tuc-khoe', '', 'Tin tức khỏe', ''),
(114, 59, 'en', 'Dịch vụ', '', '', '', '', '', '', '', 0, 'dich-vu', '', 'Dịch vụ', ''),
(143, 74, 'vn', 'Vị thuốc quý', '', NULL, '', '', '', '', '', 0, 'vi-thuoc-quy', '', 'Vị thuốc quý', ''),
(144, 74, 'en', ' Học viên', '', '', '', '', '', '', '', 0, 'hoc-vien', '', ' Học viên', ''),
(145, 75, 'vn', 'Bài thuốc hay', '', '', '', '', '', '', '', 0, 'bai-thuoc-hay', '', 'Bài thuốc hay', ''),
(146, 75, 'en', 'english version Bài thuốc hay', 'english version ', 'english version ', '', '', '', '', '', 0, 'en-bai-thuoc-hay', '', 'Bài thuốc hay', ''),
(147, 76, 'vn', 'Chuyên khoa', '', NULL, '', '', '', '', '', 0, 'chuyen-khoa', '', 'Chuyên khoa', ''),
(148, 76, 'en', 'english version Chuyên khoa', 'english version ', 'english version ', '', '', '', '', '', 0, 'en-chuyen-khoa', '', 'Chuyên khoa', ''),
(149, 77, 'vn', 'Bệnh viêm gan', '', '', '', '', '', '', '', 0, 'benh-viem-gan', '', 'Bệnh viêm gan', ''),
(150, 77, 'en', 'english version Bệnh viêm gan', 'english version ', 'english version ', '', '', '', '', '', 0, 'en-benh-viem-gan', '', 'Bệnh viêm gan', ''),
(151, 78, 'vn', 'Bệnh xương khớp', '', NULL, '', '', '', '', '', 0, 'benh-xuong-khop', '', 'Bệnh xương khớp', ''),
(152, 78, 'en', 'english version Bệnh xương khớp', 'english version ', 'english version ', '', '', '', '', '', 0, 'en-benh-xuong-khop', '', 'Bệnh xương khớp', ''),
(153, 79, 'vn', 'Bệnh thận tiết niệu', '', NULL, '', '', '', '', '', 0, 'benh-than-tiet-nieu', '', 'Bệnh thận tiết niệu', ''),
(154, 79, 'en', 'english version Bệnh thận tiết niệu', 'english version ', 'english version ', '', '', '', '', '', 0, 'en-benh-than-tiet-nieu', '', 'Bệnh thận tiết niệu', ''),
(155, 80, 'vn', 'Bệnh tiêu hóa', '', NULL, '', '', '', '', '', 0, 'benh-tieu-hoa', '', 'Bệnh tiêu hóa', ''),
(156, 80, 'en', 'english version Bệnh tiêu hóa', 'english version ', 'english version ', '', '', '', '', '', 0, 'en-benh-tieu-hoa', '', 'Bệnh tiêu hóa', ''),
(157, 81, 'vn', 'Bệnh tai mũi họng', '', NULL, '', '', '', '', '', 0, 'benh-tai-mui-hong', '', 'Bệnh tai mũi họng', ''),
(158, 81, 'en', 'english version Bệnh tai mũi họng', 'english version ', 'english version ', '', '', '', '', '', 0, 'en-benh-tai-mui-hong', '', 'Bệnh tai mũi họng', ''),
(159, 82, 'vn', 'Viêm gan B', '', '', '', '', '', '', '', 0, 'viem-gan-b', '', 'Viêm gan B', ''),
(160, 82, 'en', 'english version Viêm gan B', 'english version ', 'english version ', '', '', '', '', '', 0, 'en-viem-gan-b', '', 'Viêm gan B', ''),
(161, 83, 'vn', 'Dạ dày', '', '', '', '', '', '', '', 0, 'da-day', '', 'Dạ dày', ''),
(162, 83, 'en', 'english version Dạ dày', 'english version ', 'english version ', '', '', '', '', '', 0, 'en-da-day', '', 'Dạ dày', ''),
(163, 84, 'vn', 'Viêm họng', '', '', '', '', '', '', '', 0, 'viem-hong', '', 'Viêm họng', ''),
(164, 84, 'en', 'english version Viêm họng', 'english version ', 'english version ', '', '', '', '', '', 0, 'en-viem-hong', '', 'Viêm họng', ''),
(165, 85, 'vn', 'Viêm amidan', '', '', '', '', '', '', '', 0, 'viem-amidan', '', 'Viêm amidan', ''),
(166, 85, 'en', 'english version Viêm amidan', 'english version ', 'english version ', '', '', '', '', '', 0, 'en-viem-amidan', '', 'Viêm amidan', ''),
(167, 86, 'vn', 'Bệnh viêm xoang', '', '', '', '', '', '', '', 0, 'benh-viem-xoang', '', 'Bệnh viêm xoang', ''),
(168, 86, 'en', 'english version Bệnh viêm xoang', 'english version ', 'english version ', '', '', '', '', '', 0, 'en-benh-viem-xoang', '', 'Bệnh viêm xoang', '');

-- --------------------------------------------------------

--
-- Table structure for table `news_languages`
--

CREATE TABLE IF NOT EXISTS `news_languages` (
  `id` bigint(20) NOT NULL,
  `news_id` int(11) DEFAULT NULL,
  `languages_code` varchar(255) COLLATE utf8_unicode_ci DEFAULT NULL,
  `lang_news_name` text COLLATE utf8_unicode_ci,
  `lang_news_des` text COLLATE utf8_unicode_ci,
  `lang_news_content` text COLLATE utf8_unicode_ci,
  `lang_news_sub_info1` text COLLATE utf8_unicode_ci,
  `lang_news_sub_info2` text COLLATE utf8_unicode_ci,
  `lang_news_sub_info3` text COLLATE utf8_unicode_ci,
  `lang_news_sub_info4` text COLLATE utf8_unicode_ci,
  `lang_news_sub_info5` text COLLATE utf8_unicode_ci,
  `edit_state` int(11) NOT NULL DEFAULT '0',
  `friendly_url` varchar(255) COLLATE utf8_unicode_ci DEFAULT NULL,
  `title_seo` varchar(255) COLLATE utf8_unicode_ci DEFAULT NULL,
  `des_seo` text COLLATE utf8_unicode_ci,
  `keyword` text COLLATE utf8_unicode_ci
) ENGINE=InnoDB AUTO_INCREMENT=263 DEFAULT CHARSET=utf8 COLLATE=utf8_unicode_ci;

--
-- Dumping data for table `news_languages`
--

INSERT INTO `news_languages` (`id`, `news_id`, `languages_code`, `lang_news_name`, `lang_news_des`, `lang_news_content`, `lang_news_sub_info1`, `lang_news_sub_info2`, `lang_news_sub_info3`, `lang_news_sub_info4`, `lang_news_sub_info5`, `edit_state`, `friendly_url`, `title_seo`, `des_seo`, `keyword`) VALUES
(211, 106, 'vn', 'Richard McClintock', 'Lorem Ipsum is simply dummy text of the printing and typesetting industry. Lorem Ipsum has been the industry''s standard dummy text ever since the 1500s', '<p style="margin-left:0cm; margin-right:0cm">It is a long established fact that a reader will be distracted by the readable content of a page when looking at its layout. The point of using Lorem Ipsum is that it has a more-or-less normal distribution of letters, as opposed to using &#39;Content here, content here&#39;, making it look like readable English. Many desktop publishing packages and web page editors now use Lorem Ipsum as their default model text, and a search for &#39;lorem ipsum&#39; will uncover many web sites still in their infancy. Various versions have evolved over the years, sometimes by accident, sometimes on purpose (injected humour and the like).</p>\r\n', '', '', '', '', '', 0, 'richard-mcclintock', 'Richard McClintock', '', ''),
(212, 106, 'en', 'Toán mầm non', '', '', '', '', '', '', '', 0, 'toan-mam-non', 'Toán mầm non', '', ''),
(213, 107, 'vn', 'making it over', 'Lorem Ipsum is simply dummy text of the printing and typesetting industry. Lorem Ipsum has been the industry''s standard dummy text ever since the 1500s', '<p>It is a long established fact that a reader will be distracted by the readable content of a page when looking at its layout. The point of using Lorem Ipsum is that it has a more-or-less normal distribution of letters, as opposed to using &#39;Content here, content here&#39;, making it look like readable English. Many desktop publishing packages and web page editors now use Lorem Ipsum as their default model text, and a search for &#39;lorem ipsum&#39; will uncover many web sites still in their infancy. Various versions have evolved over the years, sometimes by accident, sometimes on purpose (injected humour and the like).</p>\r\n', '', '', '', '', '', 0, 'making-it-over', 'making it over', '', ''),
(214, 107, 'en', 'Toán tiểu học', '', '', '', '', '', '', '', 0, 'toan-tieu-hoc', 'Toán tiểu học', '', ''),
(215, 108, 'vn', 'classical Latin literature', 'Lorem Ipsum is simply dummy text of the printing and typesetting industry. Lorem Ipsum has been the industry''s standard dummy text ever since the 1500s', '<p>It is a long established fact that a reader will be distracted by the readable content of a page when looking at its layout. The point of using Lorem Ipsum is that it has a more-or-less normal distribution of letters, as opposed to using &#39;Content here, content here&#39;, making it look like readable English. Many desktop publishing packages and web page editors now use Lorem Ipsum as their default model text, and a search for &#39;lorem ipsum&#39; will uncover many web sites still in their infancy. Various versions have evolved over the years, sometimes by accident, sometimes on purpose (injected humour and the like).</p>\r\n', '', '', '', '', '', 0, 'classical-latin-literature', 'classical Latin literature', '', ''),
(216, 108, 'en', 'Toán THCS', '', '', '', '', '', '', '', 0, 'toan-thcs', 'Toán THCS', '', ''),
(217, 109, 'vn', 'Lisp Intensive Treatment', 'Lorem Ipsum is simply dummy text of the printing and typesetting industry. Lorem Ipsum has been the industry''s standard dummy text ever since the 1500s', '<p>It is a long established fact that a reader will be distracted by the readable content of a page when looking at its layout. The point of using Lorem Ipsum is that it has a more-or-less normal distribution of letters, as opposed to using &#39;Content here, content here&#39;, making it look like readable English. Many desktop publishing packages and web page editors now use Lorem Ipsum as their default model text, and a search for &#39;lorem ipsum&#39; will uncover many web sites still in their infancy. Various versions have evolved over the years, sometimes by accident, sometimes on purpose (injected humour and the like).</p>\r\n', '', '', '', '', '', 0, 'lisp-intensive-treatment', 'Lisp Intensive Treatment', '', ''),
(218, 109, 'en', 'Lisp Intensive Treatment', 'Nói ngọng là hiện tượng rối loạn ngôn ngữ. Ngôn ngữ của trẻ được hình thành trên cơ sở các phản xạ có điều kiện, dựa trên tác động của các yếu tố từ môi trường bên ngoài kích thích vào trung tâm nghe. Nếu có sự trục trặc nào đó trong quá trình hình thành ngôn ngữ sẽ xảy ra hiện tượng rối loạn ngôn ngữ ở trẻ, điển hình là ngọng.', '', '', '', '', '', '', 0, 'lisp-intensive-treatment-1', 'Lisp Intensive Treatment', '', ''),
(219, 110, 'vn', 'It has roots in a piece', 'Lorem Ipsum is simply dummy text of the printing and typesetting industry. Lorem Ipsum has been the industry''s standard dummy text ever since the 1500s', '<p>It is a long established fact that a reader will be distracted by the readable content of a page when looking at its layout. The point of using Lorem Ipsum is that it has a more-or-less normal distribution of letters, as opposed to using &#39;Content here, content here&#39;, making it look like readable English. Many desktop publishing packages and web page editors now use Lorem Ipsum as their default model text, and a search for &#39;lorem ipsum&#39; will uncover many web sites still in their infancy. Various versions have evolved over the years, sometimes by accident, sometimes on purpose (injected humour and the like).</p>\r\n', '', '', '', '', '', 0, 'it-has-roots-in-a-piece', 'It has roots in a piece', '', ''),
(220, 110, 'en', 'Avits English', 'Sự tự tin sử dụng tiếng Anh là lợi thế cho con bạn ngay từ lúc còn ngồi trên ghế nhà trường, để trẻ có thể tự nhiên phát triển kiến thức và nền tảng thành công cho các cơ hội nghề nghiệp trong tương lai. Các khóa học tiếng Anh cho trẻ em tại Hội đồng Anh được thiết kế đặc biệt dựa trên đặc tính của mỗi cá nhân, và được giảng dạy bởi các chuyên gia tiếng Anh toàn cầu luôn tâm huyết với sự nghiệp giáo dục trẻ em. ', '', '', '', '', '', '', 0, 'avits-english', 'Avits English', '', ''),
(221, 111, 'vn', ' simply random text', 'Lorem Ipsum is simply dummy text of the printing and typesetting industry. Lorem Ipsum has been the industry''s standard dummy text ever since the 1500s', '<p>It is a long established fact that a reader will be distracted by the readable content of a page when looking at its layout. The point of using Lorem Ipsum is that it has a more-or-less normal distribution of letters, as opposed to using &#39;Content here, content here&#39;, making it look like readable English. Many desktop publishing packages and web page editors now use Lorem Ipsum as their default model text, and a search for &#39;lorem ipsum&#39; will uncover many web sites still in their infancy. Various versions have evolved over the years, sometimes by accident, sometimes on purpose (injected humour and the like).</p>\r\n', '', '', '', '', '', 0, 'simply-random-text', ' simply random text', '', ''),
(222, 111, 'en', 'Lê Xuân Quang - Giải Bạc vòng chung kết kì thi Toán Olympic Titan', '', '<p style="text-align:center"><img alt="le-xuan-quang" height="425" src="/image/images/le-xuan-quang.jpg" width="600" /></p>\r\n\r\n<p style="margin-left:0cm; margin-right:0cm; text-align:center"><span style="font-size:16px"><span style="font-family:Times New Roman,Times,serif"><span style="background-color:white"><strong><em><span style="color:#1d2129">Bạn L&ecirc; Xu&acirc;n Quang &ndash; Sinh năm 2006 - Học sinh xuất sắc ti&ecirc;u biểu của Americanskills Quận 1</span></em></strong></span></span></span></p>\r\n\r\n<p style="margin-left:0cm; margin-right:0cm; text-align:justify"><br />\r\n<strong><span style="font-size:16px"><span style="font-family:Times New Roman,Times,serif"><span style="background-color:white"><span style="color:#1d2129"><img alt="" height="16" src="file:///C:\\Users\\HUYENT~1\\AppData\\Local\\Temp\\msohtmlclip1\\01\\clip_image002.png" width="16" />- Huy chương bạc trong k&igrave; thi American Mathematics Oplympiad (AMO) - Cuộc thi to&aacute;n quốc tế Hoa Kỳ</span><br />\r\n<span style="color:#1d2129"><img alt="" height="16" src="file:///C:\\Users\\HUYENT~1\\AppData\\Local\\Temp\\msohtmlclip1\\01\\clip_image002.png" width="16" />- Giải Bạc v&ograve;ng chung kết k&igrave; thi To&aacute;n Olympic Titan.</span></span></span></span></strong></p>\r\n\r\n<p style="margin-left:0cm; margin-right:0cm; text-align:justify"><span style="font-size:16px"><span style="font-family:Times New Roman,Times,serif"><span style="background-color:white"><span style="color:#1d2129"><img alt="" height="16" src="file:///C:\\Users\\HUYENT~1\\AppData\\Local\\Temp\\msohtmlclip1\\01\\clip_image001.png" width="16" />Ch&uacute;c mừng Xu&acirc;n Quang! American Skills v&ocirc; c&ugrave;ng tự h&agrave;o về th&agrave;nh t&iacute;ch tuyệt vời của con. Ch&uacute;c Xu&acirc;n Quang tiếp tục gặt h&aacute;i được nhiều th&agrave;nh c&ocirc;ng tr&ecirc;n con đường học vấn!&nbsp;<br />\r\n<img alt="" height="16" src="file:///C:\\Users\\HUYENT~1\\AppData\\Local\\Temp\\msohtmlclip1\\01\\clip_image003.png" width="16" />V&agrave; phần thưởng tặng B&eacute;: <strong>Học bổng kh&oacute;a To&aacute;n tư duy n&acirc;ng cao 3.000.000 đ&nbsp;</strong><br />\r\nCh&uacute;c cho Xu&acirc;n Quang gặt h&aacute;i được nhiều th&agrave;nh t&iacute;ch hơn nữa!</span></span></span></span></p>\r\n', '', '', '', '', '', 0, 'le-xuan-quang-giai-bac-vong-chung-ket-ki-thi-toan-olympic-titan', 'Lê Xuân Quang - Giải Bạc vòng chung kết kì thi Toán Olympic Titan', '', ''),
(223, 112, 'vn', 'Contrary to popular belief', 'Lorem Ipsum is simply dummy text of the printing and typesetting industry. Lorem Ipsum has been the industry''s standard dummy text ever since the 1500s', '<p>It is a long established fact that a reader will be distracted by the readable content of a page when looking at its layout. The point of using Lorem Ipsum is that it has a more-or-less normal distribution of letters, as opposed to using &#39;Content here, content here&#39;, making it look like readable English. Many desktop publishing packages and web page editors now use Lorem Ipsum as their default model text, and a search for &#39;lorem ipsum&#39; will uncover many web sites still in their infancy. Various versions have evolved over the years, sometimes by accident, sometimes on purpose (injected humour and the like).</p>\r\n', '', '', '', '', '', 0, 'contrary-to-popular-belief', 'Contrary to popular belief', '', ''),
(224, 112, 'en', 'NGÔ HOÀNG YẾN LINH -2008 - Lớp 4', '', '<p style="margin-left:0cm; margin-right:0cm"><span style="font-size:16px"><span style="font-family:Times New Roman,Times,serif"><span style="background-color:white"><span style="color:#1d2129"><strong>- C&ocirc; b&eacute; rất c&aacute; t&iacute;nh th&ocirc;ng minh n&agrave;y học giỏi to&agrave;n diện c&aacute;c m&ocirc;n :</strong> Đặc biệt m&ocirc;n To&aacute;n - con học tại American Skills nổi bật vượt cấp độ, hiện đ&atilde; học xong chương tr&igrave;nh Lớp 4 - con đang được &ocirc;n luyện n&acirc;ng cao v&agrave; dần bước sang chương tr&igrave;nh Lớp 5.<img alt="" height="16" src="file:///C:\\Users\\HUYENT~1\\AppData\\Local\\Temp\\msohtmlclip1\\01\\clip_image001.png" width="16" /></span></span></span></span></p>\r\n\r\n<p style="margin-left:0cm; margin-right:0cm"><span style="font-size:16px"><span style="font-family:Times New Roman,Times,serif"><span style="background-color:white"><span style="color:#1d2129">- <strong>AMERICAN SKILLS</strong> v&ocirc; c&ugrave;ng tự h&agrave;o đ&atilde; được đồng h&agrave;nh c&ugrave;ng &nbsp;con 4 năm, v&agrave; th&agrave;nh t&iacute;ch h&ocirc;m nay của c&aacute;c con l&agrave; niềm động vi&ecirc;n, kh&iacute;ch lệ, tự tin với hướng giảng dạy đ&uacute;ng, đủ , đảm bảo h&agrave;nh trang cho c&aacute;c con vững v&agrave;ng.</span></span></span></span><br />\r\n<span style="color:#1d2129; font-family:&quot;Times New Roman&quot;,Times,serif; font-size:16px">- Ch&uacute;c mừng Yến Linh nh&eacute; .</span></p>\r\n\r\n<p style="text-align:center"><img alt="ngo-hoang-yen-linh" height="400" src="/image/images/ngo-hoang-yen-linh.jpg" width="600" /></p>\r\n', '', '', '', '', '', 0, 'ngo-hoang-yen-linh-2008-lop-4', 'NGÔ HOÀNG YẾN LINH -2008 - Lớp 4', '', 'học viên tiêu biểu'),
(225, 113, 'vn', 'At vero eos et', 'Lorem Ipsum is simply dummy text of the printing and typesetting industry. Lorem Ipsum has been the industry''s standard dummy text ever since the 1500s', '<p>It is a long established fact that a reader will be distracted by the readable content of a page when looking at its layout. The point of using Lorem Ipsum is that it has a more-or-less normal distribution of letters, as opposed to using &#39;Content here, content here&#39;, making it look like readable English. Many desktop publishing packages and web page editors now use Lorem Ipsum as their default model text, and a search for &#39;lorem ipsum&#39; will uncover many web sites still in their infancy. Various versions have evolved over the years, sometimes by accident, sometimes on purpose (injected humour and the like).</p>\r\n', '', '', '', '', '', 0, 'at-vero-eos-et', 'At vero eos et', '', ''),
(226, 113, 'en', 'english version At vero eos et', 'english version Lorem Ipsum is simply dummy text of the printing and typesetting industry. Lorem Ipsum has been the industry''s standard dummy text ever since the 1500s', 'english version <p>It is a long established fact that a reader will be distracted by the readable content of a page when looking at its layout. The point of using Lorem Ipsum is that it has a more-or-less normal distribution of letters, as opposed to using &#39;Content here, content here&#39;, making it look like readable English. Many desktop publishing packages and web page editors now use Lorem Ipsum as their default model text, and a search for &#39;lorem ipsum&#39; will uncover many web sites still in their infancy. Various versions have evolved over the years, sometimes by accident, sometimes on purpose (injected humour and the like).</p>\r\n', '', '', '', '', '', 0, 'en-at-vero-eos-et', 'At vero eos et', '', ''),
(227, 114, 'vn', 'accusamus et iusto', 'Lorem Ipsum is simply dummy text of the printing and typesetting industry. Lorem Ipsum has been the industry''s standard dummy text ever since the 1500s', '<p>It is a long established fact that a reader will be distracted by the readable content of a page when looking at its layout. The point of using Lorem Ipsum is that it has a more-or-less normal distribution of letters, as opposed to using &#39;Content here, content here&#39;, making it look like readable English. Many desktop publishing packages and web page editors now use Lorem Ipsum as their default model text, and a search for &#39;lorem ipsum&#39; will uncover many web sites still in their infancy. Various versions have evolved over the years, sometimes by accident, sometimes on purpose (injected humour and the like).</p>\r\n', '', '', '', '', '', 0, 'accusamus-et-iusto', 'accusamus et iusto', '', ''),
(228, 114, 'en', 'english version accusamus et iusto', 'english version Lorem Ipsum is simply dummy text of the printing and typesetting industry. Lorem Ipsum has been the industry''s standard dummy text ever since the 1500s', 'english version <p>It is a long established fact that a reader will be distracted by the readable content of a page when looking at its layout. The point of using Lorem Ipsum is that it has a more-or-less normal distribution of letters, as opposed to using &#39;Content here, content here&#39;, making it look like readable English. Many desktop publishing packages and web page editors now use Lorem Ipsum as their default model text, and a search for &#39;lorem ipsum&#39; will uncover many web sites still in their infancy. Various versions have evolved over the years, sometimes by accident, sometimes on purpose (injected humour and the like).</p>\r\n', '', '', '', '', '', 0, 'en-accusamus-et-iusto', 'accusamus et iusto', '', ''),
(229, 115, 'vn', 'odio dignissimos ducimus', 'Lorem Ipsum is simply dummy text of the printing and typesetting industry. Lorem Ipsum has been the industry''s standard dummy text ever since the 1500s', '<p>It is a long established fact that a reader will be distracted by the readable content of a page when looking at its layout. The point of using Lorem Ipsum is that it has a more-or-less normal distribution of letters, as opposed to using &#39;Content here, content here&#39;, making it look like readable English. Many desktop publishing packages and web page editors now use Lorem Ipsum as their default model text, and a search for &#39;lorem ipsum&#39; will uncover many web sites still in their infancy. Various versions have evolved over the years, sometimes by accident, sometimes on purpose (injected humour and the like).</p>\r\n', '', '', '', '', '', 0, 'odio-dignissimos-ducimus', 'odio dignissimos ducimus', '', ''),
(230, 115, 'en', 'english version odio dignissimos ducimus', 'english version Lorem Ipsum is simply dummy text of the printing and typesetting industry. Lorem Ipsum has been the industry''s standard dummy text ever since the 1500s', 'english version <p>It is a long established fact that a reader will be distracted by the readable content of a page when looking at its layout. The point of using Lorem Ipsum is that it has a more-or-less normal distribution of letters, as opposed to using &#39;Content here, content here&#39;, making it look like readable English. Many desktop publishing packages and web page editors now use Lorem Ipsum as their default model text, and a search for &#39;lorem ipsum&#39; will uncover many web sites still in their infancy. Various versions have evolved over the years, sometimes by accident, sometimes on purpose (injected humour and the like).</p>\r\n', '', '', '', '', '', 0, 'en-odio-dignissimos-ducimus', 'odio dignissimos ducimus', '', ''),
(231, 116, 'vn', 'qui blanditiis praesentium', 'Lorem Ipsum is simply dummy text of the printing and typesetting industry. Lorem Ipsum has been the industry''s standard dummy text ever since the 1500s', '<p>It is a long established fact that a reader will be distracted by the readable content of a page when looking at its layout. The point of using Lorem Ipsum is that it has a more-or-less normal distribution of letters, as opposed to using &#39;Content here, content here&#39;, making it look like readable English. Many desktop publishing packages and web page editors now use Lorem Ipsum as their default model text, and a search for &#39;lorem ipsum&#39; will uncover many web sites still in their infancy. Various versions have evolved over the years, sometimes by accident, sometimes on purpose (injected humour and the like).</p>\r\n', '', '', '', '', '', 0, 'qui-blanditiis-praesentium', 'qui blanditiis praesentium', '', ''),
(232, 116, 'en', 'english version qui blanditiis praesentium', 'english version Lorem Ipsum is simply dummy text of the printing and typesetting industry. Lorem Ipsum has been the industry''s standard dummy text ever since the 1500s', 'english version <p>It is a long established fact that a reader will be distracted by the readable content of a page when looking at its layout. The point of using Lorem Ipsum is that it has a more-or-less normal distribution of letters, as opposed to using &#39;Content here, content here&#39;, making it look like readable English. Many desktop publishing packages and web page editors now use Lorem Ipsum as their default model text, and a search for &#39;lorem ipsum&#39; will uncover many web sites still in their infancy. Various versions have evolved over the years, sometimes by accident, sometimes on purpose (injected humour and the like).</p>\r\n', '', '', '', '', '', 0, 'en-qui-blanditiis-praesentium', 'qui blanditiis praesentium', '', ''),
(233, 117, 'vn', ' voluptatum deleniti atque', 'Lorem Ipsum is simply dummy text of the printing and typesetting industry. Lorem Ipsum has been the industry''s standard dummy text ever since the 1500s', '<p>It is a long established fact that a reader will be distracted by the readable content of a page when looking at its layout. The point of using Lorem Ipsum is that it has a more-or-less normal distribution of letters, as opposed to using &#39;Content here, content here&#39;, making it look like readable English. Many desktop publishing packages and web page editors now use Lorem Ipsum as their default model text, and a search for &#39;lorem ipsum&#39; will uncover many web sites still in their infancy. Various versions have evolved over the years, sometimes by accident, sometimes on purpose (injected humour and the like).</p>\r\n', '', '', '', '', '', 0, 'voluptatum-deleniti-atque', ' voluptatum deleniti atque', '', ''),
(234, 117, 'en', 'english version  voluptatum deleniti atque', 'english version Lorem Ipsum is simply dummy text of the printing and typesetting industry. Lorem Ipsum has been the industry''s standard dummy text ever since the 1500s', 'english version <p>It is a long established fact that a reader will be distracted by the readable content of a page when looking at its layout. The point of using Lorem Ipsum is that it has a more-or-less normal distribution of letters, as opposed to using &#39;Content here, content here&#39;, making it look like readable English. Many desktop publishing packages and web page editors now use Lorem Ipsum as their default model text, and a search for &#39;lorem ipsum&#39; will uncover many web sites still in their infancy. Various versions have evolved over the years, sometimes by accident, sometimes on purpose (injected humour and the like).</p>\r\n', '', '', '', '', '', 0, 'en-voluptatum-deleniti-atque', ' voluptatum deleniti atque', '', ''),
(235, 118, 'vn', 'corrupti quos dolores ', 'Lorem Ipsum is simply dummy text of the printing and typesetting industry. Lorem Ipsum has been the industry''s standard dummy text ever since the 1500s', '<p>It is a long established fact that a reader will be distracted by the readable content of a page when looking at its layout. The point of using Lorem Ipsum is that it has a more-or-less normal distribution of letters, as opposed to using &#39;Content here, content here&#39;, making it look like readable English. Many desktop publishing packages and web page editors now use Lorem Ipsum as their default model text, and a search for &#39;lorem ipsum&#39; will uncover many web sites still in their infancy. Various versions have evolved over the years, sometimes by accident, sometimes on purpose (injected humour and the like).</p>\r\n', '', '', '', '', '', 0, 'corrupti-quos-dolores', 'corrupti quos dolores ', '', ''),
(236, 118, 'en', 'english version corrupti quos dolores ', 'english version Lorem Ipsum is simply dummy text of the printing and typesetting industry. Lorem Ipsum has been the industry''s standard dummy text ever since the 1500s', 'english version <p>It is a long established fact that a reader will be distracted by the readable content of a page when looking at its layout. The point of using Lorem Ipsum is that it has a more-or-less normal distribution of letters, as opposed to using &#39;Content here, content here&#39;, making it look like readable English. Many desktop publishing packages and web page editors now use Lorem Ipsum as their default model text, and a search for &#39;lorem ipsum&#39; will uncover many web sites still in their infancy. Various versions have evolved over the years, sometimes by accident, sometimes on purpose (injected humour and the like).</p>\r\n', '', '', '', '', '', 0, 'en-corrupti-quos-dolores', 'corrupti quos dolores ', '', ''),
(237, 119, 'vn', 'et quas molestias', 'Lorem Ipsum is simply dummy text of the printing and typesetting industry. Lorem Ipsum has been the industry''s standard dummy text ever since the 1500s', '<p>It is a long established fact that a reader will be distracted by the readable content of a page when looking at its layout. The point of using Lorem Ipsum is that it has a more-or-less normal distribution of letters, as opposed to using &#39;Content here, content here&#39;, making it look like readable English. Many desktop publishing packages and web page editors now use Lorem Ipsum as their default model text, and a search for &#39;lorem ipsum&#39; will uncover many web sites still in their infancy. Various versions have evolved over the years, sometimes by accident, sometimes on purpose (injected humour and the like).</p>\r\n', '', '', '', '', '', 0, 'et-quas-molestias', 'et quas molestias', '', ''),
(238, 119, 'en', 'english version et quas molestias', 'english version Lorem Ipsum is simply dummy text of the printing and typesetting industry. Lorem Ipsum has been the industry''s standard dummy text ever since the 1500s', 'english version <p>It is a long established fact that a reader will be distracted by the readable content of a page when looking at its layout. The point of using Lorem Ipsum is that it has a more-or-less normal distribution of letters, as opposed to using &#39;Content here, content here&#39;, making it look like readable English. Many desktop publishing packages and web page editors now use Lorem Ipsum as their default model text, and a search for &#39;lorem ipsum&#39; will uncover many web sites still in their infancy. Various versions have evolved over the years, sometimes by accident, sometimes on purpose (injected humour and the like).</p>\r\n', '', '', '', '', '', 0, 'en-et-quas-molestias', 'et quas molestias', '', ''),
(239, 120, 'vn', 'excepturi sint occaecati', 'Lorem Ipsum is simply dummy text of the printing and typesetting industry. Lorem Ipsum has been the industry''s standard dummy text ever since the 1500s', '<p>It is a long established fact that a reader will be distracted by the readable content of a page when looking at its layout. The point of using Lorem Ipsum is that it has a more-or-less normal distribution of letters, as opposed to using &#39;Content here, content here&#39;, making it look like readable English. Many desktop publishing packages and web page editors now use Lorem Ipsum as their default model text, and a search for &#39;lorem ipsum&#39; will uncover many web sites still in their infancy. Various versions have evolved over the years, sometimes by accident, sometimes on purpose (injected humour and the like).</p>\r\n', '', '', '', '', '', 0, 'excepturi-sint-occaecati', 'excepturi sint occaecati', '', ''),
(240, 120, 'en', 'english version excepturi sint occaecati', 'english version Lorem Ipsum is simply dummy text of the printing and typesetting industry. Lorem Ipsum has been the industry''s standard dummy text ever since the 1500s', 'english version <p>It is a long established fact that a reader will be distracted by the readable content of a page when looking at its layout. The point of using Lorem Ipsum is that it has a more-or-less normal distribution of letters, as opposed to using &#39;Content here, content here&#39;, making it look like readable English. Many desktop publishing packages and web page editors now use Lorem Ipsum as their default model text, and a search for &#39;lorem ipsum&#39; will uncover many web sites still in their infancy. Various versions have evolved over the years, sometimes by accident, sometimes on purpose (injected humour and the like).</p>\r\n', '', '', '', '', '', 0, 'en-excepturi-sint-occaecati', 'excepturi sint occaecati', '', ''),
(241, 121, 'vn', 'cupiditate non provident', 'Lorem Ipsum is simply dummy text of the printing and typesetting industry. Lorem Ipsum has been the industry''s standard dummy text ever since the 1500s', '<p>It is a long established fact that a reader will be distracted by the readable content of a page when looking at its layout. The point of using Lorem Ipsum is that it has a more-or-less normal distribution of letters, as opposed to using &#39;Content here, content here&#39;, making it look like readable English. Many desktop publishing packages and web page editors now use Lorem Ipsum as their default model text, and a search for &#39;lorem ipsum&#39; will uncover many web sites still in their infancy. Various versions have evolved over the years, sometimes by accident, sometimes on purpose (injected humour and the like).</p>\r\n', '', '', '', '', '', 0, 'cupiditate-non-provident', 'cupiditate non provident', '', ''),
(242, 121, 'en', 'english version cupiditate non provident', 'english version Lorem Ipsum is simply dummy text of the printing and typesetting industry. Lorem Ipsum has been the industry''s standard dummy text ever since the 1500s', 'english version <p>It is a long established fact that a reader will be distracted by the readable content of a page when looking at its layout. The point of using Lorem Ipsum is that it has a more-or-less normal distribution of letters, as opposed to using &#39;Content here, content here&#39;, making it look like readable English. Many desktop publishing packages and web page editors now use Lorem Ipsum as their default model text, and a search for &#39;lorem ipsum&#39; will uncover many web sites still in their infancy. Various versions have evolved over the years, sometimes by accident, sometimes on purpose (injected humour and the like).</p>\r\n', '', '', '', '', '', 0, 'en-cupiditate-non-provident', 'cupiditate non provident', '', ''),
(243, 122, 'vn', 'similique sunt in', 'Lorem Ipsum is simply dummy text of the printing and typesetting industry. Lorem Ipsum has been the industry''s standard dummy text ever since the 1500s', '<p>It is a long established fact that a reader will be distracted by the readable content of a page when looking at its layout. The point of using Lorem Ipsum is that it has a more-or-less normal distribution of letters, as opposed to using &#39;Content here, content here&#39;, making it look like readable English. Many desktop publishing packages and web page editors now use Lorem Ipsum as their default model text, and a search for &#39;lorem ipsum&#39; will uncover many web sites still in their infancy. Various versions have evolved over the years, sometimes by accident, sometimes on purpose (injected humour and the like).</p>\r\n', '', '', '', '', '', 0, 'similique-sunt-in', 'similique sunt in', '', ''),
(244, 122, 'en', 'english version similique sunt in', 'english version Lorem Ipsum is simply dummy text of the printing and typesetting industry. Lorem Ipsum has been the industry''s standard dummy text ever since the 1500s', 'english version <p>It is a long established fact that a reader will be distracted by the readable content of a page when looking at its layout. The point of using Lorem Ipsum is that it has a more-or-less normal distribution of letters, as opposed to using &#39;Content here, content here&#39;, making it look like readable English. Many desktop publishing packages and web page editors now use Lorem Ipsum as their default model text, and a search for &#39;lorem ipsum&#39; will uncover many web sites still in their infancy. Various versions have evolved over the years, sometimes by accident, sometimes on purpose (injected humour and the like).</p>\r\n', '', '', '', '', '', 0, 'en-similique-sunt-in', 'similique sunt in', '', ''),
(245, 123, 'vn', 'culpa qui officia', 'Lorem Ipsum is simply dummy text of the printing and typesetting industry. Lorem Ipsum has been the industry''s standard dummy text ever since the 1500s', '<p>It is a long established fact that a reader will be distracted by the readable content of a page when looking at its layout. The point of using Lorem Ipsum is that it has a more-or-less normal distribution of letters, as opposed to using &#39;Content here, content here&#39;, making it look like readable English. Many desktop publishing packages and web page editors now use Lorem Ipsum as their default model text, and a search for &#39;lorem ipsum&#39; will uncover many web sites still in their infancy. Various versions have evolved over the years, sometimes by accident, sometimes on purpose (injected humour and the like).</p>\r\n', '', '', '', '', '', 0, 'culpa-qui-officia', 'culpa qui officia', '', ''),
(246, 123, 'en', 'english version culpa qui officia', 'english version Lorem Ipsum is simply dummy text of the printing and typesetting industry. Lorem Ipsum has been the industry''s standard dummy text ever since the 1500s', 'english version <p>It is a long established fact that a reader will be distracted by the readable content of a page when looking at its layout. The point of using Lorem Ipsum is that it has a more-or-less normal distribution of letters, as opposed to using &#39;Content here, content here&#39;, making it look like readable English. Many desktop publishing packages and web page editors now use Lorem Ipsum as their default model text, and a search for &#39;lorem ipsum&#39; will uncover many web sites still in their infancy. Various versions have evolved over the years, sometimes by accident, sometimes on purpose (injected humour and the like).</p>\r\n', '', '', '', '', '', 0, 'en-culpa-qui-officia', 'culpa qui officia', '', ''),
(247, 124, 'vn', 'deserunt mollitia animi', 'Lorem Ipsum is simply dummy text of the printing and typesetting industry. Lorem Ipsum has been the industry''s standard dummy text ever since the 1500s', '<p>It is a long established fact that a reader will be distracted by the readable content of a page when looking at its layout. The point of using Lorem Ipsum is that it has a more-or-less normal distribution of letters, as opposed to using &#39;Content here, content here&#39;, making it look like readable English. Many desktop publishing packages and web page editors now use Lorem Ipsum as their default model text, and a search for &#39;lorem ipsum&#39; will uncover many web sites still in their infancy. Various versions have evolved over the years, sometimes by accident, sometimes on purpose (injected humour and the like).</p>\r\n', '', '', '', '', '', 0, 'deserunt-mollitia-animi', 'deserunt mollitia animi', '', ''),
(248, 124, 'en', 'english version deserunt mollitia animi', 'english version Lorem Ipsum is simply dummy text of the printing and typesetting industry. Lorem Ipsum has been the industry''s standard dummy text ever since the 1500s', 'english version <p>It is a long established fact that a reader will be distracted by the readable content of a page when looking at its layout. The point of using Lorem Ipsum is that it has a more-or-less normal distribution of letters, as opposed to using &#39;Content here, content here&#39;, making it look like readable English. Many desktop publishing packages and web page editors now use Lorem Ipsum as their default model text, and a search for &#39;lorem ipsum&#39; will uncover many web sites still in their infancy. Various versions have evolved over the years, sometimes by accident, sometimes on purpose (injected humour and the like).</p>\r\n', '', '', '', '', '', 0, 'en-deserunt-mollitia-animi', 'deserunt mollitia animi', '', ''),
(249, 125, 'vn', 'id est laborum', 'Lorem Ipsum is simply dummy text of the printing and typesetting industry. Lorem Ipsum has been the industry''s standard dummy text ever since the 1500s', '<p>It is a long established fact that a reader will be distracted by the readable content of a page when looking at its layout. The point of using Lorem Ipsum is that it has a more-or-less normal distribution of letters, as opposed to using &#39;Content here, content here&#39;, making it look like readable English. Many desktop publishing packages and web page editors now use Lorem Ipsum as their default model text, and a search for &#39;lorem ipsum&#39; will uncover many web sites still in their infancy. Various versions have evolved over the years, sometimes by accident, sometimes on purpose (injected humour and the like).</p>\r\n', '', '', '', '', '', 0, 'id-est-laborum', 'id est laborum', '', ''),
(250, 125, 'en', 'english version id est laborum', 'english version Lorem Ipsum is simply dummy text of the printing and typesetting industry. Lorem Ipsum has been the industry''s standard dummy text ever since the 1500s', 'english version <p>It is a long established fact that a reader will be distracted by the readable content of a page when looking at its layout. The point of using Lorem Ipsum is that it has a more-or-less normal distribution of letters, as opposed to using &#39;Content here, content here&#39;, making it look like readable English. Many desktop publishing packages and web page editors now use Lorem Ipsum as their default model text, and a search for &#39;lorem ipsum&#39; will uncover many web sites still in their infancy. Various versions have evolved over the years, sometimes by accident, sometimes on purpose (injected humour and the like).</p>\r\n', '', '', '', '', '', 0, 'en-id-est-laborum', 'id est laborum', '', ''),
(251, 126, 'vn', 'et dolorum fuga', 'Lorem Ipsum is simply dummy text of the printing and typesetting industry. Lorem Ipsum has been the industry''s standard dummy text ever since the 1500s', '<p>It is a long established fact that a reader will be distracted by the readable content of a page when looking at its layout. The point of using Lorem Ipsum is that it has a more-or-less normal distribution of letters, as opposed to using &#39;Content here, content here&#39;, making it look like readable English. Many desktop publishing packages and web page editors now use Lorem Ipsum as their default model text, and a search for &#39;lorem ipsum&#39; will uncover many web sites still in their infancy. Various versions have evolved over the years, sometimes by accident, sometimes on purpose (injected humour and the like).</p>\r\n', '', '', '', '', '', 0, 'et-dolorum-fuga', 'et dolorum fuga', '', ''),
(252, 126, 'en', 'english version et dolorum fuga', 'english version Lorem Ipsum is simply dummy text of the printing and typesetting industry. Lorem Ipsum has been the industry''s standard dummy text ever since the 1500s', 'english version <p>It is a long established fact that a reader will be distracted by the readable content of a page when looking at its layout. The point of using Lorem Ipsum is that it has a more-or-less normal distribution of letters, as opposed to using &#39;Content here, content here&#39;, making it look like readable English. Many desktop publishing packages and web page editors now use Lorem Ipsum as their default model text, and a search for &#39;lorem ipsum&#39; will uncover many web sites still in their infancy. Various versions have evolved over the years, sometimes by accident, sometimes on purpose (injected humour and the like).</p>\r\n', '', '', '', '', '', 0, 'en-et-dolorum-fuga', 'et dolorum fuga', '', ''),
(253, 127, 'vn', 'Et harum quidem', 'Lorem Ipsum is simply dummy text of the printing and typesetting industry. Lorem Ipsum has been the industry''s standard dummy text ever since the 1500s', '<p>It is a long established fact that a reader will be distracted by the readable content of a page when looking at its layout. The point of using Lorem Ipsum is that it has a more-or-less normal distribution of letters, as opposed to using &#39;Content here, content here&#39;, making it look like readable English. Many desktop publishing packages and web page editors now use Lorem Ipsum as their default model text, and a search for &#39;lorem ipsum&#39; will uncover many web sites still in their infancy. Various versions have evolved over the years, sometimes by accident, sometimes on purpose (injected humour and the like).</p>\r\n', '', '', '', '', '', 0, 'et-harum-quidem', 'Et harum quidem', '', ''),
(254, 127, 'en', 'english version Et harum quidem', 'english version Lorem Ipsum is simply dummy text of the printing and typesetting industry. Lorem Ipsum has been the industry''s standard dummy text ever since the 1500s', 'english version <p>It is a long established fact that a reader will be distracted by the readable content of a page when looking at its layout. The point of using Lorem Ipsum is that it has a more-or-less normal distribution of letters, as opposed to using &#39;Content here, content here&#39;, making it look like readable English. Many desktop publishing packages and web page editors now use Lorem Ipsum as their default model text, and a search for &#39;lorem ipsum&#39; will uncover many web sites still in their infancy. Various versions have evolved over the years, sometimes by accident, sometimes on purpose (injected humour and the like).</p>\r\n', '', '', '', '', '', 0, 'en-et-harum-quidem', 'Et harum quidem', '', ''),
(255, 128, 'vn', 'rerum facilis est', 'Lorem Ipsum is simply dummy text of the printing and typesetting industry. Lorem Ipsum has been the industry''s standard dummy text ever since the 1500s', '<p>It is a long established fact that a reader will be distracted by the readable content of a page when looking at its layout. The point of using Lorem Ipsum is that it has a more-or-less normal distribution of letters, as opposed to using &#39;Content here, content here&#39;, making it look like readable English. Many desktop publishing packages and web page editors now use Lorem Ipsum as their default model text, and a search for &#39;lorem ipsum&#39; will uncover many web sites still in their infancy. Various versions have evolved over the years, sometimes by accident, sometimes on purpose (injected humour and the like).</p>\r\n', '', '', '', '', '', 0, 'rerum-facilis-est', 'rerum facilis est', '', ''),
(256, 128, 'en', 'english version rerum facilis est', 'english version Lorem Ipsum is simply dummy text of the printing and typesetting industry. Lorem Ipsum has been the industry''s standard dummy text ever since the 1500s', 'english version <p>It is a long established fact that a reader will be distracted by the readable content of a page when looking at its layout. The point of using Lorem Ipsum is that it has a more-or-less normal distribution of letters, as opposed to using &#39;Content here, content here&#39;, making it look like readable English. Many desktop publishing packages and web page editors now use Lorem Ipsum as their default model text, and a search for &#39;lorem ipsum&#39; will uncover many web sites still in their infancy. Various versions have evolved over the years, sometimes by accident, sometimes on purpose (injected humour and the like).</p>\r\n', '', '', '', '', '', 0, 'en-rerum-facilis-est', 'rerum facilis est', '', ''),
(257, 129, 'vn', 'et expedita distinctio', 'Lorem Ipsum is simply dummy text of the printing and typesetting industry. Lorem Ipsum has been the industry''s standard dummy text ever since the 1500s', '<p>It is a long established fact that a reader will be distracted by the readable content of a page when looking at its layout. The point of using Lorem Ipsum is that it has a more-or-less normal distribution of letters, as opposed to using &#39;Content here, content here&#39;, making it look like readable English. Many desktop publishing packages and web page editors now use Lorem Ipsum as their default model text, and a search for &#39;lorem ipsum&#39; will uncover many web sites still in their infancy. Various versions have evolved over the years, sometimes by accident, sometimes on purpose (injected humour and the like).</p>\r\n', '', '', '', '', '', 0, 'et-expedita-distinctio', 'et expedita distinctio', '', ''),
(258, 129, 'en', 'english version et expedita distinctio', 'english version Lorem Ipsum is simply dummy text of the printing and typesetting industry. Lorem Ipsum has been the industry''s standard dummy text ever since the 1500s', 'english version <p>It is a long established fact that a reader will be distracted by the readable content of a page when looking at its layout. The point of using Lorem Ipsum is that it has a more-or-less normal distribution of letters, as opposed to using &#39;Content here, content here&#39;, making it look like readable English. Many desktop publishing packages and web page editors now use Lorem Ipsum as their default model text, and a search for &#39;lorem ipsum&#39; will uncover many web sites still in their infancy. Various versions have evolved over the years, sometimes by accident, sometimes on purpose (injected humour and the like).</p>\r\n', '', '', '', '', '', 0, 'en-et-expedita-distinctio', 'et expedita distinctio', '', ''),
(259, 130, 'vn', 'Nam libero tempore', 'Lorem Ipsum is simply dummy text of the printing and typesetting industry. Lorem Ipsum has been the industry''s standard dummy text ever since the 1500s', '<p>It is a long established fact that a reader will be distracted by the readable content of a page when looking at its layout. The point of using Lorem Ipsum is that it has a more-or-less normal distribution of letters, as opposed to using &#39;Content here, content here&#39;, making it look like readable English. Many desktop publishing packages and web page editors now use Lorem Ipsum as their default model text, and a search for &#39;lorem ipsum&#39; will uncover many web sites still in their infancy. Various versions have evolved over the years, sometimes by accident, sometimes on purpose (injected humour and the like).</p>\r\n', '', '', '', '', '', 0, 'nam-libero-tempore', 'Nam libero tempore', '', ''),
(260, 130, 'en', 'english version Nam libero tempore', 'english version Lorem Ipsum is simply dummy text of the printing and typesetting industry. Lorem Ipsum has been the industry''s standard dummy text ever since the 1500s', 'english version <p>It is a long established fact that a reader will be distracted by the readable content of a page when looking at its layout. The point of using Lorem Ipsum is that it has a more-or-less normal distribution of letters, as opposed to using &#39;Content here, content here&#39;, making it look like readable English. Many desktop publishing packages and web page editors now use Lorem Ipsum as their default model text, and a search for &#39;lorem ipsum&#39; will uncover many web sites still in their infancy. Various versions have evolved over the years, sometimes by accident, sometimes on purpose (injected humour and the like).</p>\r\n', '', '', '', '', '', 0, 'en-nam-libero-tempore', 'Nam libero tempore', '', ''),
(261, 131, 'vn', 'cum soluta nobis', 'Lorem Ipsum is simply dummy text of the printing and typesetting industry. Lorem Ipsum has been the industry''s standard dummy text ever since the 1500s', '<p>It is a long established fact that a reader will be distracted by the readable content of a page when looking at its layout. The point of using Lorem Ipsum is that it has a more-or-less normal distribution of letters, as opposed to using &#39;Content here, content here&#39;, making it look like readable English. Many desktop publishing packages and web page editors now use Lorem Ipsum as their default model text, and a search for &#39;lorem ipsum&#39; will uncover many web sites still in their infancy. Various versions have evolved over the years, sometimes by accident, sometimes on purpose (injected humour and the like).</p>\r\n', '', '', '', '', '', 0, 'cum-soluta-nobis', 'cum soluta nobis', '', ''),
(262, 131, 'en', 'english version cum soluta nobis', 'english version Lorem Ipsum is simply dummy text of the printing and typesetting industry. Lorem Ipsum has been the industry''s standard dummy text ever since the 1500s', 'english version <p>It is a long established fact that a reader will be distracted by the readable content of a page when looking at its layout. The point of using Lorem Ipsum is that it has a more-or-less normal distribution of letters, as opposed to using &#39;Content here, content here&#39;, making it look like readable English. Many desktop publishing packages and web page editors now use Lorem Ipsum as their default model text, and a search for &#39;lorem ipsum&#39; will uncover many web sites still in their infancy. Various versions have evolved over the years, sometimes by accident, sometimes on purpose (injected humour and the like).</p>\r\n', '', '', '', '', '', 0, 'en-cum-soluta-nobis', 'cum soluta nobis', '', '');

-- --------------------------------------------------------

--
-- Table structure for table `nhan_ban_tin`
--

CREATE TABLE IF NOT EXISTS `nhan_ban_tin` (
  `id` int(11) NOT NULL,
  `email` varchar(200) NOT NULL,
  `time` timestamp NOT NULL DEFAULT CURRENT_TIMESTAMP ON UPDATE CURRENT_TIMESTAMP
) ENGINE=InnoDB AUTO_INCREMENT=19 DEFAULT CHARSET=latin1;

--
-- Dumping data for table `nhan_ban_tin`
--

INSERT INTO `nhan_ban_tin` (`id`, `email`, `time`) VALUES
(1, 'tuan@gmail.com', '2017-11-29 13:54:44'),
(2, 'donguyenthinh30031989@gmail.com', '2017-12-23 01:12:33'),
(3, 'truongquangtuan3110@gmail.com', '2018-01-03 12:04:35'),
(4, 'truongquangtuan3110@gmail.com', '2018-01-03 12:12:05'),
(5, 'donguyenthinh30031989@gmail.com', '2018-01-04 07:40:46'),
(6, 'truongquangtuan3110@gmail.com', '2018-01-04 09:02:07'),
(7, 'donguyenthinh30031989@gmail.com', '2018-01-04 09:31:40'),
(8, 'donguyenthinh30031989@gmail.com', '2018-01-04 10:17:09'),
(9, 'viethung95cute@gmail.com', '2018-03-27 07:55:42'),
(10, 'viethung95cute@gmail.com', '2018-03-28 05:08:41'),
(11, 'viethung95cute@gmail.com', '2018-03-28 05:12:29'),
(12, 'viethung95cute@gmail.com', '2018-03-28 05:13:40'),
(13, 'viethung95cute@gmail.com', '2018-03-28 05:45:42'),
(14, 'viethung95cute@gmail.com', '2018-03-28 05:48:44'),
(15, 'hung71483@gmail.com', '2018-03-28 05:51:51'),
(16, 'hung71483@gmail.com', '2018-03-28 05:54:44'),
(17, 'hung71483@gmail.com', '2018-03-28 06:01:14'),
(18, 'hung71483@gmail.com', '2018-03-28 06:03:03');

-- --------------------------------------------------------

--
-- Table structure for table `nhan_tai_lieu`
--

CREATE TABLE IF NOT EXISTS `nhan_tai_lieu` (
  `id` int(11) NOT NULL,
  `email` varchar(200) NOT NULL,
  `time` timestamp NOT NULL DEFAULT CURRENT_TIMESTAMP ON UPDATE CURRENT_TIMESTAMP
) ENGINE=InnoDB AUTO_INCREMENT=4 DEFAULT CHARSET=latin1;

--
-- Dumping data for table `nhan_tai_lieu`
--

INSERT INTO `nhan_tai_lieu` (`id`, `email`, `time`) VALUES
(1, 'tuan@gmail.com', '2017-11-29 12:33:22'),
(2, 'manh@gmail.com', '2017-12-02 11:58:58'),
(3, 'ngockhanh260614@gmail.com', '2017-12-03 04:05:33');

-- --------------------------------------------------------

--
-- Table structure for table `obsolete_products_file`
--

CREATE TABLE IF NOT EXISTS `obsolete_products_file` (
  `id` int(11) NOT NULL,
  `name` varchar(600) CHARACTER SET utf8 COLLATE utf8_unicode_ci NOT NULL
) ENGINE=InnoDB AUTO_INCREMENT=4 DEFAULT CHARSET=latin1;

--
-- Dumping data for table `obsolete_products_file`
--

INSERT INTO `obsolete_products_file` (`id`, `name`) VALUES
(3, 'tuan.pdf');

-- --------------------------------------------------------

--
-- Table structure for table `operating_file`
--

CREATE TABLE IF NOT EXISTS `operating_file` (
  `id` int(11) NOT NULL,
  `name` varchar(600) CHARACTER SET utf8 COLLATE utf8_unicode_ci NOT NULL
) ENGINE=InnoDB AUTO_INCREMENT=2 DEFAULT CHARSET=latin1;

--
-- Dumping data for table `operating_file`
--

INSERT INTO `operating_file` (`id`, `name`) VALUES
(1, 'tuan.pdf');

-- --------------------------------------------------------

--
-- Table structure for table `optionsQ1`
--

CREATE TABLE IF NOT EXISTS `optionsQ1` (
  `optionsQ1_id` int(11) NOT NULL,
  `optionsQ1_value` varchar(255) COLLATE utf8_unicode_ci DEFAULT NULL
) ENGINE=InnoDB AUTO_INCREMENT=6 DEFAULT CHARSET=utf8 COLLATE=utf8_unicode_ci;

--
-- Dumping data for table `optionsQ1`
--

INSERT INTO `optionsQ1` (`optionsQ1_id`, `optionsQ1_value`) VALUES
(1, 'Đau rát'),
(2, 'Chảy máu khi đi vệ sinh'),
(3, 'Ngứa ngáy, khó chịu, ẩm ướt có mùi khó chịu'),
(4, 'Búi trĩ sa ra ngoài (nhìn hoặc sờ)'),
(5, 'Không có biểu hiện nào như trên');

-- --------------------------------------------------------

--
-- Table structure for table `optionsQ2`
--

CREATE TABLE IF NOT EXISTS `optionsQ2` (
  `optionsQ2_id` int(11) NOT NULL,
  `optionsQ2_value` varchar(255) COLLATE utf8_unicode_ci DEFAULT NULL
) ENGINE=InnoDB AUTO_INCREMENT=3 DEFAULT CHARSET=utf8 COLLATE=utf8_unicode_ci;

--
-- Dumping data for table `optionsQ2`
--

INSERT INTO `optionsQ2` (`optionsQ2_id`, `optionsQ2_value`) VALUES
(1, 'Có'),
(2, 'Không');

-- --------------------------------------------------------

--
-- Table structure for table `optionsQ3`
--

CREATE TABLE IF NOT EXISTS `optionsQ3` (
  `optionsQ3_id` int(11) NOT NULL,
  `optionsQ3_value` varchar(255) COLLATE utf8_unicode_ci DEFAULT NULL
) ENGINE=InnoDB AUTO_INCREMENT=4 DEFAULT CHARSET=utf8 COLLATE=utf8_unicode_ci;

--
-- Dumping data for table `optionsQ3`
--

INSERT INTO `optionsQ3` (`optionsQ3_id`, `optionsQ3_value`) VALUES
(1, 'Mới (đang bị)'),
(2, 'Lâu, tái đi tái lại'),
(3, 'Lâu, nhưng giờ đang bình thường');

-- --------------------------------------------------------

--
-- Table structure for table `optionsQ4`
--

CREATE TABLE IF NOT EXISTS `optionsQ4` (
  `optionsQ4_id` int(11) NOT NULL,
  `optionsQ4_value` varchar(255) COLLATE utf8_unicode_ci DEFAULT NULL
) ENGINE=InnoDB AUTO_INCREMENT=5 DEFAULT CHARSET=utf8 COLLATE=utf8_unicode_ci;

--
-- Dumping data for table `optionsQ4`
--

INSERT INTO `optionsQ4` (`optionsQ4_id`, `optionsQ4_value`) VALUES
(1, 'Máu dính trên giấy vệ sinh'),
(2, 'Máu dính trên phân hoặc nhỏ giọt'),
(3, 'Máu chảy thành tia'),
(4, 'Không thấy máu');

-- --------------------------------------------------------

--
-- Table structure for table `optionsQ5`
--

CREATE TABLE IF NOT EXISTS `optionsQ5` (
  `optionsQ5_id` int(11) NOT NULL,
  `optionsQ5_value` varchar(255) COLLATE utf8_unicode_ci DEFAULT NULL
) ENGINE=InnoDB AUTO_INCREMENT=5 DEFAULT CHARSET=utf8 COLLATE=utf8_unicode_ci;

--
-- Dumping data for table `optionsQ5`
--

INSERT INTO `optionsQ5` (`optionsQ5_id`, `optionsQ5_value`) VALUES
(1, 'Hơi đau, tức hậu môn, khó chịu'),
(2, 'Đau nhiều, rát. đỡ khi nằm'),
(3, 'Rất đau rát, đứng ngồi, nằm không yên'),
(4, 'Không đau, bình thường');

-- --------------------------------------------------------

--
-- Table structure for table `optionsQ6`
--

CREATE TABLE IF NOT EXISTS `optionsQ6` (
  `optionsQ6_id` int(11) NOT NULL,
  `optionsQ6_value` varchar(255) COLLATE utf8_unicode_ci DEFAULT NULL
) ENGINE=InnoDB AUTO_INCREMENT=5 DEFAULT CHARSET=utf8 COLLATE=utf8_unicode_ci;

--
-- Dumping data for table `optionsQ6`
--

INSERT INTO `optionsQ6` (`optionsQ6_id`, `optionsQ6_value`) VALUES
(1, 'Ít, lồi ra như hạt ngô'),
(2, 'Nhiều, lồi ra bằng 1/3 đốt ngón tay'),
(3, 'Rất nhiều, dài >2.5cm'),
(4, 'Không sa, bình thường');

-- --------------------------------------------------------

--
-- Table structure for table `optionsQ7`
--

CREATE TABLE IF NOT EXISTS `optionsQ7` (
  `optionsQ7_id` int(11) NOT NULL,
  `optionsQ7_value` varchar(255) COLLATE utf8_unicode_ci DEFAULT NULL
) ENGINE=InnoDB AUTO_INCREMENT=3 DEFAULT CHARSET=utf8 COLLATE=utf8_unicode_ci;

--
-- Dumping data for table `optionsQ7`
--

INSERT INTO `optionsQ7` (`optionsQ7_id`, `optionsQ7_value`) VALUES
(1, 'Không tự co vào được, ấn vào lại sa ra, hoặc rặn nhẹ là sa ra'),
(2, 'Tự co lên được sau khi ấn vào nhẹ');

-- --------------------------------------------------------

--
-- Table structure for table `optionsQ8`
--

CREATE TABLE IF NOT EXISTS `optionsQ8` (
  `optionsQ8_id` int(11) NOT NULL,
  `optionsQ8_value` varchar(255) COLLATE utf8_unicode_ci DEFAULT NULL
) ENGINE=InnoDB AUTO_INCREMENT=4 DEFAULT CHARSET=utf8 COLLATE=utf8_unicode_ci;

--
-- Dumping data for table `optionsQ8`
--

INSERT INTO `optionsQ8` (`optionsQ8_id`, `optionsQ8_value`) VALUES
(1, 'Khô, thoáng bình thường, không có dịch'),
(2, 'Hơi ẩm, ít mùi'),
(3, 'Ướt, có dịch vào đồ lót, mùi khó chịu');

-- --------------------------------------------------------

--
-- Table structure for table `optionsQ9`
--

CREATE TABLE IF NOT EXISTS `optionsQ9` (
  `optionsQ9_id` int(11) NOT NULL,
  `optionsQ9_value` varchar(255) COLLATE utf8_unicode_ci DEFAULT NULL
) ENGINE=InnoDB AUTO_INCREMENT=4 DEFAULT CHARSET=utf8 COLLATE=utf8_unicode_ci;

--
-- Dumping data for table `optionsQ9`
--

INSERT INTO `optionsQ9` (`optionsQ9_id`, `optionsQ9_value`) VALUES
(1, 'Có'),
(2, 'Không'),
(3, 'Có nhưng mức độ 3-4h/ngày');

-- --------------------------------------------------------

--
-- Table structure for table `orders`
--

CREATE TABLE IF NOT EXISTS `orders` (
  `orders_id` int(11) NOT NULL,
  `users_id` int(11) DEFAULT NULL,
  `session_id` varchar(255) COLLATE utf8_unicode_ci DEFAULT NULL,
  `orders_receiver_name` text COLLATE utf8_unicode_ci,
  `orders_receiver_email` text COLLATE utf8_unicode_ci,
  `orders_receiver_phone` text COLLATE utf8_unicode_ci,
  `orders_receiver_address` text COLLATE utf8_unicode_ci,
  `orders_receiver_note` text COLLATE utf8_unicode_ci,
  `orders_total_price` float DEFAULT NULL,
  `currency_id` int(11) DEFAULT NULL,
  `orders_created_date` datetime DEFAULT NULL,
  `orders_state` int(11) NOT NULL DEFAULT '1'
) ENGINE=InnoDB DEFAULT CHARSET=utf8 COLLATE=utf8_unicode_ci;

-- --------------------------------------------------------

--
-- Table structure for table `order_detail`
--

CREATE TABLE IF NOT EXISTS `order_detail` (
  `order_detail_id` int(11) NOT NULL,
  `order_id` int(11) DEFAULT NULL,
  `session_id` varchar(255) COLLATE utf8_unicode_ci DEFAULT NULL,
  `product_id` int(11) DEFAULT NULL,
  `order_detail_quantity` int(11) DEFAULT NULL,
  `order_detail_price` double DEFAULT NULL,
  `order_detail_note` text COLLATE utf8_unicode_ci,
  `state` int(11) NOT NULL DEFAULT '0',
  `product_name` text COLLATE utf8_unicode_ci,
  `currency_id` int(11) DEFAULT NULL
) ENGINE=InnoDB DEFAULT CHARSET=utf8 COLLATE=utf8_unicode_ci;

-- --------------------------------------------------------

--
-- Table structure for table `order_state`
--

CREATE TABLE IF NOT EXISTS `order_state` (
  `order_state_id` int(11) NOT NULL,
  `order_state_name` text COLLATE utf8_unicode_ci,
  `state` int(11) NOT NULL
) ENGINE=InnoDB AUTO_INCREMENT=8 DEFAULT CHARSET=utf8 COLLATE=utf8_unicode_ci;

--
-- Dumping data for table `order_state`
--

INSERT INTO `order_state` (`order_state_id`, `order_state_name`, `state`) VALUES
(1, 'Chờ xác nhận', 0),
(2, 'Đã xác nhận', 0),
(3, 'Chờ thanh toán', 0),
(4, 'Đã thanh toán', 0),
(5, 'Chờ gửi hàng', 0),
(6, '	\r\nHủy đơn hàng', 0),
(7, '	\r\nĐã chuyển hàng', 0);

-- --------------------------------------------------------

--
-- Table structure for table `page`
--

CREATE TABLE IF NOT EXISTS `page` (
  `page_id` int(11) NOT NULL,
  `page_name` text COLLATE utf8_unicode_ci,
  `page_des` text COLLATE utf8_unicode_ci,
  `page_content` text COLLATE utf8_unicode_ci,
  `page_img` text COLLATE utf8_unicode_ci,
  `page_created_date` datetime DEFAULT NULL,
  `page_update_date` datetime DEFAULT NULL,
  `state` int(11) NOT NULL DEFAULT '0',
  `page_sub_info1` text COLLATE utf8_unicode_ci,
  `page_sub_info2` text COLLATE utf8_unicode_ci,
  `page_sub_info3` text COLLATE utf8_unicode_ci,
  `page_sub_info4` text COLLATE utf8_unicode_ci,
  `page_sub_info5` text COLLATE utf8_unicode_ci,
  `keyword` text COLLATE utf8_unicode_ci,
  `title_seo` text COLLATE utf8_unicode_ci,
  `des_seo` text COLLATE utf8_unicode_ci,
  `friendly_url` text COLLATE utf8_unicode_ci,
  `created_id` int(11) DEFAULT NULL
) ENGINE=InnoDB AUTO_INCREMENT=47 DEFAULT CHARSET=utf8 COLLATE=utf8_unicode_ci;

--
-- Dumping data for table `page`
--

INSERT INTO `page` (`page_id`, `page_name`, `page_des`, `page_content`, `page_img`, `page_created_date`, `page_update_date`, `state`, `page_sub_info1`, `page_sub_info2`, `page_sub_info3`, `page_sub_info4`, `page_sub_info5`, `keyword`, `title_seo`, `des_seo`, `friendly_url`, `created_id`) VALUES
(35, 'Giới thiệu', 'Lĩnh vực hoạt động: Marketing Online toàn diện - quảng cáo, seo, thiết kế website, email marketing, thiết kế đồ họa, quản trị mạng xã hội, quản trị website,…..', '<h1>C&Aacute;CH THỨC THANH TO&Aacute;N</h1>\r\n\r\n<p><img alt="" src="http://hanoistudio.thietkewebsitegbvn.com/images/thanhtoan/1.png" /></p>\r\n\r\n<h2>THANH TO&Aacute;N COD: NHẬN H&Agrave;NG V&Agrave; THANH TO&Aacute;N TIỀN MẶT</h2>\r\n\r\n<p>Khi qu&yacute; kh&aacute;ch y&ecirc;u cầu h&igrave;nh thức thanh to&aacute;n COD tức nhận h&agrave;ng v&agrave; thanh to&aacute;n tiền mặt, Qu&yacute; kh&aacute;ch vui l&ograve;ng lưu &yacute; những quy định sau:</p>\r\n\r\n<p>- Đối với c&aacute;c sản phẩm được giao h&agrave;ng bởi nh&acirc;n vi&ecirc;n c&ocirc;ng ty, Qu&yacute; kh&aacute;ch vui l&ograve;ng thanh to&aacute;n đầy đủ sau khi nh&acirc;n vi&ecirc;n đ&atilde; giao h&agrave;ng cho Qu&yacute; kh&aacute;ch. Nếu cần hỗ trợ hướng dẫn sử dụng, hoặc kiểm tra m&aacute;y m&oacute;c, thiết bị ch&uacute;ng t&ocirc;i sẵn s&agrave;ng hỗ trợ ngay tại chỗ.&nbsp;<br />\r\n- Đối với h&agrave;ng h&oacute;a được gởi theo đường bưu điện hoặc dịch vụ chuyển ph&aacute;t nhanh. Qu&yacute; kh&aacute;ch vui l&ograve;ng thanh to&aacute;n trước cho nh&acirc;n vi&ecirc;n giao h&agrave;ng rồi mới b&oacute;c mở h&agrave;ng h&oacute;a (Đ&acirc;y l&agrave; quy định bắt buộc của đơn vị vận chuyển). Sau khi b&oacute;c mở h&agrave;ng h&oacute;a, nếu Qu&yacute; kh&aacute;ch cần th&ecirc;m hỗ trợ g&igrave;, Qu&yacute; kh&aacute;ch vui l&ograve;ng li&ecirc;n hệ với c&ocirc;ng ty ch&uacute;ng t&ocirc;i.</p>\r\n\r\n<h2>2. THANH TO&Aacute;N QUA NH&Agrave; XE, ĐƠN VỊ CHUYỂN PH&Aacute;T</h2>\r\n\r\n<p>Đối với c&aacute;c tỉnh ở xa khu vực th&agrave;nh phố Hồ Ch&iacute; Minh hay H&agrave; Nội. Ch&uacute;ng t&ocirc;i thường lựa chọn phương thức vận chuyển bằng xe kh&aacute;ch hoặc ch&agrave;nh xe vận chuyển. Điều n&agrave;y l&agrave;m giảm chi ph&iacute; vận chuyển đ&aacute;ng kể cho kh&aacute;ch h&agrave;ng. V&igrave; những sản phẩm c&oacute; k&iacute;ch thước hoặc trọng lượng lớn gần như kh&ocirc;ng thể gởi bưu điện hoặc c&oacute; gởi cước ph&iacute; sẽ rất cao. Do đ&oacute; Qu&yacute; kh&aacute;ch lưu &yacute; một số vấn đề sau đ&acirc;y:</p>\r\n\r\n<p>- C&ocirc;ng ty sẽ &aacute;p dụng ch&iacute;nh s&aacute;ch nh&agrave; xe thu tiền hộ c&ocirc;ng ty. Do đ&oacute; nếu được y&ecirc;u cầu thu hộ, Qu&yacute; kh&aacute;ch vui l&ograve;ng chuẩn bị tiền thanh to&aacute;n trực tiếp cho nh&agrave; xe hoặc đơn vị vận chuyển do c&ocirc;ng ty y&ecirc;u cầu.&nbsp;<br />\r\n- Đối với c&aacute;c sản phẩm c&oacute; trọng lượng lớn v&agrave; kỹ thuật sử dụng phức tạp, Qu&yacute; kh&aacute;ch c&oacute; thể y&ecirc;u cầu nh&acirc;n vi&ecirc;n c&ocirc;ng ty đến tận nh&agrave; lắp đặt. V&agrave; sẽ thanh to&aacute;n cho nh&acirc;n vi&ecirc;n giao h&agrave;ng hoặc nh&acirc;n vi&ecirc;n lắp đặt t&ugrave;y theo th&ocirc;ng b&aacute;o của c&ocirc;ng ty.</p>\r\n\r\n<h2>3. THANH TO&Aacute;N TẠI C&Ocirc;NG TY</h2>\r\n\r\n<p>Qu&yacute; kh&aacute;ch mua h&agrave;ng c&oacute; thể đến địa chỉ c&ocirc;ng ty để xem h&agrave;ng v&agrave; mua h&agrave;ng:</p>\r\n\r\n<p>167 - 169 B&igrave;nh Lợi (Nơ Trang Long nối d&agrave;i), P. 13, Quận B&igrave;nh Thạnh, Tp. Hồ Ch&iacute; Minh .</p>\r\n\r\n<h2>4. THANH TO&Aacute;N C&Ocirc;NG NỢ</h2>\r\n\r\n<p>Đối với c&aacute;c c&ocirc;ng ty đề nghị thanh to&aacute;n c&ocirc;ng nợ, hai b&ecirc;n cần x&aacute;c nhận đơn đặt h&agrave;ng v&agrave; thời gian c&ocirc;ng nợ hoặc gởi PO đặt h&agrave;ng qua Email: Hotrospro@gmail.com. C&ocirc;ng ty sẽ xem x&eacute;t c&aacute;c trường hợp cụ thể v&agrave; th&ocirc;ng b&aacute;o đến kh&aacute;ch h&agrave;ng về việc c&oacute; chấp nhận c&ocirc;ng nợ hay kh&ocirc;ng.&nbsp;<br />\r\nLi&ecirc;n hệ trực tiếp qua số điện thoại: 0283 5 534 298 hoặc 0986 954 423</p>\r\n\r\n<h2>5. THANH TO&Aacute;N CHUYỂN KHOẢN</h2>\r\n\r\n<p><img alt="" src="http://hanoistudio.thietkewebsitegbvn.com/images/thanhtoan/2.jpg" /></p>\r\n\r\n<p>Qu&yacute; Kh&aacute;ch vui l&ograve;ng chuyển tiền v&agrave;o một trong c&aacute;c t&agrave;i khoản sau:</p>\r\n\r\n<ul>\r\n	<li>Chủ t&agrave;i khoản: C&ocirc;ng ty TNHH C&ocirc;ng Nghiệp v&agrave; Thương Mại Nam Việt&nbsp;<br />\r\n	- Số TK: 060059386363&nbsp;<br />\r\n	- Tại NH Sacombank - PGD Phan Đăng Lưu - Chi nh&aacute;nh 8/3&nbsp;</li>\r\n	<li>Chủ TK: CT TNHH C&ocirc;ng Nghiệp v&agrave; TM Nam Việt&nbsp;<br />\r\n	- Số TK: 0531002529891&nbsp;<br />\r\n	- Tại NH Vietcombank - Chi nh&aacute;nh Đ&ocirc;ng S&agrave;i G&ograve;n&nbsp;</li>\r\n	<li>Chủ TK: C&ocirc;ng ty TNHH C&ocirc;ng Nghiệp v&agrave; Thương Mại Nam Việt - Số TK: 19026579068019 - Tại NH Techcombank - Chi nh&aacute;nh Nguyễn Th&aacute;i Sơn</li>\r\n</ul>\r\n', '17761076_1333587866719468_3529098457172812176_o.jpg', '2017-05-11 16:05:22', '2018-07-13 18:07:48', 1, '', '', '', '', '', 'Goldbridge Việt Nam', 'Giới thiệu', 'Lĩnh vực hoạt động: Marketing Online toàn diện - quảng cáo, seo, thiết kế website, email marketing, thiết kế đồ họa, quản trị mạng xã hội, quản trị website,…..', 'gioi-thieu', 1),
(36, 'Tư vấn', 'Bảng giá dịch thuật công chứng Giá tốt, chất lượng cao, dịch ngay\r\nHơn 8000 CTV Dịch thuật · Hơn 10 năm kinh nghiệm · 100% khách hàng hài lòng', '<h2><strong>PHƯƠNG THỨC GIAO DỊCH ĐỐI VỚI B&Aacute;O GI&Aacute; DỊCH THUẬT</strong></h2>\r\n\r\n<p>1. Ch&uacute;ng t&ocirc;i sẽ giao nhận t&agrave;i liệu tận nơi với những đơn đặt h&agrave;ng tr&ecirc;n 50 trang t&agrave;i liệu.<br />\r\n2. Để tiến h&agrave;nh c&ocirc;ng t&aacute;c dịch thuật v&agrave; phi&ecirc;n dịch Hợp đồng Qu&yacute; kh&aacute;ch cần đặt trước 30% gi&aacute; trị hợp đồng.<br />\r\n3. Nếu qu&yacute; kh&aacute;ch l&agrave; c&ocirc;ng ty c&oacute; nhu cầu dịch thuật dưới 10 trang, Qu&yacute; kh&aacute;ch chỉ cần fax x&aacute;c nhận y&ecirc;u cầu c&oacute; đầy đủ th&ocirc;ng tin li&ecirc;n quan k&egrave;m con dấu, ch&uacute;ng t&ocirc;i sẽ tiến h&agrave;nh thực hiện y&ecirc;u cầu dịch m&agrave; kh&ocirc;ng cần tiền đặt cọc hợp đồng.<br />\r\n4. Đối với kh&aacute;ch h&agrave;ng thường xuy&ecirc;n dịch tại C&ocirc;ng ty dịch thuật Ch&acirc;u &Aacute;, ch&uacute;ng t&ocirc;i sẽ giao nhận tận nơi miễn ph&iacute;.</p>\r\n\r\n<p><strong>Phần ưu ti&ecirc;n kh&aacute;ch h&agrave;ng dịch với số lượng lớn</strong><br />\r\n1. Giảm 5% với số lượng từ 100 &ndash; 500 trang<br />\r\n2. Giảm 10% với số lượng từ 500 &ndash; 1000 trang<br />\r\n3. Giảm 15% với số lượng 1000 trang trở l&ecirc;n</p>\r\n\r\n<p><strong>Lưu &yacute; quan trọng:</strong></p>\r\n\r\n<ul>\r\n	<li>Gi&aacute; dịch chưa bao gồm VAT (10%).</li>\r\n	<li>Mức gi&aacute; tr&ecirc;n kh&ocirc;ng &aacute;p dụng đối với Kh&aacute;ch h&agrave;ng dịch chuy&ecirc;n ng&agrave;nh, dịch gấp, c&ocirc;ng chứng gấp.</li>\r\n	<li>Văn bản hiệu đ&iacute;nh: Hiệu đ&iacute;nh = 50% tiền dịch. Nếu t&agrave;i liệu hiệu đ&iacute;nh sai tr&ecirc;n 30% th&igrave; bản hiệu đ&iacute;nh đ&oacute; được t&iacute;nh bằng tiền dịch.</li>\r\n	<li>Số lượng từ tr&ecirc;n một trang được quy định dưới 300 từ (D&ugrave;ng hệ thống đếm từ tự động Word Count), trường hợp t&agrave;i liệu của qu&yacute; kh&aacute;ch l&agrave; bản cứng kh&ocirc;ng thể đếm từ được sẽ t&iacute;nh x&aacute;c xuất hoặc t&iacute;nh theo bản dịch l&uacute;c n&agrave;y số lượng từ tr&ecirc;n trang sản phẩm c&oacute; thể quy định lại, th&ocirc;ng thường sẽ giao động 10-20%.</li>\r\n	<li>Gi&aacute; dịch từ tiếng nước ngo&agrave;i n&agrave;y sang tiếng nước ngo&agrave;i kh&aacute;c sẽ bằng chi ph&iacute; dịch từ tiếng nước ngo&agrave;i n&agrave;y ra tiếng Việt cộng với từ tiếng Việt sang tiếng nước ngo&agrave;i thứ hai hoặc sẽ t&iacute;nh ph&iacute; dịch trực tiếp nếu c&oacute; y&ecirc;u cầu người bản địa dịch thuật lại</li>\r\n	<li>Nếu qu&yacute; kh&aacute;ch y&ecirc;u cầu dịch gấp, dịch v&agrave;o ng&agrave;y nghỉ, ng&agrave;y lễ gi&aacute; dịch sẽ tăng 25 %, th&ocirc;ng thường đơn đặt h&agrave;ng tr&ecirc;n 20 trang lấy trong ng&agrave;y được coi l&agrave; gấp. Nếu l&agrave; kh&aacute;ch h&agrave;ng thường xuy&ecirc;n của Dịch thuật v&agrave; Phi&ecirc;n dịch Ch&acirc;u &Aacute; qu&yacute; kh&aacute;ch sẽ được miễn ph&iacute; dịch vụ cộng th&ecirc;m n&agrave;y.</li>\r\n	<li>Đối với t&agrave;i liệu chuy&ecirc;n ng&agrave;nh như: Hợp đồng kinh tế, kỹ thuật, thương mại, t&agrave;i ch&iacute;nh,y học, dược phẩm... th&igrave; ngo&agrave;i tiền dịch + 30% tiền dịch chuy&ecirc;n ng&agrave;nh.</li>\r\n</ul>\r\n\r\n<h3>BẢNG GI&Aacute; DỊCH THUẬT N&Agrave;Y C&Oacute; THỂ THAY ĐỔI PHỤ THUỘC V&Agrave;O NHU CẦU THỰC TẾ CỦA DỰ &Aacute;N, HỢP ĐỒNG V&Agrave; SỰ THỎA THUẬN GIỮA HAI B&Ecirc;N !</h3>\r\n\r\n<p>Chuyển ngữ v&agrave; địa phương h&oacute;a t&agrave;i liệu rất quan trọng n&oacute; c&oacute; ảnh hưởng rất lớn đến c&ocirc;ng việc v&agrave; quyết định trong dự &aacute;n của bạn. Qu&yacute; kh&aacute;ch đang t&igrave;m một đơn vị&nbsp;<a href="https://www.dichthuatchaua.com/bien-phien-dich/dich-thuat/dich-thuat-cong-chung.html" title="Dịch thuật công chứng">Dịch Thuật</a>&nbsp;chuy&ecirc;n nghiệp v&agrave; gi&agrave;u kinh nghiệm trong việc Địa phương h&oacute;a t&agrave;i liệu, đảm bảo thời gian ch&iacute;nh x&aacute;c v&agrave; chất lượng tuyệt đối, chi ph&iacute; hợp l&yacute; nhất. H&atilde;y li&ecirc;n hệ ngay với&nbsp;<a href="https://www.dichthuatchaua.com/gioi-thieu-cong-ty-dich-thuat.html" title="Công ty dịch thuật chuyên nghiệp">C&ocirc;ng ty dịch thuật Ch&acirc;u &Aacute;</a>&nbsp;để được nhưng chuy&ecirc;n gia tư vấn chuy&ecirc;n nghiệp, gi&agrave;u kinh nghiệm gi&uacute;p Qu&yacute; kh&aacute;ch.</p>\r\n\r\n<p><img alt="" height="800" src="/image/images/55e7557453f13-sierra-fig2.jpg" width="1600" /></p>\r\n\r\n<p>&nbsp;</p>\r\n\r\n<p>Dự &aacute;n, Hợp đồng của Qu&yacute; kh&aacute;ch h&agrave;ng rất quan trọng, Qu&yacute; kh&aacute;ch h&agrave;ng đang muốn t&igrave;m một đơn vị Dịch thuật c&oacute; thể đảm bảo về thời gian, chất lượng v&agrave; cung cấp gi&aacute; cả tốt nhất, h&atilde;y li&ecirc;n lạc với số Hotline: 0932232318 (H&agrave; Nội) hoặc 0932237939 (TP HCM) của Dich thuật v&agrave; Phi&ecirc;n dịch Ch&acirc;u &Aacute; sẽ l&agrave;m Qu&yacute; kh&aacute;ch h&agrave;i l&ograve;ng.</p>\r\n\r\n<p>Cảm ơn Qu&yacute; kh&aacute;ch đ&atilde; ngh&eacute; thăm website của Dịch thuật v&agrave; Phi&ecirc;n dịch Ch&acirc;u &Aacute;, ch&uacute;ng t&ocirc;i lu&ocirc;n cam kết đưa ra mức gi&aacute; cạnh tranh v&agrave; chất lương v&agrave; bảo mật bảo đảm tuyệt đối.</p>\r\n', NULL, '2017-05-11 16:05:03', '2018-11-13 10:11:43', 1, '', '', '', '', '', '', 'Tư vấn', '', 'tu-van', 1),
(37, 'Tuyển Cộng Tác Viên', 'Việc làm Cộng Tác Viên tại Hà Nội - Hàng nghìn thông tin tuyển dụng Cộng Tác Viên tại Hà Nội từ những nhà tuyển dụng uy tín. Ứng tuyển ngay!', '<p>1. Nội dung c&ocirc;ng việc :<br />\r\n<br />\r\n. Triển khai c&aacute;c bản vẽ nội thất để sản xuất : tủ, giường, b&agrave;n, ghế.... bằng phần mềm autocad<br />\r\n<br />\r\n. Hỗ trợ kiểm tra đối chiếu bản vẽ với b&ecirc;n sản xuất hoặc tại c&ocirc;ng tr&igrave;nh<br />\r\n<br />\r\n2. Y&ecirc;u cầu :<br />\r\n<br />\r\n. Nam/ nữ c&oacute; kinh nghiệm tối thiểu 1 năm về họa vi&ecirc;n autocad cho c&aacute;c xưởng sản xuất nội thất<br />\r\n<br />\r\n. C&oacute; hiểu biết về kết cấu , kỹ thuật sản phẩm, thao t&aacute;c nhanh tr&ecirc;n phần mềm Autocad<br />\r\n<br />\r\n. C&oacute; phương tiện đi lại<br />\r\n<br />\r\n. C&oacute; thể đi c&ocirc;ng t&aacute;c ngắn hạn.<br />\r\n<br />\r\n. C&oacute; thể tăng ca theo y&ecirc;u cầu<br />\r\n<br />\r\n3. Chế độ :<br />\r\n<br />\r\n. Lương : 6.000.000 VND / th&aacute;ng hoặc thỏa thuận<br />\r\n<br />\r\n. L&agrave;m việc tại showroom 233B B&ugrave;i Thị Xu&acirc;n T&acirc;n B&igrave;nh HCM<br />\r\n<br />\r\n. Lương th&aacute;ng 13. ph&eacute;p năm, thưởng chuy&ecirc;n cần. thưởng lễ tết<br />\r\n<br />\r\n4. Th&ocirc;ng tin kh&aacute;c:<br />\r\n<br />\r\n. Nộp hồ sơ trực tiếp hoặc trực tuyến<br />\r\n<br />\r\n. Hồ sơ c&oacute; c&aacute;c bản vẽ đ&atilde; từng thực hiện<br />\r\n<br />\r\n. Tham khảo th&ecirc;m th&ocirc;ng tin c&ocirc;ng ty tại : www.zenhomes.vn<br />\r\n<br />\r\nLoại h&igrave;nh c&ocirc;ng việc: To&agrave;n thời gian<br />\r\n<br />\r\nLương: ₫6.000.000 /th&aacute;ng<br />\r\n<br />\r\nKinh nghiệm y&ecirc;u cầu:<br />\r\n<br />\r\nkhai triển autocad nội thất: 1 năm</p>\r\n', NULL, '2017-05-18 02:05:05', '2017-06-08 08:06:21', 1, '', '', '', '', '', 'tuyên cộng tác viên', 'Tuyển Cộng Tác Viên ', 'Việc làm Cộng Tác Viên tại Hà Nội - Hàng nghìn thông tin tuyển dụng Cộng Tác Viên tại Hà Nội từ những nhà tuyển dụng uy tín. Ứng tuyển ngay!', 'tuyen-cong-tac-vien', 1),
(39, 'Câu hỏi thường gặp', 'Mô tả ngắn của bài viết, mô tả ngắn của bài viết, mô tả ngắn của bài viết, mô tả ngắn của bài viết, mô tả ngắn của bài viết', '<h1>Tiêu đề tin tức</h1>\r\n                                \r\n                                <p class="desPageNews" style="width:100%; margin:10px 0px; font-weight:bold; font-size:14px;">Mô tả ngắn của bài viết, mô tả ngắn của bài viết, mô tả ngắn của bài viết, mô tả ngắn của bài viết, mô tả ngắn của bài viết</p>\r\n                                <img src="../image/slide1.jpg">\r\n                                \r\n                                <h2>Thẻ h2</h2>\r\n    \r\n                                <p>Nội dung bài viết, nội dung bài viết, nội dung bài viết, nội dung bài viết, nội dung bài viết, nội dung bài viết, nội dung bài viết, nội dung bài viết. Nội dung bài viết, nội dung bài viết, nội dung bài viết, nội dung bài viết, nội dung bài viết, nội dung bài viết, nội dung bài viết, nội dung bài viết</p>\r\n                                \r\n                                <h2>Thẻ h2</h2>\r\n    \r\n                                <p>Nội dung bài viết, nội dung bài viết, nội dung bài viết, nội dung bài viết, nội dung bài viết, nội dung bài viết, nội dung bài viết, nội dung bài viết. Nội dung bài viết, nội dung bài viết, nội dung bài viết, nội dung bài viết, nội dung bài viết, nội dung bài viết, nội dung bài viết, nội dung bài viết</p>\r\n                                <img src="../image/formImgCate.jpg">', NULL, '2017-07-10 15:07:50', '2017-07-10 15:07:35', 1, '', '', '', '', '', '', 'Câu hỏi thường gặp', 'Mô tả ngắn của bài viết, mô tả ngắn của bài viết, mô tả ngắn của bài viết, mô tả ngắn của bài viết, mô tả ngắn của bài viế', 'cau-hoi-thuong-gap', 1),
(40, 'Chính sách bảo mật', '', '<h2>DP GREEN-PHAR cam kết bảo mật th&ocirc;ng tin c&aacute; nh&acirc;n của tất cả kh&aacute;ch h&agrave;ng.</h2>\r\n\r\n<p>Cảm ơn bạn đ&atilde; truy cập website: www.greenphar.com<br />\r\nCh&uacute;ng t&ocirc;i hiểu r&otilde; tầm quan trọng của sự ri&ecirc;ng tư v&agrave; sẽ giữ b&iacute; mật th&ocirc;ng tin c&aacute; nh&acirc;n của bạn. Xin vui l&ograve;ng đọc bản Ch&iacute;nh s&aacute;ch bảo mật th&ocirc;ng tin n&agrave;y v&agrave; hiểu c&aacute;c h&agrave;nh động li&ecirc;n quan về th&ocirc;ng tin c&aacute; nh&acirc;n của bạn. Ch&iacute;nh s&aacute;ch bảo mật th&ocirc;ng tin n&agrave;y c&oacute; thể thay đổi m&agrave; kh&ocirc;ng th&ocirc;ng b&aacute;o trước, do đ&oacute; bạn vui l&ograve;ng thường xuy&ecirc;n r&agrave; so&aacute;t, cập nhật c&aacute;c điều khoản để biết những thay đổi.</p>\r\n\r\n<h2>Điều 1. Mục đ&iacute;ch v&agrave; phạm vi thu thập th&ocirc;ng tin</h2>\r\n\r\n<h3>1.1. Mục đ&iacute;ch thu thập th&ocirc;ng tin:</h3>\r\n\r\n<p>Ch&uacute;ng t&ocirc;i thực hiện việc thu thập th&ocirc;ng tin của bạn th&ocirc;ng qua website n&agrave;y nhằm:<br />\r\nDP GREEN-PHAR trung t&acirc;m tư vấn &amp; t&igrave;m giải ph&aacute;p xử l&yacute; c&aacute;c bệnh ngo&agrave;i cộng đồng.<br />\r\nGiải đ&aacute;p thắc mắc của bạn về vấn đề c&aacute;c bệnh m&agrave; bạn thắc mắc v&agrave; quan t&acirc;m.<br />\r\nGiới thiệu c&aacute;c h&agrave;ng h&oacute;a v&agrave; dịch vụ c&oacute; thể ph&ugrave; hợp với c&aacute;c nhu cầu v&agrave; sở th&iacute;ch của bạn.<br />\r\nCung cấp những th&ocirc;ng tin mới nhất của website.<br />\r\nXem x&eacute;t v&agrave; n&acirc;ng cấp nội dung, giao diện của website.<br />\r\nThực hiện hoạt động khảo s&aacute;t kh&aacute;ch h&agrave;ng.<br />\r\nThực hiện c&aacute;c hoạt động quảng b&aacute; sản phẩm v&agrave; giới thiệu những chương tr&igrave;nh khuyến m&atilde;i.<br />\r\nGiải quyết c&aacute;c vấn đề, tranh chấp ph&aacute;t sinh li&ecirc;n quan đến việc sử dụng website.<br />\r\nCh&uacute;ng t&ocirc;i bảo lưu quyền từ chối tr&aacute;ch nhiệm về bất kỳ thiệt hại n&agrave;o ph&aacute;t sinh nếu th&ocirc;ng tin c&aacute; nh&acirc;n của bạn bị đ&aacute;nh cắp, bị mất hoặc bị thiệt hại do sự cố hoặc bằng bất kỳ c&aacute;ch n&agrave;o kh&aacute;c.</p>\r\n\r\n<h3>1.2. Phạm vi thu thập th&ocirc;ng tin c&aacute; nh&acirc;n:</h3>\r\n\r\n<p>Th&ocirc;ng tin c&aacute; nh&acirc;n m&agrave; ch&uacute;ng t&ocirc;i thu thập của bạn khi bạn gửi thắc mắc về cho ch&uacute;ng t&ocirc;i, bao gồm:<br />\r\nHọ, t&ecirc;n, Năm sinh.<br />\r\nĐịa chỉ li&ecirc;n hệ.<br />\r\nĐiện thoại li&ecirc;n hệ.<br />\r\nEmail.<br />\r\nTh&ocirc;ng tin bệnh l&yacute; v&agrave; những thắc mắc về bệnh học li&ecirc;n quan.</p>\r\n\r\n<h2>Điều 2. Phạm vi sử dụng th&ocirc;ng tin</h2>\r\n\r\n<p>Th&ocirc;ng tin của bạn được sử dụng để ch&uacute;ng t&ocirc;i hoặc c&aacute;c b&ecirc;n c&oacute; li&ecirc;n quan kh&aacute;c c&oacute; thể thực hiện c&aacute;c y&ecirc;u cầu của bạn.<br />\r\nCh&uacute;ng t&ocirc;i c&oacute; thể li&ecirc;n hệ với bạn hoặc giới thiệu bạn đến c&aacute;c cuộc nghi&ecirc;n cứu bao gồm nghi&ecirc;n cứu sự h&agrave;i l&ograve;ng của kh&aacute;ch h&agrave;ng, thị trường, nội dung c&aacute; nh&acirc;n kh&aacute;c, hoặc c&oacute; li&ecirc;n quan đến một số giao dịch nhất định.<br />\r\nCh&uacute;ng t&ocirc;i thu thập th&ocirc;ng tin về truy cập website của bạn gồm những th&ocirc;ng tin c&oacute; thể nhận biết v&agrave; kh&ocirc;ng thể nhận biết để ph&acirc;n t&iacute;ch (v&iacute; dụ: dữ liệu ph&acirc;n t&iacute;ch việc truy cập website, &hellip;).<br />\r\nTh&ocirc;ng tin của bạn được sử dụng để gi&uacute;p cung cấp cho c&aacute;c dịch vụ của ch&uacute;ng t&ocirc;i v&agrave; ch&uacute;ng t&ocirc;i c&oacute; thể cung cấp th&ocirc;ng tin cho c&aacute;c c&ocirc;ng ty đại diện ch&uacute;ng t&ocirc;i. Những c&ocirc;ng ty n&agrave;y cũng chịu sự r&agrave;ng buộc nghi&ecirc;m ngặt bởi Ch&iacute;nh s&aacute;ch Bảo mật của ch&uacute;ng t&ocirc;i.</p>\r\n\r\n<h2>Điều 3. Thời gian lưu trữ th&ocirc;ng tin</h2>\r\n\r\n<p>Ch&uacute;ng t&ocirc;i sẽ lưu trữ c&aacute;c th&ocirc;ng tin c&aacute; nh&acirc;n do kh&aacute;ch h&agrave;ng cung cấp tr&ecirc;n c&aacute;c hệ thống quản l&yacute;, lưu trữ dữ liệu của ch&uacute;ng t&ocirc;i hoặc ch&uacute;ng t&ocirc;i thu&ecirc; trong qu&aacute; tr&igrave;nh cung cấp dịch vụ cho kh&aacute;ch h&agrave;ng cho đến khi ho&agrave;n th&agrave;nh mục đ&iacute;ch thu thập hoặc khi bạn c&oacute; y&ecirc;u cầu hủy c&aacute;c th&ocirc;ng tin đ&atilde; cung cấp.</p>\r\n\r\n<h2>Điều 4. Địa chỉ của đơn vị thu thập v&agrave; quản l&yacute; th&ocirc;ng tin c&aacute; nh&acirc;n</h2>\r\n\r\n<p><strong>C&Ocirc;NG TY CỔ PHẦN DP GREEN-PHAR</strong><br />\r\nĐịa chỉ: Số 19, Ng&otilde; 4, phố Văn La, H&agrave; Đ&ocirc;ng, H&agrave; Nội.<br />\r\nĐiện thoại: (024) 6262.7731<br />\r\nEmail: dpgreenphar@gmail.com</p>\r\n\r\n<h2>Điều 5. Phương tiện v&agrave; c&ocirc;ng cụ để người d&ugrave;ng tiếp cận v&agrave; chỉnh sửa dữ liệu c&aacute; nh&acirc;n của m&igrave;nh.</h2>\r\n\r\n<p>Bạn c&oacute; thể tự đăng nhập v&agrave;o website qua link www.greenphar.com &nbsp;v&agrave; chỉnh sửa c&aacute;c th&ocirc;ng tin c&aacute; nh&acirc;n như: t&ecirc;n, số điện thoại, địa chỉ giao-nhận h&agrave;ng, ...<br />\r\nNếu bạn kh&ocirc;ng quan t&acirc;m hoặc kh&ocirc;ng muốn nhận tin tức, th&ocirc;ng tin, bạn c&oacute; thể thay đổi th&ocirc;ng tin của bạn v&agrave;o bất kỳ l&uacute;c n&agrave;o bằng c&aacute;ch gửi email về cho ch&uacute;ng t&ocirc;i qua địa chỉ email: cskh@greenphar.com</p>\r\n\r\n<h2>Điều 6. Cam kết bảo mật th&ocirc;ng tin c&aacute; nh&acirc;n kh&aacute;ch h&agrave;ng</h2>\r\n\r\n<p>Ngo&agrave;i việc sử dụng c&aacute;c th&ocirc;ng tin của bạn v&agrave;o c&aacute;c mục đ&iacute;ch n&ecirc;u tại Khoản 1.1 Điều 1 của Ch&iacute;nh s&aacute;ch bảo mật n&agrave;y v&agrave; phạm vi n&ecirc;u tại Điều 2 của Ch&iacute;nh s&aacute;ch bảo mật n&agrave;y, Ch&uacute;ng t&ocirc;i sẽ giữ b&iacute; mật th&ocirc;ng tin c&aacute; nh&acirc;n của bạn.&nbsp;Xin vui l&ograve;ng đọc bản Ch&iacute;nh s&aacute;ch bảo mật th&ocirc;ng tin n&agrave;y v&agrave; hiểu c&aacute;c h&agrave;nh động li&ecirc;n quan về th&ocirc;ng tin c&aacute; nh&acirc;n của bạn. Ch&iacute;nh s&aacute;ch bảo mật th&ocirc;ng tin n&agrave;y c&oacute; thể thay đổi m&agrave; kh&ocirc;ng th&ocirc;ng b&aacute;o trước, do đ&oacute; bạn vui l&ograve;ng thường xuy&ecirc;n r&agrave; so&aacute;t, cập nhật c&aacute;c điều khoản n&agrave;y để biết những thay đổi.<br />\r\n<strong>Ch&iacute;nh s&aacute;ch bảo mật tại DP GREEN- PHAR</strong><br />\r\n- DP GREEN-PHAR c&oacute; thể thay đổi ch&iacute;nh s&aacute;ch bảo mật v&agrave; mọi thay đổi sẽ được c&ocirc;ng khai tr&ecirc;n website www.greenphar.com<br />\r\n- Tất cả c&aacute;c thay đổi về ch&iacute;nh s&aacute;ch bảo mật ch&uacute;ng t&ocirc;i đều tu&acirc;n thủ theo quy định của Ph&aacute;p Luật Nh&agrave; Nước hiện h&agrave;nh.<br />\r\n- Mọi &yacute; kiến thắc mắc, khiếu nại v&agrave; tranh chấp vui l&ograve;ng li&ecirc;n hệ với ch&uacute;ng t&ocirc;i qua hotline Chăm s&oacute;c kh&aacute;ch h&agrave;ng:&nbsp;<strong>(024) 6262. 7731</strong><br />\r\n<br />\r\nTr&acirc;n trọng,<br />\r\n<strong>DP GREEN- PHAR: Chu Đ&aacute;o, Tin Cậy!</strong></p>\r\n', NULL, '2017-07-10 22:07:44', '2017-07-11 02:07:46', 1, '', '', '', '', '', '', 'Chính sách bảo mật', '', 'chinh-sach-bao-mat', 1),
(41, 'Chính sách đổi - trả', '', '<p>Qu&yacute; kh&aacute;ch vui l&ograve;ng chắc chắn rằng sản phẩm y&ecirc;u cầu đổi (trả) thỏa m&atilde;n điều kiện đổi trả h&agrave;ng của DP GREEN- PHAR tại ch&iacute;nh s&aacute;ch đổi trả h&agrave;ng h&oacute;a như sau:<br />\r\n<strong><em>C&aacute;c trường hợp được quyền đổi - trả sản phẩm:</em></strong><br />\r\nĐổi - trả do đơn h&agrave;ng sai hoặc thiếu sản phẩm so với th&ocirc;ng tin đặt h&agrave;ng.<br />\r\nTrả h&agrave;ng - ho&agrave;n tiền sản phẩm lỗi do qu&aacute; tr&igrave;nh vận chuyển (hộp thuốc bị bể, ẩm mốc,&hellip;).<br />\r\nTrả h&agrave;ng - ho&agrave;n tiền sản phẩm lỗi sản xuất (nh&atilde;n m&aacute;c kh&ocirc;ng r&otilde; chữ, th&ocirc;ng tin tr&ecirc;n bao b&igrave; sản phẩm kh&ocirc;ng ch&iacute;nh x&aacute;c, sản phẩm đ&atilde; bị mở trước khi đến tay kh&aacute;ch h&agrave;ng...).<br />\r\nTrả h&agrave;ng - ho&agrave;n tiền do lỗi giao h&agrave;ng sản phẩm hết hạn sử dụng.<br />\r\n<strong><em>Điều kiện bắt buộc:</em></strong><br />\r\nSản phẩm kh&ocirc;ng c&oacute; dấu hiệu đ&atilde; qua sử dụng, c&ograve;n nguy&ecirc;n hộp, tem, m&aacute;c, seal (seal vỏ hộp v&agrave; seal chai thuốc).<br />\r\nTrong trường hợp Kh&aacute;ch h&agrave;ng đ&atilde; khui seal vỏ hộp v&agrave; ph&aacute;t hiện chai thuốc c&oacute; lỗi sản xuất, vui l&ograve;ng chụp h&igrave;nh v&agrave; gọi Hotline để BP CSKH hướng dẫn th&ecirc;m.<br />\r\nĐối với c&aacute;c sản phẩm đ&atilde; khui seal chai thuốc, DP GREEN- PHAR xin được từ chối đổi trả.<br />\r\nQu&yacute; kh&aacute;ch h&agrave;ng lưu &yacute; lu&ocirc;n lu&ocirc;n kiểm tra kĩ t&igrave;nh trạng sản phẩm sau khi nhận được ngay tại thời điểm nhận h&agrave;ng v&agrave; c&oacute; sự chứng kiến của nh&acirc;n vi&ecirc;n giao h&agrave;ng. C&aacute;c vấn đề như bể vỡ, vỏ hộp chai thuốc bị r&aacute;ch n&aacute;t hoặc seal đ&atilde; bị mở, &hellip; Tất cả những sự cố n&agrave;y sẽ chỉ được đổi trả nếu do lỗi từ ph&iacute;a nh&acirc;n vi&ecirc;n của DP GREEN- PHAR v&agrave; đơn vị vận chuyển ViettelPost.</p>\r\n\r\n<h2>Thời hạn đổi trả h&agrave;ng</h2>\r\n\r\n<p>Sau khi nhận được sản phẩm của kh&aacute;ch h&agrave;ng gửi trả, Bộ phận Chăm s&oacute;c Kh&aacute;ch h&agrave;ng sẽ tiến h&agrave;nh kiểm tra chất lượng sản phẩm ngay lập tức. Quy tr&igrave;nh kiểm tra h&agrave;ng đổi trả được thực hiện trong v&ograve;ng từ 1-3 ng&agrave;y l&agrave;m việc, kết quả kiểm tra sẽ được th&ocirc;ng b&aacute;o đến kh&aacute;ch h&agrave;ng qua email v&agrave; tin nhắn điện thoại sau khi ho&agrave;n tất.<br />\r\nSau khi nhận được email hoặc tin nhắn th&ocirc;ng b&aacute;o từ DP GREEN- PHAR, kh&aacute;ch h&agrave;ng c&oacute; thể kiểm tra t&igrave;nh trạng đổi trả hoặc ho&agrave;n tiền th&ocirc;ng qua c&ocirc;ng cụ kiểm tra đơn h&agrave;ng của&nbsp;<strong>DP GREEN-PHAR</strong>.</p>\r\n\r\n<h2>Phương thức đổi trả h&agrave;ng đ&atilde; mua</h2>\r\n\r\n<p><strong><em>Bước 1:</em></strong> Đăng k&iacute;<br />\r\nKh&aacute;ch h&agrave;ng c&oacute; thể li&ecirc;n hệ với bộ phận chăm s&oacute;c kh&aacute;ch h&agrave;ng của DP GREEN-PHAR qua hotline (024) 6262.7731 hoặc truy cập trang web: WWW.GREENPHAR.COM &nbsp;v&agrave; cung cấp th&ocirc;ng tin chi tiết về sản phẩm lỗi gồm:<br />\r\n- T&ecirc;n sản phẩm<br />\r\n- M&atilde; số đơn h&agrave;ng, l&ocirc; sản xuất, hạn sử dụng<br />\r\n- Lỗi sản phẩm (m&ocirc; tả chi tiết v&agrave; k&egrave;m ảnh chụp)<br />\r\n<strong><em>Bước 2:</em></strong> Nhận tin nhắn x&aacute;c nhận đ&atilde; đăng k&yacute; đổi/trả th&agrave;nh c&ocirc;ng v&agrave; email hướng dẫn đ&oacute;ng g&oacute;i sản phẩm ho&agrave;n trả.<br />\r\nSau khi y&ecirc;u cầu đổi/trả được chấp nhận, DP GREEN-PHAR sẽ gửi đến qu&yacute; kh&aacute;ch một tin nhắn v&agrave; email hướng dẫn c&aacute;ch gửi trả sản phẩm.<br />\r\n<strong><em>Bước 3:</em></strong> Đ&oacute;ng g&oacute;i theo hướng dẫn v&agrave; mang sản phẩm đến Bưu Điện<br />\r\n<strong><em>Bước 4:</em></strong> Gửi trả sản phẩm về DP GREEN-PHAR<br />\r\nKh&aacute;ch h&agrave;ng vui l&ograve;ng gửi sản phẩm qua đường Bưu Điện về DP GREEN-PHAR trong v&ograve;ng 3 ng&agrave;y l&agrave;m việc kể từ khi th&ocirc;ng b&aacute;o với bộ phận Chăm S&oacute;c Kh&aacute;ch H&agrave;ng v&agrave; gửi k&egrave;m:<br />\r\n- H&oacute;a đơn mua h&agrave;ng hoặc đ&iacute;nh k&egrave;m giấy ghi ch&uacute; c&oacute; m&atilde; đơn h&agrave;ng<br />\r\n- H&oacute;a đơn gi&aacute; trị gia tăng (nếu c&oacute;)<br />\r\n- Phụ kiện đi k&egrave;m sản phẩm v&agrave; tặng khuyến m&atilde;i k&egrave;m theo (nếu c&oacute;)<br />\r\n<strong><em>Một số lưu &yacute; khi gửi h&agrave;ng đến bưu điện:</em></strong><br />\r\n- Kh&ocirc;ng ni&ecirc;m phong bề mặt th&ugrave;ng ​trước khi ho&agrave;n tất qu&aacute; tr&igrave;nh gửi h&agrave;ng ​v&igrave; c&oacute; thể bưu điện cần kiểm tra trước khi nhận h&agrave;ng. Đ&oacute;ng g&oacute;i, ch&egrave;n l&oacute;t sản phẩm như ban đầu.<br />\r\n- Cung cấp cho nh&acirc;n vi&ecirc;n bưu điện m&atilde; đơn h&agrave;ng v&agrave; m&atilde; gửi h&agrave;ng b&ecirc;n DP GREEN-PHAR đ&atilde; cung cấp. - Lưu &yacute; kh&ocirc;ng d&aacute;n băng keo trực tiếp l&ecirc;n hộp sản phẩm v&igrave; y&ecirc;u cầu đổi/trả c&oacute; thể sẽ bị từ chối nếu hộp sản phẩm bị hư hỏng.<br />\r\n- Vui l&ograve;ng li&ecirc;n hệ Bộ phận Chăm s&oacute;c Kh&aacute;ch h&agrave;ng của DP GREEN-PHAR &nbsp;(024) 6262. 7731&nbsp;khi c&oacute; bất cứ kh&oacute; khăn xảy ra trong qu&aacute; tr&igrave;nh l&agrave;m việc với bưu điện.<br />\r\n- Điền th&ocirc;ng tin m&atilde; số đơn h&agrave;ng l&ecirc;n th&ugrave;ng h&agrave;ng v&agrave; gửi về DP GREEN- PHAR theo địa chỉ nh&acirc;n vi&ecirc;n chăm s&oacute;c kh&aacute;ch h&agrave;ng đ&atilde; cung cấp.<br />\r\n<strong>Note:</strong>&nbsp;<em>Trong trường hợp kh&ocirc;ng nhớ th&ocirc;ng tin ở bước số 4, qu&yacute; kh&aacute;ch c&oacute; thể xuất tr&igrave;nh tin nhắn hoặc email nhận được từ DP GREEN- PHAR đ&atilde; gửi (ở bước 2) cho nh&acirc;n vi&ecirc;n bưu điện v&agrave; l&agrave;m theo hướng dẫn.</em><br />\r\n<span style="color:#C00">Lưu &yacute;:</span> Kh&aacute;ch h&agrave;ng trong qu&aacute; tr&igrave;nh gửi trả sản phẩm về DP GREEN-PHAR sẽ chịu ho&agrave;n to&agrave;n tr&aacute;ch nhiệm về trạng th&aacute;i nguy&ecirc;n vẹn của sản phẩm.<br />\r\nSau khi nhận được sản phẩm kh&aacute;ch h&agrave;ng gửi trả về, DP GREEN- PHAR sẽ phản hồi v&agrave; cập nhật th&ocirc;ng tin tr&ecirc;n từng giai đoạn xử l&yacute; đến kh&aacute;ch h&agrave;ng qua email hoặc sms.</p>\r\n\r\n<h2>C&aacute;ch thức nhận lại tiền khi mua h&agrave;ng online</h2>\r\n\r\n<h3>Kh&aacute;ch h&agrave;ng sẽ nhận được số tiền ho&agrave;n trả sau bao l&acirc;u?</h3>\r\n\r\n<p>DP GREEN- PHAR sẽ ho&agrave;n tiền cho kh&aacute;ch h&agrave;ng trong trường hợp kh&aacute;ch h&agrave;ng trả hay hủy đơn h&agrave;ng.<br />\r\nPhương thức ho&agrave;n tiền bằng c&aacute;ch chuyển khoản ng&acirc;n h&agrave;ng.<br />\r\nTh&ocirc;ng tin sẽ được cập nhật đến cho qu&yacute; kh&aacute;ch bằng email hoặc SMS khi thủ tục ho&agrave;n tiền được tiến h&agrave;nh.<br />\r\n<strong>Phương thức ho&agrave;n tiền:</strong> Chuyển khoản ng&acirc;n h&agrave;ng<br />\r\n<strong>Thời gian ho&agrave;n tiền:</strong> 3 - 5 ng&agrave;y l&agrave;m việc<br />\r\nTrong trường hợp đ&atilde; vượt qu&aacute; c&aacute;c khoảng thời gian ho&agrave;n tiền tr&ecirc;n nhưng kh&aacute;ch h&agrave;ng vẫn chưa nhận được tiền, xin vui l&ograve;ng li&ecirc;n hệ với ng&acirc;n h&agrave;ng để được hỗ trợ hoặc Tổng đ&agrave;i Chăm s&oacute;c Kh&aacute;ch h&agrave;ng của DP GREEN-PHAR&nbsp;<strong>(024) 6262.7731</strong></p>\r\n\r\n<h3>Chi ph&iacute; cho việc đổi trả h&agrave;ng</h3>\r\n\r\n<p>Qu&yacute; Kh&aacute;ch h&agrave;ng vui l&ograve;ng thanh to&aacute;n tiền ph&iacute; vận chuyển khi Kh&aacute;ch h&agrave;ng thực hiện gửi h&agrave;ng tại bưu điện. DP GREEN- PHAR sẽ kh&ocirc;ng ho&agrave;n trả chi ph&iacute; n&agrave;y. Tuy nhi&ecirc;n sẽ giao h&agrave;ng miễn ph&iacute; đối với những đơn h&agrave;ng thuộc nh&oacute;m &ldquo;Đổi h&agrave;ng&quot;. Nếu c&oacute; bất k&igrave; vấn đề g&igrave; ph&aacute;t sinh, qu&yacute; kh&aacute;ch c&oacute; thể li&ecirc;n hệ với bộ phận CSKH của DP GREEN-PHAR theo Hotline&nbsp;<strong>(024) 6262.7731</strong></p>\r\n', NULL, '2017-07-10 22:07:03', '2017-07-11 02:07:28', 1, '', '', '', '', '', '', 'Chính sách đổi - trả', '', 'chinh-sach-doi-tra', 1),
(42, 'Hệ thống nhà thuốc', '', '<p>T&acirc;t cả c&aacute;c sản phẩm của DP GREEN-PHAR&nbsp;đ&atilde; được ph&acirc;n phối tại hơn 1000 nh&agrave; thuốc tại c&aacute;c tỉnh th&agrave;nh tr&ecirc;n khắp miền bắc<br />\r\nVui l&ograve;ng li&ecirc;n hệ tổng đ&agrave;i CSKH: <em><strong>024. 6262.7731</strong></em> để biết địa chỉ nh&agrave; thuốc gần nhất nơi bạn ở.<br />\r\nXin ch&acirc;n th&agrave;nh cảm ơn qu&yacute; kh&aacute;ch đ&atilde; tin d&ugrave;ng sản phẩm của <strong>DP GREEN-PHAR</strong>.</p>\r\n', NULL, '2017-07-10 22:07:22', '2017-07-11 02:07:17', 1, '', '', '', '', '', '', 'Hệ thống nhà thuốc', '', 'he-thong-nha-thuoc', 1),
(43, 'Hình thức giao hàng', '', '<p>Sau khi đặt h&agrave;ng th&agrave;nh c&ocirc;ng, Bộ phận Chăm s&oacute;c Kh&aacute;ch h&agrave;ng của DP GREEN- PHAR sẽ li&ecirc;n hệ với Qu&yacute; kh&aacute;ch để x&aacute;c nhận v&agrave; gửi email/sms về th&ocirc;ng tin đơn h&agrave;ng trong thời gian sớm nhất. Hiện tại DP GREEN-PHAR hợp t&aacute;c với ViettelPost - đơn vị chuyển ph&aacute;t h&agrave;ng đầu tại Việt Nam để thực hiện chuyển ph&aacute;t c&aacute;c sản phẩm tới Qu&yacute; kh&aacute;ch h&agrave;ng.<br />\r\nSau khi x&aacute;c nhận th&agrave;nh c&ocirc;ng, đơn h&agrave;ng sẽ được giao đến Qu&yacute; kh&aacute;ch trong khoảng thời gian sau đ&acirc;y: <strong>Tại Th&agrave;nh phố Hồ Ch&iacute; Minh v&agrave; H&agrave; Nội:</strong> Giao h&agrave;ng sau 1 - 4h l&agrave;m việc<br />\r\n<strong>C&aacute;c khu vực tỉnh, th&agrave;nh c&ograve;n lại:</strong> Giao h&agrave;ng sau 1 - 2 ng&agrave;y l&agrave;m việc<br />\r\n<em>*Lưu &yacute;: thời gian giao h&agrave;ng dự kiến ở tr&ecirc;n chỉ &aacute;p dụng cho c&aacute;c đơn h&agrave;ng trong nước.</em> Tất cả c&aacute;c đơn h&agrave;ng từ khắp cả nước sẽ được chia l&agrave;m 2 khu vực v&agrave; ph&iacute; vận chuyển &aacute;p dụng cho tất cả c&aacute;c đơn h&agrave;ng của Qu&yacute; kh&aacute;ch (trong đ&oacute;, DP GREEN-PHAR đ&atilde; hỗ trợ 50-70% chi ph&iacute; giao h&agrave;ng v&agrave; ph&iacute; thu tiền hộ):<br />\r\n<strong>Khu vực 1:</strong>&nbsp;Th&agrave;nh phố Hồ Ch&iacute; Minh v&agrave; H&agrave; Nội l&agrave; 10.000đ/đơn h&agrave;ng bất kỳ<br />\r\n<strong>Khu vực 2:</strong>&nbsp;C&aacute;c tỉnh, th&agrave;nh phố c&ograve;n lại tr&ecirc;n to&agrave;n quốc l&agrave; 20.000đ/đơn h&agrave;ng bất kỳ<br />\r\n<strong>FREE SHIP NẾU ĐƠN H&Agrave;NG TR&Ecirc;N 600.000 VNĐ.</strong></p>\r\n\r\n<p>Qu&yacute; kh&aacute;ch h&agrave;ng lưu &yacute; lu&ocirc;n lu&ocirc;n kiểm tra kĩ t&igrave;nh trạng sản phẩm sau khi nhận được ngay tại thời điểm nhận h&agrave;ng v&agrave; c&oacute; sự chứng kiến của nh&acirc;n vi&ecirc;n giao h&agrave;ng. C&aacute;c vấn đề như bể vỡ, vỏ hộp chai thuốc bị r&aacute;ch n&aacute;t hoặc seal đ&atilde; bị mở, &hellip; Tất cả những sự cố n&agrave;y sẽ chỉ được đổi trả nếu do lỗi từ ph&iacute;a nh&acirc;n vi&ecirc;n của DP GREEN-PHAR v&agrave; đơn vị vận chuyển ViettelPost.</p>\r\n\r\n<p>Trong qu&aacute; tr&igrave;nh giao h&agrave;ng c&oacute; thể ph&aacute;t sinh những vấn đề ngo&agrave;i &yacute; muốn về ph&iacute;a Kh&aacute;ch h&agrave;ng khiến việc giao h&agrave;ng bị chậm trễ. DP GREEN-PHAR sẽ linh động giải quyết cho Kh&aacute;ch h&agrave;ng trong từng trường hợp như sau:<br />\r\n- Kh&aacute;ch h&agrave;ng kh&ocirc;ng cung cấp ch&iacute;nh x&aacute;c v&agrave; đầy đủ địa chỉ giao h&agrave;ng v&agrave; số điện thoại li&ecirc;n lạc.<br />\r\n- Kh&aacute;ch h&agrave;ng kh&ocirc;ng sẵn s&agrave;ng để nhận h&agrave;ng v&agrave;o thời điểm giao h&agrave;ng.<br />\r\n- DP GREEN- PHAR đ&atilde; giao h&agrave;ng đ&uacute;ng hẹn theo th&ocirc;ng tin giao h&agrave;ng nhưng kh&ocirc;ng li&ecirc;n lạc được với Kh&aacute;ch h&agrave;ng v&agrave; chờ tại địa điểm giao h&agrave;ng qu&aacute; 15 ph&uacute;t, mọi nỗ lực của nh&acirc;n vi&ecirc;n giao h&agrave;ng nhằm li&ecirc;n hệ với Kh&aacute;ch h&agrave;ng đều kh&ocirc;ng th&agrave;nh c&ocirc;ng.<br />\r\n- Những trường hợp bất khả kh&aacute;ng như thi&ecirc;n tai, tai nạn giao th&ocirc;ng, gi&aacute;n đoạn mạng lưới giao th&ocirc;ng, đứt c&aacute;p, hệ thống bị tấn c&ocirc;ng.<br />\r\nC&aacute;c trường hợp kh&aacute;c: Trong trường hợp xảy ra sự cố phức tạp hơn, DP GREEN- PHAR bảo đảm quyền lợi lớn nhất thuộc về Kh&aacute;ch h&agrave;ng.</p>\r\n', NULL, '2017-07-10 22:07:41', '2017-07-11 02:07:07', 1, '', '', '', '', '', '', 'Hình thức giao hàng', '', 'hinh-thuc-giao-hang', 1),
(44, 'Hình thức thanh toán', '', '<h2>DP GREEN- PHAR hỗ trợ 4 phương thức thanh to&aacute;n cho tất cả c&aacute;c đơn h&agrave;ng tr&ecirc;n hệ thống.</h2>\r\n\r\n<p><strong>1. Thanh to&aacute;n khi nhận h&agrave;ng (COD): </strong>Qu&yacute; kh&aacute;ch sẽ thanh to&aacute;n tiền mặt cho nh&acirc;n vi&ecirc;n giao h&agrave;ng ngay sau khi nhận được h&agrave;ng.<br />\r\n<strong>2. Thanh to&aacute;n bằng Internet Banking:</strong> Thẻ/t&agrave;i khoản ATM của qu&yacute; kh&aacute;ch c&oacute; đăng k&iacute; sử dụng dịch vụ internet banking, DP GREEN- PHAR hiện hỗ trợ thanh to&aacute;n cho phần lớn c&aacute;c ng&acirc;n h&agrave;ng tại Việt Nam:<br />\r\n<img src="../image/pay.jpg" /> <strong>3. Thanh to&aacute;n bằng thẻ quốc tế Visa, Master Card:</strong>&nbsp;Ph&iacute; thanh to&aacute;n t&ugrave;y thuộc v&agrave;o từng loại thẻ qu&yacute; kh&aacute;ch d&ugrave;ng v&agrave; ng&acirc;n h&agrave;ng ph&aacute;t h&agrave;nh thẻ. Vui l&ograve;ng li&ecirc;n hệ với ng&acirc;n h&agrave;ng ph&aacute;t h&agrave;nh thẻ để biết r&otilde; ph&iacute; thanh to&aacute;n ph&aacute;t sinh.<br />\r\n<strong>4. Chuyển khoản trực tiếp tại ng&acirc;n h&agrave;ng:<br />\r\nCHỦ T&Agrave;I KHOẢN: CT CỔ PHẦN DP GREEN PHAR<br />\r\nSTK: 0691000342789<br />\r\nchi nh&aacute;nh h&agrave; t&acirc;y, Vietcombank.</strong><br />\r\n&quot;T&ecirc;n người mua h&agrave;ng, Tỉnh/th&agrave;nh phố&quot; chuyển tiền cho đơn h&agrave;ng ng&agrave;y ... th&aacute;ng ... năm ...<br />\r\n<em>Mọi thắc mắc v&agrave; g&oacute;p &yacute; vui l&ograve;ng li&ecirc;n hệ Hotline Chăm s&oacute;c kh&aacute;ch h&agrave;ng:&nbsp;<strong>(024) 6262.7731</strong></em></p>\r\n', NULL, '2017-07-10 22:07:55', '2017-07-11 02:07:48', 1, '', '', '', '', '', '', 'Hình thức thanh toán', '', 'hinh-thuc-thanh-toan', 1),
(45, 'Điều khoản sử dụng', '', '<h2>1. Giới thiệu</h2>\r\n\r\n<p>Ch&agrave;o mừng bạn đến với trang Thương mại điện tử DP GREEN-PHAR<br />\r\nGREENPHAR.COM l&agrave; trang Thương mại điện tử của C&ocirc;ng ty Cổ phần DP GREEN- PHAR - chuy&ecirc;n ph&acirc;n phối độc quyền c&aacute;c sản phẩm do Armephaco 120- x&iacute; nghiệp dược phẩm 120, qu&acirc;n đội, nghi&ecirc;n cứu v&agrave; sản xuất, được cấp giấy chứng nhận ĐKKD số 0106800687 do Sở Kế Hoạch v&agrave; Đầu Tư H&agrave; Nội cấp ng&agrave;y 25/4/2015<br />\r\nC&ocirc;ng ty CPDP GREEN- PHAR c&oacute; trụ sở ch&iacute;nh đặt tại 19, Ng&otilde; 4, Phố Văn La- H&agrave; Đ&ocirc;ng- H&agrave; Nội.<br />\r\nKhi bạn truy cập v&agrave;o website greenphar.com của ch&uacute;ng t&ocirc;i c&oacute; nghĩa l&agrave; bạn đồng &yacute; với c&aacute;c điều khoản n&agrave;y. Website c&oacute; quyền chỉnh sửa, thay đổi, th&ecirc;m hoặc lược bỏ bất kỳ phần n&agrave;o trong Điều khoản mua b&aacute;n h&agrave;ng h&oacute;a n&agrave;y v&agrave;o bất cứ l&uacute;c n&agrave;o. C&aacute;c thay đổi c&oacute; hiệu lực ngay khi được đăng tr&ecirc;n website m&agrave; kh&ocirc;ng cần th&ocirc;ng b&aacute;o trước. V&agrave; khi bạn tiếp tục sử dụng website, sau khi c&aacute;c thay đổi về Điều khoản n&agrave;y được đăng tải, c&oacute; nghĩa l&agrave; bạn chấp nhận với những thay đổi đ&oacute; của ch&uacute;ng t&ocirc;i.<br />\r\nV&igrave; vậy, bạn vui l&ograve;ng kiểm tra thường xuy&ecirc;n v&agrave; cập nhật những thay đổi trong Điều khoản mua b&aacute;n tr&ecirc;n website của ch&uacute;ng t&ocirc;i để đảm bảo quyền lợi của m&igrave;nh.</p>\r\n\r\n<h2>2. Hướng dẫn sử dụng website</h2>\r\n\r\n<p style="text-align:center"><img alt="" height="450" src="/image/images/Hydrangeas.jpg" width="600" /></p>\r\n\r\n<p>Khi truy cập v&agrave;o website của DP GREEN-PHAR, bạn phải đảm bảo đủ 18 tuổi, hoặc c&oacute; sự gi&aacute;m s&aacute;t của cha mẹ hay người gi&aacute;m hộ hợp ph&aacute;p. Vui l&ograve;ng đảm bảo bạn c&oacute; đầy đủ h&agrave;nh vi d&acirc;n sự để thực hiện c&aacute;c giao dịch mua b&aacute;n h&agrave;ng h&oacute;a theo quy định hiện h&agrave;nh của ph&aacute;p luật Việt Nam.<br />\r\nCh&uacute;ng t&ocirc;i sẽ cũng cấp cho bạn một t&agrave;i khoản (Account) sử dụng để bạn c&oacute; thể mua sắm tr&ecirc;n website greenphar.com trong khu&ocirc;n khổ Điều khoản v&agrave; Điều kiện sử dụng đ&atilde; đề ra.<br />\r\nBạn sẽ phải đăng k&yacute; t&agrave;i khoản với th&ocirc;ng tin c&aacute; nh&acirc;n x&aacute;c thực v&agrave; phải cập nhật nếu c&oacute; bất kỳ thay đổi n&agrave;o trong qu&aacute; tr&igrave;nh sử dụng. Mỗi c&aacute; nh&acirc;n khi truy cập v&agrave;o website của DP GREEN- PHAR phải c&oacute; tr&aacute;ch nhiệm với mật khẩu, t&agrave;i khoản v&agrave; hoạt động của m&igrave;nh tr&ecirc;n web. B&ecirc;n cạnh đ&oacute;, bạn phải th&ocirc;ng b&aacute;o ngay cho ch&uacute;ng t&ocirc;i biết khi t&agrave;i khoản bị truy cập tr&aacute;i ph&eacute;p. Đối với những thiệt hại hoặc mất m&aacute;t g&acirc;y ra do bạn kh&ocirc;ng tu&acirc;n thủ quy định v&agrave; c&aacute;c điều khoản mua b&aacute;n đ&atilde; cam kết ph&iacute;a DP GREEN-PHAR sẽ kh&ocirc;ng chịu bất kỳ tr&aacute;ch nhiệm n&agrave;o, d&ugrave; trực tiếp hay gi&aacute;n tiếp.</p>\r\n\r\n<p style="text-align:center"><img alt="" height="221" src="/image/images/Cataloge%20Rem-File%20OK%2003.jpg" width="600" /></p>\r\n\r\n<p><img alt="" height="900" src="/image/images/11___.png" width="900" /><br />\r\nNghi&ecirc;m cấm sử dụng bất kỳ phần n&agrave;o của website n&agrave;y dưới mọi h&igrave;nh thức với mục đ&iacute;ch thương mại hoặc nh&acirc;n danh bất kỳ đối t&aacute;c thứ ba n&agrave;o nếu kh&ocirc;ng được sự cho ph&eacute;p bằng văn bản từ ph&iacute;a DP GREEN- PHAR. Nếu vi phạm bất cứ điều n&agrave;o trong đ&acirc;y, ch&uacute;ng t&ocirc;i sẽ hủy t&agrave;i khoản của bạn m&agrave; kh&ocirc;ng cần b&aacute;o trước.<br />\r\nBạn sẽ nhận được email quảng c&aacute;o từ website GREENPHAR.COM của ch&uacute;ng t&ocirc;i trong suốt qu&aacute; tr&igrave;nh đăng k&iacute;. Nếu cảm thấy bị l&agrave;m phiền, bạn c&oacute; thể từ chối nhận email bằng c&aacute;ch nhấp v&agrave;o đường link ở dưới c&ugrave;ng trong mọi email quảng c&aacute;o.</p>\r\n\r\n<h2>3. &Yacute; kiến của kh&aacute;ch h&agrave;ng</h2>\r\n\r\n<p>Tất cả nội dung tr&ecirc;n website v&agrave; những &yacute; kiến, nhận x&eacute;t ph&ecirc; b&igrave;nh của qu&yacute; kh&aacute;ch h&agrave;ng đều l&agrave; t&agrave;i sản của DP GREEN-PHAR ch&uacute;ng t&ocirc;i. Nếu ph&aacute;t hiện bất kỳ th&ocirc;ng tin giả mạo n&agrave;o, ch&uacute;ng t&ocirc;i sẽ v&ocirc; hiệu h&oacute;a t&agrave;i khoản của bạn ngay lập tức hoặc &aacute;p dụng c&aacute;c biện ph&aacute;p kh&aacute;c theo quy định của ph&aacute;p luật Việt Nam.</p>\r\n\r\n<h2>4. Chấp nhận đơn h&agrave;ng v&agrave; gi&aacute; cả</h2>\r\n\r\n<p>Với bất kỳ l&yacute; do g&igrave; li&ecirc;n quan đến lỗi kỹ thuật, hệ thống một c&aacute;ch kh&aacute;ch quan v&agrave;o bất kỳ l&uacute;c n&agrave;o, ph&iacute;a DP GREEN-PHAR ch&uacute;ng t&ocirc;i c&oacute; quyền từ chối hoặc hủy đơn h&agrave;ng của qu&yacute; kh&aacute;ch.<br />\r\nTrong qu&aacute; tr&igrave;nh x&aacute;c nhận đơn h&agrave;ng, ch&uacute;ng t&ocirc;i c&oacute; thể hỏi th&ecirc;m về số điện thoại v&agrave; địa chỉ của bạn để thuận tiện cho giao dịch.<br />\r\nDP GREEN-PHAR cam kết sẽ cung cấp th&ocirc;ng tin gi&aacute; cả ch&iacute;nh x&aacute;c nhất cho người ti&ecirc;u d&ugrave;ng. Tuy nhi&ecirc;n, đ&ocirc;i l&uacute;c vẫn c&oacute; sai s&oacute;t xảy ra, v&iacute; dụ như trường hợp gi&aacute; sản phẩm kh&ocirc;ng hiển thị ch&iacute;nh x&aacute;c tr&ecirc;n website hoặc sai gi&aacute;, t&ugrave;y theo từng trường hợp ph&iacute;a DP GREEN-PHAR ch&uacute;ng t&ocirc;i sẽ li&ecirc;n hệ hướng dẫn hoặc th&ocirc;ng b&aacute;o hủy đơn h&agrave;ng đ&oacute; cho qu&yacute; kh&aacute;ch.<br />\r\nDP GREEN-PHAR cũng c&oacute; quyền từ chối hoặc hủy bỏ bất kỳ đơn h&agrave;ng n&agrave;o của qu&yacute; kh&aacute;ch d&ugrave; đơn h&agrave;ng đ&oacute; đ&atilde; hay chưa được x&aacute;c nhận hoặc đ&atilde; thanh to&aacute;n.</p>\r\n\r\n<h2>5. Thay đổi hoặc hủy bỏ giao dịch</h2>\r\n\r\n<p>Trong mọi trường hợp, kh&aacute;ch h&agrave;ng đều c&oacute; quyền chấm dứt giao dịch nếu đ&atilde; thực hiện c&aacute;c biện ph&aacute;p sau đ&acirc;y:<br />\r\nTh&ocirc;ng b&aacute;o cho bộ phận chăm s&oacute;c kh&aacute;ch h&agrave;ng của DP GREEN-PHAR về việc hủy giao dịch qua hotline (024) 6262. 7731</p>\r\n\r\n<h2>6. Giải quyết lỗi nhập sai th&ocirc;ng tin</h2>\r\n\r\n<p>Kh&aacute;ch h&agrave;ng c&oacute; tr&aacute;ch nhiệm cung cấp th&ocirc;ng tin đầy đủ v&agrave; ch&iacute;nh x&aacute;c khi tham gia giao dịch tại website greenphar.com. Trong trường hợp kh&aacute;ch h&agrave;ng nhập sai th&ocirc;ng tin v&agrave; gửi v&agrave;o site thương mại điện tử greenphar.com, ch&uacute;ng t&ocirc;i c&oacute; quyền từ chối thực hiện giao dịch. Ngo&agrave;i ra, trong mọi trường hợp, kh&aacute;ch h&agrave;ng đều c&oacute; quyền đơn phương chấm dứt giao dịch nếu đ&atilde; thực hiện c&aacute;c biện ph&aacute;p sau đ&acirc;y: Li&ecirc;n hệ với bộ phậm CSKH của DP GREEN-PHAR qua hotline (024) 6262. 7731<br />\r\nTrả lại sản phẩm đ&atilde; nhận v&agrave; kh&ocirc;ng c&oacute; dấu hiệu khui mở hoặc đ&atilde; sử dụng.<br />\r\nTrong trường hợp sai th&ocirc;ng tin ph&aacute;t sinh từ ph&iacute;a DP GREEN-PHAR m&agrave; DP GREEN-PHAR c&oacute; thể chứng minh đ&oacute; l&agrave; lỗi của hệ thống, ch&uacute;ng t&ocirc;i sẽ chịu ho&agrave;n to&agrave;n tr&aacute;ch nhiệm v&agrave; đền b&ugrave; cho kh&aacute;ch h&agrave;ng.</p>\r\n\r\n<h2>7. Quyền ph&aacute;p l&yacute;</h2>\r\n\r\n<p>C&aacute;c điều kiện, điều khoản v&agrave; nội dung của website n&agrave;y được điều chỉnh bởi luật ph&aacute;p Việt Nam. T&ograve;a &aacute;n c&oacute; thẩm quyền tại Việt Nam sẽ giải quyết bất kỳ tranh chấp n&agrave;o ph&aacute;t sinh từ việc sử dụng tr&aacute;i ph&eacute;p trang web n&agrave;y.</p>\r\n\r\n<h2>8. Quy định về bảo mật</h2>\r\n\r\n<p>Website GREENPHAR.COM của ch&uacute;ng t&ocirc;i xem trọng việc bảo mật th&ocirc;ng tin, sử dụng c&aacute;c biện ph&aacute;p tốt nhất để bảo mật th&ocirc;ng tin v&agrave; việc thanh to&aacute;n của qu&yacute; kh&aacute;ch. Trong qu&aacute; tr&igrave;nh thanh to&aacute;n, th&ocirc;ng tin của qu&yacute; kh&aacute;ch sẽ được m&atilde; h&oacute;a để đảm bảo an to&agrave;n. Bạn sẽ tho&aacute;t khỏi chế độ an to&agrave;n sau khi ho&agrave;n th&agrave;nh qu&aacute; tr&igrave;nh đặt h&agrave;ng.<br />\r\nQu&yacute; kh&aacute;ch kh&ocirc;ng được sử dụng bất kỳ chương tr&igrave;nh, c&ocirc;ng cụ hay h&igrave;nh thức n&agrave;o kh&aacute;c để can thiệp v&agrave;o hệ thống hay l&agrave;m thay đổi cấu tr&uacute;c dữ liệu. Website greenphar.com cũng nghi&ecirc;m cấm việc ph&aacute;t t&aacute;n, truyền b&aacute; hay cổ vũ cho bất kỳ hoạt động n&agrave;o nhằm can thiệp, ph&aacute; hoại hay x&acirc;m nhập v&agrave;o dữ liệu của hệ thống. C&aacute; nh&acirc;n hay tổ chức vi phạm sẽ bị tước bỏ mọi quyền lợi cũng như sẽ bị truy tố trước ph&aacute;p luật nếu cần thiết.<br />\r\nMọi th&ocirc;ng tin giao dịch sẽ được bảo mật ngoại trừ trong trường hợp cơ quan ph&aacute;p luật y&ecirc;u cầu.</p>\r\n\r\n<h2>9. C&aacute;c phương thức thanh to&aacute;n &aacute;p dụng tại GREENPHAR.COM</h2>\r\n\r\n<p>Qu&yacute; kh&aacute;ch c&oacute; thể tham khảo c&aacute;c phương thức thanh to&aacute;n sau đ&acirc;y v&agrave; lựa chọn &aacute;p dụng phương thức ph&ugrave; hợp:</p>\r\n\r\n<h3>C&aacute;ch 1: Thanh to&aacute;n trực tiếp (T&igrave;m đến chuỗi nh&agrave; thuốc b&aacute;n lẻ)</h3>\r\n\r\n<p>Bước 1: T&igrave;m hiểu th&ocirc;ng tin về sản phẩm<br />\r\nBước 2: Đến địa chỉ nh&agrave; thuốc b&aacute;n lẻ<br />\r\nBước 3: Người mua thanh to&aacute;n v&agrave; nhận h&agrave;ng</p>\r\n\r\n<h3>C&aacute;ch 2: Nhận h&agrave;ng thanh to&aacute;n tiền - COD</h3>\r\n\r\n<p>Bước 1: T&igrave;m hiểu th&ocirc;ng tin về sản phẩm<br />\r\nBước 2: X&aacute;c thực đơn h&agrave;ng (qua điện thoại, tin nhắn, email)<br />\r\nBước 3: Bộ phận CSKH của DP GREEN-PHAR sẽ li&ecirc;n hệ với qu&yacute; kh&aacute;ch để x&aacute;c nhận th&ocirc;ng tin v&agrave; đơn h&agrave;ng, đủ điều kiện đơn h&agrave;ng sẽ được chuyển qua cho bộ phận giao h&agrave;ng<br />\r\nBước 4: Giao h&agrave;ng<br />\r\nBước 5: Nhận h&agrave;ng v&agrave; thanh to&aacute;n</p>\r\n\r\n<h3>C&aacute;ch 3: Thanh to&aacute;n online qua thẻ t&iacute;n dụng, chuyển khoản</h3>\r\n\r\n<p>Bước 1: T&igrave;m hiểu th&ocirc;ng tin về sản phẩm<br />\r\nBước 2: X&aacute;c thực đơn h&agrave;ng (qua điện thoại, tin nhắn, email)<br />\r\nBước 3: Kh&aacute;ch h&agrave;ng thực hiện thanh to&aacute;n 100% gi&aacute; trị đơn h&agrave;ng (đơn h&agrave;ng thanh to&aacute;n th&agrave;nh c&ocirc;ng sẽ b&aacute;o qua điện thoại, tin nhắn, email)<br />\r\nBước 4: Bộ phận CSKH của DP GREEN-PHAR sẽ li&ecirc;n hệ với qu&yacute; kh&aacute;ch để x&aacute;c nhận th&ocirc;ng tin v&agrave; đơn h&agrave;ng, đủ điều kiện đơn h&agrave;ng sẽ được chuyển qua cho bộ phận giao h&agrave;ng<br />\r\nBước 5: Giao h&agrave;ng<br />\r\nBước 6: Kh&aacute;ch h&agrave;ng nhận h&agrave;ng.</p>\r\n\r\n<h2>10. Giải quyết tranh chấp</h2>\r\n\r\n<p>Bất kỳ tranh c&atilde;i, khiếu nại hoặc tranh chấp ph&aacute;t sinh từ hoặc li&ecirc;n quan đến giao dịch tại greenphar.com hoặc c&aacute;c Quy định v&agrave; Điều kiện n&agrave;y đều sẽ được giải quyết bằng h&igrave;nh thức thương lượng, h&ograve;a giải, trọng t&agrave;i v&agrave;/hoặc T&ograve;a &aacute;n theo Luật bảo vệ Người ti&ecirc;u d&ugrave;ng Chương 4 về Giải quyết tranh chấp giữa người ti&ecirc;u d&ugrave;ng v&agrave; tổ chức, c&aacute; nh&acirc;n kinh doanh h&agrave;ng h&oacute;a, dịch vụ.</p>\r\n\r\n<h2>11. Luật ph&aacute;p v&agrave; thẩm quyền tại L&atilde;nh thổ Việt Nam</h2>\r\n\r\n<p>Tất cả c&aacute;c Điều Khoản, Điều Kiện v&agrave; Hợp Đồng n&agrave;y (v&agrave; tất cả nghĩa vụ ph&aacute;t sinh ngo&agrave;i hợp đồng hoặc c&oacute; li&ecirc;n quan) sẽ bị chi phối v&agrave; được hiểu theo luật ph&aacute;p của Việt Nam. Nếu c&oacute; tranh chấp ph&aacute;t sinh bởi c&aacute;c Quy định Sử dụng n&agrave;y, qu&yacute; kh&aacute;ch h&agrave;ng c&oacute; quyền gửi khiếu nại/khiếu kiện l&ecirc;n T&ograve;a &aacute;n c&oacute; thẩm quyền tại Việt Nam để giải quyết.</p>\r\n', 'Tulips.jpg', '2017-07-10 22:07:51', '2017-09-22 07:09:11', 1, '', '', '', '', '', '', 'Điều khoản sử dụng', '', 'dieu-khoan-su-dung', 1),
(46, ' hệ thống', '', '', NULL, '2018-03-27 11:03:18', '2018-06-21 10:06:01', 1, '', '', '', '', '', '', ' hệ thống', '', 'he-thong', 1);

-- --------------------------------------------------------

--
-- Table structure for table `page_languages`
--

CREATE TABLE IF NOT EXISTS `page_languages` (
  `id` bigint(20) NOT NULL,
  `page_id` int(11) DEFAULT NULL,
  `languages_code` varchar(255) COLLATE utf8_unicode_ci DEFAULT NULL,
  `lang_page_name` text COLLATE utf8_unicode_ci,
  `lang_page_des` text COLLATE utf8_unicode_ci,
  `lang_page_content` text COLLATE utf8_unicode_ci,
  `lang_page_sub_info1` text COLLATE utf8_unicode_ci,
  `lang_page_sub_info2` text COLLATE utf8_unicode_ci,
  `lang_page_sub_info3` text COLLATE utf8_unicode_ci,
  `lang_page_sub_info4` text COLLATE utf8_unicode_ci,
  `lang_page_sub_info5` text COLLATE utf8_unicode_ci,
  `edit_state` int(11) NOT NULL DEFAULT '0',
  `friendly_url` varchar(255) COLLATE utf8_unicode_ci DEFAULT NULL,
  `title_seo` varchar(255) COLLATE utf8_unicode_ci DEFAULT NULL,
  `keyword` text COLLATE utf8_unicode_ci,
  `des_seo` text COLLATE utf8_unicode_ci
) ENGINE=InnoDB AUTO_INCREMENT=59 DEFAULT CHARSET=utf8 COLLATE=utf8_unicode_ci;

--
-- Dumping data for table `page_languages`
--

INSERT INTO `page_languages` (`id`, `page_id`, `languages_code`, `lang_page_name`, `lang_page_des`, `lang_page_content`, `lang_page_sub_info1`, `lang_page_sub_info2`, `lang_page_sub_info3`, `lang_page_sub_info4`, `lang_page_sub_info5`, `edit_state`, `friendly_url`, `title_seo`, `keyword`, `des_seo`) VALUES
(35, 35, 'vn', 'Giới thiệu', 'Lĩnh vực hoạt động: Marketing Online toàn diện - quảng cáo, seo, thiết kế website, email marketing, thiết kế đồ họa, quản trị mạng xã hội, quản trị website,…..', '<h1>C&Aacute;CH THỨC THANH TO&Aacute;N</h1>\r\n\r\n<p><img alt="" src="http://hanoistudio.thietkewebsitegbvn.com/images/thanhtoan/1.png" /></p>\r\n\r\n<h2>THANH TO&Aacute;N COD: NHẬN H&Agrave;NG V&Agrave; THANH TO&Aacute;N TIỀN MẶT</h2>\r\n\r\n<p>Khi qu&yacute; kh&aacute;ch y&ecirc;u cầu h&igrave;nh thức thanh to&aacute;n COD tức nhận h&agrave;ng v&agrave; thanh to&aacute;n tiền mặt, Qu&yacute; kh&aacute;ch vui l&ograve;ng lưu &yacute; những quy định sau:</p>\r\n\r\n<p>- Đối với c&aacute;c sản phẩm được giao h&agrave;ng bởi nh&acirc;n vi&ecirc;n c&ocirc;ng ty, Qu&yacute; kh&aacute;ch vui l&ograve;ng thanh to&aacute;n đầy đủ sau khi nh&acirc;n vi&ecirc;n đ&atilde; giao h&agrave;ng cho Qu&yacute; kh&aacute;ch. Nếu cần hỗ trợ hướng dẫn sử dụng, hoặc kiểm tra m&aacute;y m&oacute;c, thiết bị ch&uacute;ng t&ocirc;i sẵn s&agrave;ng hỗ trợ ngay tại chỗ.&nbsp;<br />\r\n- Đối với h&agrave;ng h&oacute;a được gởi theo đường bưu điện hoặc dịch vụ chuyển ph&aacute;t nhanh. Qu&yacute; kh&aacute;ch vui l&ograve;ng thanh to&aacute;n trước cho nh&acirc;n vi&ecirc;n giao h&agrave;ng rồi mới b&oacute;c mở h&agrave;ng h&oacute;a (Đ&acirc;y l&agrave; quy định bắt buộc của đơn vị vận chuyển). Sau khi b&oacute;c mở h&agrave;ng h&oacute;a, nếu Qu&yacute; kh&aacute;ch cần th&ecirc;m hỗ trợ g&igrave;, Qu&yacute; kh&aacute;ch vui l&ograve;ng li&ecirc;n hệ với c&ocirc;ng ty ch&uacute;ng t&ocirc;i.</p>\r\n\r\n<h2>2. THANH TO&Aacute;N QUA NH&Agrave; XE, ĐƠN VỊ CHUYỂN PH&Aacute;T</h2>\r\n\r\n<p>Đối với c&aacute;c tỉnh ở xa khu vực th&agrave;nh phố Hồ Ch&iacute; Minh hay H&agrave; Nội. Ch&uacute;ng t&ocirc;i thường lựa chọn phương thức vận chuyển bằng xe kh&aacute;ch hoặc ch&agrave;nh xe vận chuyển. Điều n&agrave;y l&agrave;m giảm chi ph&iacute; vận chuyển đ&aacute;ng kể cho kh&aacute;ch h&agrave;ng. V&igrave; những sản phẩm c&oacute; k&iacute;ch thước hoặc trọng lượng lớn gần như kh&ocirc;ng thể gởi bưu điện hoặc c&oacute; gởi cước ph&iacute; sẽ rất cao. Do đ&oacute; Qu&yacute; kh&aacute;ch lưu &yacute; một số vấn đề sau đ&acirc;y:</p>\r\n\r\n<p>- C&ocirc;ng ty sẽ &aacute;p dụng ch&iacute;nh s&aacute;ch nh&agrave; xe thu tiền hộ c&ocirc;ng ty. Do đ&oacute; nếu được y&ecirc;u cầu thu hộ, Qu&yacute; kh&aacute;ch vui l&ograve;ng chuẩn bị tiền thanh to&aacute;n trực tiếp cho nh&agrave; xe hoặc đơn vị vận chuyển do c&ocirc;ng ty y&ecirc;u cầu.&nbsp;<br />\r\n- Đối với c&aacute;c sản phẩm c&oacute; trọng lượng lớn v&agrave; kỹ thuật sử dụng phức tạp, Qu&yacute; kh&aacute;ch c&oacute; thể y&ecirc;u cầu nh&acirc;n vi&ecirc;n c&ocirc;ng ty đến tận nh&agrave; lắp đặt. V&agrave; sẽ thanh to&aacute;n cho nh&acirc;n vi&ecirc;n giao h&agrave;ng hoặc nh&acirc;n vi&ecirc;n lắp đặt t&ugrave;y theo th&ocirc;ng b&aacute;o của c&ocirc;ng ty.</p>\r\n\r\n<h2>3. THANH TO&Aacute;N TẠI C&Ocirc;NG TY</h2>\r\n\r\n<p>Qu&yacute; kh&aacute;ch mua h&agrave;ng c&oacute; thể đến địa chỉ c&ocirc;ng ty để xem h&agrave;ng v&agrave; mua h&agrave;ng:</p>\r\n\r\n<p>167 - 169 B&igrave;nh Lợi (Nơ Trang Long nối d&agrave;i), P. 13, Quận B&igrave;nh Thạnh, Tp. Hồ Ch&iacute; Minh .</p>\r\n\r\n<h2>4. THANH TO&Aacute;N C&Ocirc;NG NỢ</h2>\r\n\r\n<p>Đối với c&aacute;c c&ocirc;ng ty đề nghị thanh to&aacute;n c&ocirc;ng nợ, hai b&ecirc;n cần x&aacute;c nhận đơn đặt h&agrave;ng v&agrave; thời gian c&ocirc;ng nợ hoặc gởi PO đặt h&agrave;ng qua Email: Hotrospro@gmail.com. C&ocirc;ng ty sẽ xem x&eacute;t c&aacute;c trường hợp cụ thể v&agrave; th&ocirc;ng b&aacute;o đến kh&aacute;ch h&agrave;ng về việc c&oacute; chấp nhận c&ocirc;ng nợ hay kh&ocirc;ng.&nbsp;<br />\r\nLi&ecirc;n hệ trực tiếp qua số điện thoại: 0283 5 534 298 hoặc 0986 954 423</p>\r\n\r\n<h2>5. THANH TO&Aacute;N CHUYỂN KHOẢN</h2>\r\n\r\n<p><img alt="" src="http://hanoistudio.thietkewebsitegbvn.com/images/thanhtoan/2.jpg" /></p>\r\n\r\n<p>Qu&yacute; Kh&aacute;ch vui l&ograve;ng chuyển tiền v&agrave;o một trong c&aacute;c t&agrave;i khoản sau:</p>\r\n\r\n<ul>\r\n	<li>Chủ t&agrave;i khoản: C&ocirc;ng ty TNHH C&ocirc;ng Nghiệp v&agrave; Thương Mại Nam Việt&nbsp;<br />\r\n	- Số TK: 060059386363&nbsp;<br />\r\n	- Tại NH Sacombank - PGD Phan Đăng Lưu - Chi nh&aacute;nh 8/3&nbsp;</li>\r\n	<li>Chủ TK: CT TNHH C&ocirc;ng Nghiệp v&agrave; TM Nam Việt&nbsp;<br />\r\n	- Số TK: 0531002529891&nbsp;<br />\r\n	- Tại NH Vietcombank - Chi nh&aacute;nh Đ&ocirc;ng S&agrave;i G&ograve;n&nbsp;</li>\r\n	<li>Chủ TK: C&ocirc;ng ty TNHH C&ocirc;ng Nghiệp v&agrave; Thương Mại Nam Việt - Số TK: 19026579068019 - Tại NH Techcombank - Chi nh&aacute;nh Nguyễn Th&aacute;i Sơn</li>\r\n</ul>\r\n', '', '', '', '', '', 0, 'gioi-thieu', 'Giới thiệu', 'Goldbridge Việt Nam', 'Lĩnh vực hoạt động: Marketing Online toàn diện - quảng cáo, seo, thiết kế website, email marketing, thiết kế đồ họa, quản trị mạng xã hội, quản trị website,…..'),
(36, 35, 'en', 'Giới thiệu', 'Giới thiệu công ty. Được thành lập vào năm 1993, Công ty Cổ Phần Kỹ Thuật Toàn Thắng được biết đến như một nhà cung cấp chuyên nghiệp các giải pháp ...', '<p>Được th&agrave;nh lập v&agrave;o năm 1993, C&ocirc;ng ty Cổ Phần Kỹ Thuật To&agrave;n Thắng được biết đến như một&nbsp; nh&agrave; cung cấp chuy&ecirc;n nghiệp c&aacute;c giải ph&aacute;p thiết bị v&agrave; dịch vụ kỹ thuật chất lượng cao, c&ocirc;ng nghệ ti&ecirc;n tiến&nbsp;cho kh&aacute;ch h&agrave;ng ng&agrave;nh dầu kh&iacute;, điện lực v&agrave; một số ng&agrave;nh c&ocirc;ng nghiệp nặng kh&aacute;c.</p>\r\n\r\n<p>C&ocirc;ng ty c&oacute; văn ph&ograve;ng ch&iacute;nh tại TP. Hồ Ch&iacute; Minh v&agrave; một c&ocirc;ng ty con tại TP. Vũng T&agrave;u. Với đội ngũ chuy&ecirc;n gia, kỹ sư được đ&agrave;o tạo chuy&ecirc;n s&acirc;u, chuy&ecirc;n tr&aacute;ch từng mảng sản phẩm, ch&uacute;ng t&ocirc;i lu&ocirc;n đem đến cho kh&aacute;ch h&agrave;ng những giải ph&aacute;p kỹ thuật, thương mại đa dạng, đ&aacute;p ứng tốt nhu cầu ng&agrave;y c&agrave;ng cao của kh&aacute;ch h&agrave;ng.</p>\r\n\r\n<p><img alt="" src="/image/images/670px-conceptualmapfloss(1).png" style="float:right; height:564px; width:670px" /></p>\r\n\r\n<p>Ch&uacute;ng t&ocirc;i cũng đảm nhận cung cấp c&aacute;c dịch vụ sau b&aacute;n h&agrave;ng như: Bảo tr&igrave;, đại tu, sửa chữa, đ&agrave;o tạo, hướng dẫn sử dụng, dịch vụ quản l&yacute; t&agrave;i sản &amp; hợp đồng v&agrave; c&aacute;c dịch vụ kh&aacute;c tại c&ocirc;ng trường cho kh&aacute;ch h&agrave;ng.</p>\r\n\r\n<p>&nbsp;</p>\r\n', '', '', '', '', '', 0, 'gioi-thieu', 'Giới thiệu', '', 'Mô tả cho bài viết giới thiệu'),
(37, 36, 'vn', 'Tư vấn', 'Bảng giá dịch thuật công chứng Giá tốt, chất lượng cao, dịch ngay\r\nHơn 8000 CTV Dịch thuật · Hơn 10 năm kinh nghiệm · 100% khách hàng hài lòng', '<h2><strong>PHƯƠNG THỨC GIAO DỊCH ĐỐI VỚI B&Aacute;O GI&Aacute; DỊCH THUẬT</strong></h2>\r\n\r\n<p>1. Ch&uacute;ng t&ocirc;i sẽ giao nhận t&agrave;i liệu tận nơi với những đơn đặt h&agrave;ng tr&ecirc;n 50 trang t&agrave;i liệu.<br />\r\n2. Để tiến h&agrave;nh c&ocirc;ng t&aacute;c dịch thuật v&agrave; phi&ecirc;n dịch Hợp đồng Qu&yacute; kh&aacute;ch cần đặt trước 30% gi&aacute; trị hợp đồng.<br />\r\n3. Nếu qu&yacute; kh&aacute;ch l&agrave; c&ocirc;ng ty c&oacute; nhu cầu dịch thuật dưới 10 trang, Qu&yacute; kh&aacute;ch chỉ cần fax x&aacute;c nhận y&ecirc;u cầu c&oacute; đầy đủ th&ocirc;ng tin li&ecirc;n quan k&egrave;m con dấu, ch&uacute;ng t&ocirc;i sẽ tiến h&agrave;nh thực hiện y&ecirc;u cầu dịch m&agrave; kh&ocirc;ng cần tiền đặt cọc hợp đồng.<br />\r\n4. Đối với kh&aacute;ch h&agrave;ng thường xuy&ecirc;n dịch tại C&ocirc;ng ty dịch thuật Ch&acirc;u &Aacute;, ch&uacute;ng t&ocirc;i sẽ giao nhận tận nơi miễn ph&iacute;.</p>\r\n\r\n<p><strong>Phần ưu ti&ecirc;n kh&aacute;ch h&agrave;ng dịch với số lượng lớn</strong><br />\r\n1. Giảm 5% với số lượng từ 100 &ndash; 500 trang<br />\r\n2. Giảm 10% với số lượng từ 500 &ndash; 1000 trang<br />\r\n3. Giảm 15% với số lượng 1000 trang trở l&ecirc;n</p>\r\n\r\n<p><strong>Lưu &yacute; quan trọng:</strong></p>\r\n\r\n<ul>\r\n	<li>Gi&aacute; dịch chưa bao gồm VAT (10%).</li>\r\n	<li>Mức gi&aacute; tr&ecirc;n kh&ocirc;ng &aacute;p dụng đối với Kh&aacute;ch h&agrave;ng dịch chuy&ecirc;n ng&agrave;nh, dịch gấp, c&ocirc;ng chứng gấp.</li>\r\n	<li>Văn bản hiệu đ&iacute;nh: Hiệu đ&iacute;nh = 50% tiền dịch. Nếu t&agrave;i liệu hiệu đ&iacute;nh sai tr&ecirc;n 30% th&igrave; bản hiệu đ&iacute;nh đ&oacute; được t&iacute;nh bằng tiền dịch.</li>\r\n	<li>Số lượng từ tr&ecirc;n một trang được quy định dưới 300 từ (D&ugrave;ng hệ thống đếm từ tự động Word Count), trường hợp t&agrave;i liệu của qu&yacute; kh&aacute;ch l&agrave; bản cứng kh&ocirc;ng thể đếm từ được sẽ t&iacute;nh x&aacute;c xuất hoặc t&iacute;nh theo bản dịch l&uacute;c n&agrave;y số lượng từ tr&ecirc;n trang sản phẩm c&oacute; thể quy định lại, th&ocirc;ng thường sẽ giao động 10-20%.</li>\r\n	<li>Gi&aacute; dịch từ tiếng nước ngo&agrave;i n&agrave;y sang tiếng nước ngo&agrave;i kh&aacute;c sẽ bằng chi ph&iacute; dịch từ tiếng nước ngo&agrave;i n&agrave;y ra tiếng Việt cộng với từ tiếng Việt sang tiếng nước ngo&agrave;i thứ hai hoặc sẽ t&iacute;nh ph&iacute; dịch trực tiếp nếu c&oacute; y&ecirc;u cầu người bản địa dịch thuật lại</li>\r\n	<li>Nếu qu&yacute; kh&aacute;ch y&ecirc;u cầu dịch gấp, dịch v&agrave;o ng&agrave;y nghỉ, ng&agrave;y lễ gi&aacute; dịch sẽ tăng 25 %, th&ocirc;ng thường đơn đặt h&agrave;ng tr&ecirc;n 20 trang lấy trong ng&agrave;y được coi l&agrave; gấp. Nếu l&agrave; kh&aacute;ch h&agrave;ng thường xuy&ecirc;n của Dịch thuật v&agrave; Phi&ecirc;n dịch Ch&acirc;u &Aacute; qu&yacute; kh&aacute;ch sẽ được miễn ph&iacute; dịch vụ cộng th&ecirc;m n&agrave;y.</li>\r\n	<li>Đối với t&agrave;i liệu chuy&ecirc;n ng&agrave;nh như: Hợp đồng kinh tế, kỹ thuật, thương mại, t&agrave;i ch&iacute;nh,y học, dược phẩm... th&igrave; ngo&agrave;i tiền dịch + 30% tiền dịch chuy&ecirc;n ng&agrave;nh.</li>\r\n</ul>\r\n\r\n<h3>BẢNG GI&Aacute; DỊCH THUẬT N&Agrave;Y C&Oacute; THỂ THAY ĐỔI PHỤ THUỘC V&Agrave;O NHU CẦU THỰC TẾ CỦA DỰ &Aacute;N, HỢP ĐỒNG V&Agrave; SỰ THỎA THUẬN GIỮA HAI B&Ecirc;N !</h3>\r\n\r\n<p>Chuyển ngữ v&agrave; địa phương h&oacute;a t&agrave;i liệu rất quan trọng n&oacute; c&oacute; ảnh hưởng rất lớn đến c&ocirc;ng việc v&agrave; quyết định trong dự &aacute;n của bạn. Qu&yacute; kh&aacute;ch đang t&igrave;m một đơn vị&nbsp;<a href="https://www.dichthuatchaua.com/bien-phien-dich/dich-thuat/dich-thuat-cong-chung.html" title="Dịch thuật công chứng">Dịch Thuật</a>&nbsp;chuy&ecirc;n nghiệp v&agrave; gi&agrave;u kinh nghiệm trong việc Địa phương h&oacute;a t&agrave;i liệu, đảm bảo thời gian ch&iacute;nh x&aacute;c v&agrave; chất lượng tuyệt đối, chi ph&iacute; hợp l&yacute; nhất. H&atilde;y li&ecirc;n hệ ngay với&nbsp;<a href="https://www.dichthuatchaua.com/gioi-thieu-cong-ty-dich-thuat.html" title="Công ty dịch thuật chuyên nghiệp">C&ocirc;ng ty dịch thuật Ch&acirc;u &Aacute;</a>&nbsp;để được nhưng chuy&ecirc;n gia tư vấn chuy&ecirc;n nghiệp, gi&agrave;u kinh nghiệm gi&uacute;p Qu&yacute; kh&aacute;ch.</p>\r\n\r\n<p><img alt="" height="800" src="/image/images/55e7557453f13-sierra-fig2.jpg" width="1600" /></p>\r\n\r\n<p>&nbsp;</p>\r\n\r\n<p>Dự &aacute;n, Hợp đồng của Qu&yacute; kh&aacute;ch h&agrave;ng rất quan trọng, Qu&yacute; kh&aacute;ch h&agrave;ng đang muốn t&igrave;m một đơn vị Dịch thuật c&oacute; thể đảm bảo về thời gian, chất lượng v&agrave; cung cấp gi&aacute; cả tốt nhất, h&atilde;y li&ecirc;n lạc với số Hotline: 0932232318 (H&agrave; Nội) hoặc 0932237939 (TP HCM) của Dich thuật v&agrave; Phi&ecirc;n dịch Ch&acirc;u &Aacute; sẽ l&agrave;m Qu&yacute; kh&aacute;ch h&agrave;i l&ograve;ng.</p>\r\n\r\n<p>Cảm ơn Qu&yacute; kh&aacute;ch đ&atilde; ngh&eacute; thăm website của Dịch thuật v&agrave; Phi&ecirc;n dịch Ch&acirc;u &Aacute;, ch&uacute;ng t&ocirc;i lu&ocirc;n cam kết đưa ra mức gi&aacute; cạnh tranh v&agrave; chất lương v&agrave; bảo mật bảo đảm tuyệt đối.</p>\r\n', '', '', '', '', '', 0, 'tu-van', 'Tư vấn', '', ''),
(38, 36, 'en', 'Báo giá', 'Bảng giá dịch thuật công chứng Giá tốt, chất lượng cao, dịch ngay\r\nHơn 8000 CTV Dịch thuật · Hơn 10 năm kinh nghiệm · 100% khách hàng hài lòng', '<h2><strong>PHƯƠNG THỨC GIAO DỊCH ĐỐI VỚI B&Aacute;O GI&Aacute; DỊCH THUẬT</strong></h2>\r\n\r\n<p>1. Ch&uacute;ng t&ocirc;i sẽ giao nhận t&agrave;i liệu tận nơi với những đơn đặt h&agrave;ng tr&ecirc;n 50 trang t&agrave;i liệu.<br />\r\n2. Để tiến h&agrave;nh c&ocirc;ng t&aacute;c dịch thuật v&agrave; phi&ecirc;n dịch Hợp đồng Qu&yacute; kh&aacute;ch cần đặt trước 30% gi&aacute; trị hợp đồng.<br />\r\n3. Nếu qu&yacute; kh&aacute;ch l&agrave; c&ocirc;ng ty c&oacute; nhu cầu dịch thuật dưới 10 trang, Qu&yacute; kh&aacute;ch chỉ cần fax x&aacute;c nhận y&ecirc;u cầu c&oacute; đầy đủ th&ocirc;ng tin li&ecirc;n quan k&egrave;m con dấu, ch&uacute;ng t&ocirc;i sẽ tiến h&agrave;nh thực hiện y&ecirc;u cầu dịch m&agrave; kh&ocirc;ng cần tiền đặt cọc hợp đồng.<br />\r\n4. Đối với kh&aacute;ch h&agrave;ng thường xuy&ecirc;n dịch tại C&ocirc;ng ty dịch thuật Ch&acirc;u &Aacute;, ch&uacute;ng t&ocirc;i sẽ giao nhận tận nơi miễn ph&iacute;.</p>\r\n\r\n<p><strong>Phần ưu ti&ecirc;n kh&aacute;ch h&agrave;ng dịch với số lượng lớn</strong><br />\r\n1. Giảm 5% với số lượng từ 100 &ndash; 500 trang<br />\r\n2. Giảm 10% với số lượng từ 500 &ndash; 1000 trang<br />\r\n3. Giảm 15% với số lượng 1000 trang trở l&ecirc;n</p>\r\n\r\n<p><strong>Lưu &yacute; quan trọng:</strong></p>\r\n\r\n<ul>\r\n	<li>Gi&aacute; dịch chưa bao gồm VAT (10%).</li>\r\n	<li>Mức gi&aacute; tr&ecirc;n kh&ocirc;ng &aacute;p dụng đối với Kh&aacute;ch h&agrave;ng dịch chuy&ecirc;n ng&agrave;nh, dịch gấp, c&ocirc;ng chứng gấp.</li>\r\n	<li>Văn bản hiệu đ&iacute;nh: Hiệu đ&iacute;nh = 50% tiền dịch. Nếu t&agrave;i liệu hiệu đ&iacute;nh sai tr&ecirc;n 30% th&igrave; bản hiệu đ&iacute;nh đ&oacute; được t&iacute;nh bằng tiền dịch.</li>\r\n	<li>Số lượng từ tr&ecirc;n một trang được quy định dưới 300 từ (D&ugrave;ng hệ thống đếm từ tự động Word Count), trường hợp t&agrave;i liệu của qu&yacute; kh&aacute;ch l&agrave; bản cứng kh&ocirc;ng thể đếm từ được sẽ t&iacute;nh x&aacute;c xuất hoặc t&iacute;nh theo bản dịch l&uacute;c n&agrave;y số lượng từ tr&ecirc;n trang sản phẩm c&oacute; thể quy định lại, th&ocirc;ng thường sẽ giao động 10-20%.</li>\r\n	<li>Gi&aacute; dịch từ tiếng nước ngo&agrave;i n&agrave;y sang tiếng nước ngo&agrave;i kh&aacute;c sẽ bằng chi ph&iacute; dịch từ tiếng nước ngo&agrave;i n&agrave;y ra tiếng Việt cộng với từ tiếng Việt sang tiếng nước ngo&agrave;i thứ hai hoặc sẽ t&iacute;nh ph&iacute; dịch trực tiếp nếu c&oacute; y&ecirc;u cầu người bản địa dịch thuật lại</li>\r\n	<li>Nếu qu&yacute; kh&aacute;ch y&ecirc;u cầu dịch gấp, dịch v&agrave;o ng&agrave;y nghỉ, ng&agrave;y lễ gi&aacute; dịch sẽ tăng 25 %, th&ocirc;ng thường đơn đặt h&agrave;ng tr&ecirc;n 20 trang lấy trong ng&agrave;y được coi l&agrave; gấp. Nếu l&agrave; kh&aacute;ch h&agrave;ng thường xuy&ecirc;n của Dịch thuật v&agrave; Phi&ecirc;n dịch Ch&acirc;u &Aacute; qu&yacute; kh&aacute;ch sẽ được miễn ph&iacute; dịch vụ cộng th&ecirc;m n&agrave;y.</li>\r\n	<li>Đối với t&agrave;i liệu chuy&ecirc;n ng&agrave;nh như: Hợp đồng kinh tế, kỹ thuật, thương mại, t&agrave;i ch&iacute;nh,y học, dược phẩm... th&igrave; ngo&agrave;i tiền dịch + 30% tiền dịch chuy&ecirc;n ng&agrave;nh.</li>\r\n</ul>\r\n\r\n<h3>BẢNG GI&Aacute; DỊCH THUẬT N&Agrave;Y C&Oacute; THỂ THAY ĐỔI PHỤ THUỘC V&Agrave;O NHU CẦU THỰC TẾ CỦA DỰ &Aacute;N, HỢP ĐỒNG V&Agrave; SỰ THỎA THUẬN GIỮA HAI B&Ecirc;N !</h3>\r\n\r\n<p>Chuyển ngữ v&agrave; địa phương h&oacute;a t&agrave;i liệu rất quan trọng n&oacute; c&oacute; ảnh hưởng rất lớn đến c&ocirc;ng việc v&agrave; quyết định trong dự &aacute;n của bạn. Qu&yacute; kh&aacute;ch đang t&igrave;m một đơn vị&nbsp;<a href="https://www.dichthuatchaua.com/bien-phien-dich/dich-thuat/dich-thuat-cong-chung.html" title="Dịch thuật công chứng">Dịch Thuật</a>&nbsp;chuy&ecirc;n nghiệp v&agrave; gi&agrave;u kinh nghiệm trong việc Địa phương h&oacute;a t&agrave;i liệu, đảm bảo thời gian ch&iacute;nh x&aacute;c v&agrave; chất lượng tuyệt đối, chi ph&iacute; hợp l&yacute; nhất. H&atilde;y li&ecirc;n hệ ngay với&nbsp;<a href="https://www.dichthuatchaua.com/gioi-thieu-cong-ty-dich-thuat.html" title="Công ty dịch thuật chuyên nghiệp">C&ocirc;ng ty dịch thuật Ch&acirc;u &Aacute;</a>&nbsp;để được nhưng chuy&ecirc;n gia tư vấn chuy&ecirc;n nghiệp, gi&agrave;u kinh nghiệm gi&uacute;p Qu&yacute; kh&aacute;ch.</p>\r\n\r\n<p><img alt="" src="/image/images/55e7557453f13-sierra-fig2.jpg" style="height:800px; width:1600px" /></p>\r\n\r\n<p>&nbsp;</p>\r\n\r\n<p>Dự &aacute;n, Hợp đồng của Qu&yacute; kh&aacute;ch h&agrave;ng rất quan trọng, Qu&yacute; kh&aacute;ch h&agrave;ng đang muốn t&igrave;m một đơn vị Dịch thuật c&oacute; thể đảm bảo về thời gian, chất lượng v&agrave; cung cấp gi&aacute; cả tốt nhất, h&atilde;y li&ecirc;n lạc với số Hotline: 0932232318 (H&agrave; Nội) hoặc 0932237939 (TP HCM) của Dich thuật v&agrave; Phi&ecirc;n dịch Ch&acirc;u &Aacute; sẽ l&agrave;m Qu&yacute; kh&aacute;ch h&agrave;i l&ograve;ng.</p>\r\n\r\n<p>Cảm ơn Qu&yacute; kh&aacute;ch đ&atilde; ngh&eacute; thăm website của Dịch thuật v&agrave; Phi&ecirc;n dịch Ch&acirc;u &Aacute;, ch&uacute;ng t&ocirc;i lu&ocirc;n cam kết đưa ra mức gi&aacute; cạnh tranh v&agrave; chất lương v&agrave; bảo mật bảo đảm tuyệt đối.</p>\r\n', '', '', '', '', '', 0, 'bao-gia', 'Báo giá', '', 'thẻ mô tả của bài viết báo giá'),
(39, 37, 'vn', 'Tuyển Cộng Tác Viên', 'Việc làm Cộng Tác Viên tại Hà Nội - Hàng nghìn thông tin tuyển dụng Cộng Tác Viên tại Hà Nội từ những nhà tuyển dụng uy tín. Ứng tuyển ngay!', '<p>1. Nội dung c&ocirc;ng việc :<br />\r\n<br />\r\n. Triển khai c&aacute;c bản vẽ nội thất để sản xuất : tủ, giường, b&agrave;n, ghế.... bằng phần mềm autocad<br />\r\n<br />\r\n. Hỗ trợ kiểm tra đối chiếu bản vẽ với b&ecirc;n sản xuất hoặc tại c&ocirc;ng tr&igrave;nh<br />\r\n<br />\r\n2. Y&ecirc;u cầu :<br />\r\n<br />\r\n. Nam/ nữ c&oacute; kinh nghiệm tối thiểu 1 năm về họa vi&ecirc;n autocad cho c&aacute;c xưởng sản xuất nội thất<br />\r\n<br />\r\n. C&oacute; hiểu biết về kết cấu , kỹ thuật sản phẩm, thao t&aacute;c nhanh tr&ecirc;n phần mềm Autocad<br />\r\n<br />\r\n. C&oacute; phương tiện đi lại<br />\r\n<br />\r\n. C&oacute; thể đi c&ocirc;ng t&aacute;c ngắn hạn.<br />\r\n<br />\r\n. C&oacute; thể tăng ca theo y&ecirc;u cầu<br />\r\n<br />\r\n3. Chế độ :<br />\r\n<br />\r\n. Lương : 6.000.000 VND / th&aacute;ng hoặc thỏa thuận<br />\r\n<br />\r\n. L&agrave;m việc tại showroom 233B B&ugrave;i Thị Xu&acirc;n T&acirc;n B&igrave;nh HCM<br />\r\n<br />\r\n. Lương th&aacute;ng 13. ph&eacute;p năm, thưởng chuy&ecirc;n cần. thưởng lễ tết<br />\r\n<br />\r\n4. Th&ocirc;ng tin kh&aacute;c:<br />\r\n<br />\r\n. Nộp hồ sơ trực tiếp hoặc trực tuyến<br />\r\n<br />\r\n. Hồ sơ c&oacute; c&aacute;c bản vẽ đ&atilde; từng thực hiện<br />\r\n<br />\r\n. Tham khảo th&ecirc;m th&ocirc;ng tin c&ocirc;ng ty tại : www.zenhomes.vn<br />\r\n<br />\r\nLoại h&igrave;nh c&ocirc;ng việc: To&agrave;n thời gian<br />\r\n<br />\r\nLương: ₫6.000.000 /th&aacute;ng<br />\r\n<br />\r\nKinh nghiệm y&ecirc;u cầu:<br />\r\n<br />\r\nkhai triển autocad nội thất: 1 năm</p>\r\n', '', '', '', '', '', 0, 'tuyen-cong-tac-vien', 'Tuyển Cộng Tác Viên ', 'tuyên cộng tác viên', 'Việc làm Cộng Tác Viên tại Hà Nội - Hàng nghìn thông tin tuyển dụng Cộng Tác Viên tại Hà Nội từ những nhà tuyển dụng uy tín. Ứng tuyển ngay!'),
(40, 37, 'en', 'Tuyển Cộng Tác Viên ', 'Việc làm Cộng Tác Viên tại Hà Nội - Hàng nghìn thông tin tuyển dụng Cộng Tác Viên tại Hà Nội từ những nhà tuyển dụng uy tín. Ứng tuyển ngay!', '<p>1. Nội dung c&ocirc;ng việc :<br />\r\n<br />\r\n. Triển khai c&aacute;c bản vẽ nội thất để sản xuất : tủ, giường, b&agrave;n, ghế.... bằng phần mềm autocad<br />\r\n<br />\r\n. Hỗ trợ kiểm tra đối chiếu bản vẽ với b&ecirc;n sản xuất hoặc tại c&ocirc;ng tr&igrave;nh<br />\r\n<br />\r\n2. Y&ecirc;u cầu :<br />\r\n<br />\r\n. Nam/ nữ c&oacute; kinh nghiệm tối thiểu 1 năm về họa vi&ecirc;n autocad cho c&aacute;c xưởng sản xuất nội thất<br />\r\n<br />\r\n. C&oacute; hiểu biết về kết cấu , kỹ thuật sản phẩm, thao t&aacute;c nhanh tr&ecirc;n phần mềm Autocad<br />\r\n<br />\r\n. C&oacute; phương tiện đi lại<br />\r\n<br />\r\n. C&oacute; thể đi c&ocirc;ng t&aacute;c ngắn hạn.<br />\r\n<br />\r\n. C&oacute; thể tăng ca theo y&ecirc;u cầu<br />\r\n<br />\r\n3. Chế độ :<br />\r\n<br />\r\n. Lương : 6.000.000 VND / th&aacute;ng hoặc thỏa thuận<br />\r\n<br />\r\n. L&agrave;m việc tại showroom 233B B&ugrave;i Thị Xu&acirc;n T&acirc;n B&igrave;nh HCM<br />\r\n<br />\r\n. Lương th&aacute;ng 13. ph&eacute;p năm, thưởng chuy&ecirc;n cần. thưởng lễ tết<br />\r\n<br />\r\n4. Th&ocirc;ng tin kh&aacute;c:<br />\r\n<br />\r\n. Nộp hồ sơ trực tiếp hoặc trực tuyến<br />\r\n<br />\r\n. Hồ sơ c&oacute; c&aacute;c bản vẽ đ&atilde; từng thực hiện<br />\r\n<br />\r\n. Tham khảo th&ecirc;m th&ocirc;ng tin c&ocirc;ng ty tại : www.zenhomes.vn<br />\r\n<br />\r\nLoại h&igrave;nh c&ocirc;ng việc: To&agrave;n thời gian<br />\r\n<br />\r\nLương: ₫6.000.000 /th&aacute;ng<br />\r\n<br />\r\nKinh nghiệm y&ecirc;u cầu:<br />\r\n<br />\r\nkhai triển autocad nội thất: 1 năm</p>\r\n', '', '', '', '', '', 0, 'tuyen-cong-tac-vien', 'Tuyển Cộng Tác Viên ', 'tuyên cộng tác viên', 'Việc làm Cộng Tác Viên tại Hà Nội - Hàng nghìn thông tin tuyển dụng Cộng Tác Viên tại Hà Nội từ những nhà tuyển dụng uy tín. Ứng tuyển ngay!'),
(43, 39, 'vn', 'Câu hỏi thường gặp', 'Mô tả ngắn của bài viết, mô tả ngắn của bài viết, mô tả ngắn của bài viết, mô tả ngắn của bài viết, mô tả ngắn của bài viết', '<h1>Tiêu đề tin tức</h1>\r\n                                \r\n                                <p class="desPageNews" style="width:100%; margin:10px 0px; font-weight:bold; font-size:14px;">Mô tả ngắn của bài viết, mô tả ngắn của bài viết, mô tả ngắn của bài viết, mô tả ngắn của bài viết, mô tả ngắn của bài viết</p>\r\n                                <img src="../image/slide1.jpg">\r\n                                \r\n                                <h2>Thẻ h2</h2>\r\n    \r\n                                <p>Nội dung bài viết, nội dung bài viết, nội dung bài viết, nội dung bài viết, nội dung bài viết, nội dung bài viết, nội dung bài viết, nội dung bài viết. Nội dung bài viết, nội dung bài viết, nội dung bài viết, nội dung bài viết, nội dung bài viết, nội dung bài viết, nội dung bài viết, nội dung bài viết</p>\r\n                                \r\n                                <h2>Thẻ h2</h2>\r\n    \r\n                                <p>Nội dung bài viết, nội dung bài viết, nội dung bài viết, nội dung bài viết, nội dung bài viết, nội dung bài viết, nội dung bài viết, nội dung bài viết. Nội dung bài viết, nội dung bài viết, nội dung bài viết, nội dung bài viết, nội dung bài viết, nội dung bài viết, nội dung bài viết, nội dung bài viết</p>\r\n                                <img src="../image/formImgCate.jpg">', '', '', '', '', '', 0, 'cau-hoi-thuong-gap', 'Câu hỏi thường gặp', '', 'Mô tả ngắn của bài viết, mô tả ngắn của bài viết, mô tả ngắn của bài viết, mô tả ngắn của bài viết, mô tả ngắn của bài viế'),
(44, 39, 'en', 'Câu hỏi thường gặp', 'Mô tả ngắn của bài viết, mô tả ngắn của bài viết, mô tả ngắn của bài viết, mô tả ngắn của bài viết, mô tả ngắn của bài viết', '<h2>THẺ H2</h2>\r\n\r\n<p>Nội dung b&agrave;i viết, nội dung b&agrave;i viết, nội dung b&agrave;i viết, nội dung b&agrave;i viết, nội dung b&agrave;i viết, nội dung b&agrave;i viết, nội dung b&agrave;i viết, nội dung b&agrave;i viết. Nội dung b&agrave;i viết, nội dung b&agrave;i viết, nội dung b&agrave;i viết, nội dung b&agrave;i viết, nội dung b&agrave;i viết, nội dung b&agrave;i viết, nội dung b&agrave;i viết, nội dung b&agrave;i viết</p>\r\n', '', '', '', '', '', 0, 'cau-hoi-thuong-gap', 'Câu hỏi thường gặp', '', 'Mô tả ngắn của bài viết, mô tả ngắn của bài viết, mô tả ngắn của bài viết, mô tả ngắn của bài viết, mô tả ngắn của bài viế'),
(45, 40, 'vn', 'Chính sách bảo mật', '', '<h2>DP GREEN-PHAR cam kết bảo mật th&ocirc;ng tin c&aacute; nh&acirc;n của tất cả kh&aacute;ch h&agrave;ng.</h2>\r\n\r\n<p>Cảm ơn bạn đ&atilde; truy cập website: www.greenphar.com<br />\r\nCh&uacute;ng t&ocirc;i hiểu r&otilde; tầm quan trọng của sự ri&ecirc;ng tư v&agrave; sẽ giữ b&iacute; mật th&ocirc;ng tin c&aacute; nh&acirc;n của bạn. Xin vui l&ograve;ng đọc bản Ch&iacute;nh s&aacute;ch bảo mật th&ocirc;ng tin n&agrave;y v&agrave; hiểu c&aacute;c h&agrave;nh động li&ecirc;n quan về th&ocirc;ng tin c&aacute; nh&acirc;n của bạn. Ch&iacute;nh s&aacute;ch bảo mật th&ocirc;ng tin n&agrave;y c&oacute; thể thay đổi m&agrave; kh&ocirc;ng th&ocirc;ng b&aacute;o trước, do đ&oacute; bạn vui l&ograve;ng thường xuy&ecirc;n r&agrave; so&aacute;t, cập nhật c&aacute;c điều khoản để biết những thay đổi.</p>\r\n\r\n<h2>Điều 1. Mục đ&iacute;ch v&agrave; phạm vi thu thập th&ocirc;ng tin</h2>\r\n\r\n<h3>1.1. Mục đ&iacute;ch thu thập th&ocirc;ng tin:</h3>\r\n\r\n<p>Ch&uacute;ng t&ocirc;i thực hiện việc thu thập th&ocirc;ng tin của bạn th&ocirc;ng qua website n&agrave;y nhằm:<br />\r\nDP GREEN-PHAR trung t&acirc;m tư vấn &amp; t&igrave;m giải ph&aacute;p xử l&yacute; c&aacute;c bệnh ngo&agrave;i cộng đồng.<br />\r\nGiải đ&aacute;p thắc mắc của bạn về vấn đề c&aacute;c bệnh m&agrave; bạn thắc mắc v&agrave; quan t&acirc;m.<br />\r\nGiới thiệu c&aacute;c h&agrave;ng h&oacute;a v&agrave; dịch vụ c&oacute; thể ph&ugrave; hợp với c&aacute;c nhu cầu v&agrave; sở th&iacute;ch của bạn.<br />\r\nCung cấp những th&ocirc;ng tin mới nhất của website.<br />\r\nXem x&eacute;t v&agrave; n&acirc;ng cấp nội dung, giao diện của website.<br />\r\nThực hiện hoạt động khảo s&aacute;t kh&aacute;ch h&agrave;ng.<br />\r\nThực hiện c&aacute;c hoạt động quảng b&aacute; sản phẩm v&agrave; giới thiệu những chương tr&igrave;nh khuyến m&atilde;i.<br />\r\nGiải quyết c&aacute;c vấn đề, tranh chấp ph&aacute;t sinh li&ecirc;n quan đến việc sử dụng website.<br />\r\nCh&uacute;ng t&ocirc;i bảo lưu quyền từ chối tr&aacute;ch nhiệm về bất kỳ thiệt hại n&agrave;o ph&aacute;t sinh nếu th&ocirc;ng tin c&aacute; nh&acirc;n của bạn bị đ&aacute;nh cắp, bị mất hoặc bị thiệt hại do sự cố hoặc bằng bất kỳ c&aacute;ch n&agrave;o kh&aacute;c.</p>\r\n\r\n<h3>1.2. Phạm vi thu thập th&ocirc;ng tin c&aacute; nh&acirc;n:</h3>\r\n\r\n<p>Th&ocirc;ng tin c&aacute; nh&acirc;n m&agrave; ch&uacute;ng t&ocirc;i thu thập của bạn khi bạn gửi thắc mắc về cho ch&uacute;ng t&ocirc;i, bao gồm:<br />\r\nHọ, t&ecirc;n, Năm sinh.<br />\r\nĐịa chỉ li&ecirc;n hệ.<br />\r\nĐiện thoại li&ecirc;n hệ.<br />\r\nEmail.<br />\r\nTh&ocirc;ng tin bệnh l&yacute; v&agrave; những thắc mắc về bệnh học li&ecirc;n quan.</p>\r\n\r\n<h2>Điều 2. Phạm vi sử dụng th&ocirc;ng tin</h2>\r\n\r\n<p>Th&ocirc;ng tin của bạn được sử dụng để ch&uacute;ng t&ocirc;i hoặc c&aacute;c b&ecirc;n c&oacute; li&ecirc;n quan kh&aacute;c c&oacute; thể thực hiện c&aacute;c y&ecirc;u cầu của bạn.<br />\r\nCh&uacute;ng t&ocirc;i c&oacute; thể li&ecirc;n hệ với bạn hoặc giới thiệu bạn đến c&aacute;c cuộc nghi&ecirc;n cứu bao gồm nghi&ecirc;n cứu sự h&agrave;i l&ograve;ng của kh&aacute;ch h&agrave;ng, thị trường, nội dung c&aacute; nh&acirc;n kh&aacute;c, hoặc c&oacute; li&ecirc;n quan đến một số giao dịch nhất định.<br />\r\nCh&uacute;ng t&ocirc;i thu thập th&ocirc;ng tin về truy cập website của bạn gồm những th&ocirc;ng tin c&oacute; thể nhận biết v&agrave; kh&ocirc;ng thể nhận biết để ph&acirc;n t&iacute;ch (v&iacute; dụ: dữ liệu ph&acirc;n t&iacute;ch việc truy cập website, &hellip;).<br />\r\nTh&ocirc;ng tin của bạn được sử dụng để gi&uacute;p cung cấp cho c&aacute;c dịch vụ của ch&uacute;ng t&ocirc;i v&agrave; ch&uacute;ng t&ocirc;i c&oacute; thể cung cấp th&ocirc;ng tin cho c&aacute;c c&ocirc;ng ty đại diện ch&uacute;ng t&ocirc;i. Những c&ocirc;ng ty n&agrave;y cũng chịu sự r&agrave;ng buộc nghi&ecirc;m ngặt bởi Ch&iacute;nh s&aacute;ch Bảo mật của ch&uacute;ng t&ocirc;i.</p>\r\n\r\n<h2>Điều 3. Thời gian lưu trữ th&ocirc;ng tin</h2>\r\n\r\n<p>Ch&uacute;ng t&ocirc;i sẽ lưu trữ c&aacute;c th&ocirc;ng tin c&aacute; nh&acirc;n do kh&aacute;ch h&agrave;ng cung cấp tr&ecirc;n c&aacute;c hệ thống quản l&yacute;, lưu trữ dữ liệu của ch&uacute;ng t&ocirc;i hoặc ch&uacute;ng t&ocirc;i thu&ecirc; trong qu&aacute; tr&igrave;nh cung cấp dịch vụ cho kh&aacute;ch h&agrave;ng cho đến khi ho&agrave;n th&agrave;nh mục đ&iacute;ch thu thập hoặc khi bạn c&oacute; y&ecirc;u cầu hủy c&aacute;c th&ocirc;ng tin đ&atilde; cung cấp.</p>\r\n\r\n<h2>Điều 4. Địa chỉ của đơn vị thu thập v&agrave; quản l&yacute; th&ocirc;ng tin c&aacute; nh&acirc;n</h2>\r\n\r\n<p><strong>C&Ocirc;NG TY CỔ PHẦN DP GREEN-PHAR</strong><br />\r\nĐịa chỉ: Số 19, Ng&otilde; 4, phố Văn La, H&agrave; Đ&ocirc;ng, H&agrave; Nội.<br />\r\nĐiện thoại: (024) 6262.7731<br />\r\nEmail: dpgreenphar@gmail.com</p>\r\n\r\n<h2>Điều 5. Phương tiện v&agrave; c&ocirc;ng cụ để người d&ugrave;ng tiếp cận v&agrave; chỉnh sửa dữ liệu c&aacute; nh&acirc;n của m&igrave;nh.</h2>\r\n\r\n<p>Bạn c&oacute; thể tự đăng nhập v&agrave;o website qua link www.greenphar.com &nbsp;v&agrave; chỉnh sửa c&aacute;c th&ocirc;ng tin c&aacute; nh&acirc;n như: t&ecirc;n, số điện thoại, địa chỉ giao-nhận h&agrave;ng, ...<br />\r\nNếu bạn kh&ocirc;ng quan t&acirc;m hoặc kh&ocirc;ng muốn nhận tin tức, th&ocirc;ng tin, bạn c&oacute; thể thay đổi th&ocirc;ng tin của bạn v&agrave;o bất kỳ l&uacute;c n&agrave;o bằng c&aacute;ch gửi email về cho ch&uacute;ng t&ocirc;i qua địa chỉ email: cskh@greenphar.com</p>\r\n\r\n<h2>Điều 6. Cam kết bảo mật th&ocirc;ng tin c&aacute; nh&acirc;n kh&aacute;ch h&agrave;ng</h2>\r\n\r\n<p>Ngo&agrave;i việc sử dụng c&aacute;c th&ocirc;ng tin của bạn v&agrave;o c&aacute;c mục đ&iacute;ch n&ecirc;u tại Khoản 1.1 Điều 1 của Ch&iacute;nh s&aacute;ch bảo mật n&agrave;y v&agrave; phạm vi n&ecirc;u tại Điều 2 của Ch&iacute;nh s&aacute;ch bảo mật n&agrave;y, Ch&uacute;ng t&ocirc;i sẽ giữ b&iacute; mật th&ocirc;ng tin c&aacute; nh&acirc;n của bạn.&nbsp;Xin vui l&ograve;ng đọc bản Ch&iacute;nh s&aacute;ch bảo mật th&ocirc;ng tin n&agrave;y v&agrave; hiểu c&aacute;c h&agrave;nh động li&ecirc;n quan về th&ocirc;ng tin c&aacute; nh&acirc;n của bạn. Ch&iacute;nh s&aacute;ch bảo mật th&ocirc;ng tin n&agrave;y c&oacute; thể thay đổi m&agrave; kh&ocirc;ng th&ocirc;ng b&aacute;o trước, do đ&oacute; bạn vui l&ograve;ng thường xuy&ecirc;n r&agrave; so&aacute;t, cập nhật c&aacute;c điều khoản n&agrave;y để biết những thay đổi.<br />\r\n<strong>Ch&iacute;nh s&aacute;ch bảo mật tại DP GREEN- PHAR</strong><br />\r\n- DP GREEN-PHAR c&oacute; thể thay đổi ch&iacute;nh s&aacute;ch bảo mật v&agrave; mọi thay đổi sẽ được c&ocirc;ng khai tr&ecirc;n website www.greenphar.com<br />\r\n- Tất cả c&aacute;c thay đổi về ch&iacute;nh s&aacute;ch bảo mật ch&uacute;ng t&ocirc;i đều tu&acirc;n thủ theo quy định của Ph&aacute;p Luật Nh&agrave; Nước hiện h&agrave;nh.<br />\r\n- Mọi &yacute; kiến thắc mắc, khiếu nại v&agrave; tranh chấp vui l&ograve;ng li&ecirc;n hệ với ch&uacute;ng t&ocirc;i qua hotline Chăm s&oacute;c kh&aacute;ch h&agrave;ng:&nbsp;<strong>(024) 6262. 7731</strong><br />\r\n<br />\r\nTr&acirc;n trọng,<br />\r\n<strong>DP GREEN- PHAR: Chu Đ&aacute;o, Tin Cậy!</strong></p>\r\n', '', '', '', '', '', 0, 'chinh-sach-bao-mat', 'Chính sách bảo mật', '', ''),
(46, 40, 'en', 'Chính sách bảo mật', '', 'DP GREEN-PHAR CAM KẾT BẢO MẬT THÔNG TIN CÁ NHÂN CỦA TẤT CẢ KHÁCH HÀNG. Cảm ơn bạn đã truy cập website: www.greenphar.com\r\nChúng tôi hiểu rõ tầm quan trọng của sự riêng tư và sẽ giữ bí mật thông tin cá nhân của bạn. Xin vui lòng đọc bản Chính sách bảo mật thông tin này và hiểu các hành động liên quan về thông tin cá nhân của bạn. Chính sách bảo mật thông tin này có thể thay đổi mà không thông báo trước, do đó bạn vui lòng thường xuyên rà soát, cập nhật các điều khoản để biết những thay đổi. ĐIỀU 1. MỤC ĐÍCH VÀ PHẠM VI THU THẬP THÔNG TIN1.1. Mục đích thu thập thông tin:Chúng tôi thực hiện việc thu thập thông tin của bạn thông qua website này nhằm:\r\nDP GREEN-PHAR trung tâm tư vấn & tìm giải pháp xử lý các bệnh ngoài cộng đồng.\r\nGiải đáp thắc mắc của bạn về vấn đề các bệnh mà bạn thắc mắc và quan tâm.\r\nGiới thiệu các hàng hóa và dịch vụ có thể phù hợp với các nhu cầu và sở thích của bạn.\r\nCung cấp những thông tin mới nhất của website.\r\nXem xét và nâng cấp nội dung, giao diện của website.\r\nThực hiện hoạt động khảo sát khách hàng.\r\nThực hiện các hoạt động quảng bá sản phẩm và giới thiệu những chương trình khuyến mãi.\r\nGiải quyết các vấn đề, tranh chấp phát sinh liên quan đến việc sử dụng website.\r\nChúng tôi bảo lưu quyền từ chối trách nhiệm về bất kỳ thiệt hại nào phát sinh nếu thông tin cá nhân của bạn bị đánh cắp, bị mất hoặc bị thiệt hại do sự cố hoặc bằng bất kỳ cách nào khác. 1.2. Phạm vi thu thập thông tin cá nhân:Thông tin cá nhân mà chúng tôi thu thập của bạn khi bạn gửi thắc mắc về cho chúng tôi, bao gồm:\r\nHọ, tên, Năm sinh.\r\nĐịa chỉ liên hệ.\r\nĐiện thoại liên hệ.\r\nEmail.\r\nThông tin bệnh lý và những thắc mắc về bệnh học liên quan. ĐIỀU 2. PHẠM VI SỬ DỤNG THÔNG TINThông tin của bạn được sử dụng để chúng tôi hoặc các bên có liên quan khác có thể thực hiện các yêu cầu của bạn.\r\nChúng tôi có thể liên hệ với bạn hoặc giới thiệu bạn đến các cuộc nghiên cứu bao gồm nghiên cứu sự hài lòng của khách hàng, thị trường, nội dung cá nhân khác, hoặc có liên quan đến một số giao dịch nhất định.\r\nChúng tôi thu thập thông tin về truy cập website của bạn gồm những thông tin có thể nhận biết và không thể nhận biết để phân tích (ví dụ: dữ liệu phân tích việc truy cập website, …).\r\nThông tin của bạn được sử dụng để giúp cung cấp cho các dịch vụ của chúng tôi và chúng tôi có thể cung cấp thông tin cho các công ty đại diện chúng tôi. Những công ty này cũng chịu sự ràng buộc nghiêm ngặt bởi Chính sách Bảo mật của chúng tôi. ĐIỀU 3. THỜI GIAN LƯU TRỮ THÔNG TINChúng tôi sẽ lưu trữ các thông tin cá nhân do khách hàng cung cấp trên các hệ thống quản lý, lưu trữ dữ liệu của chúng tôi hoặc chúng tôi thuê trong quá trình cung cấp dịch vụ cho khách hàng cho đến khi hoàn thành mục đích thu thập hoặc khi bạn có yêu cầu hủy các thông tin đã cung cấp.ĐIỀU 4. ĐỊA CHỈ CỦA ĐƠN VỊ THU THẬP VÀ QUẢN LÝ THÔNG TIN CÁ NHÂNCÔNG TY CỔ PHẦN DP GREEN-PHAR\r\nĐịa chỉ: Số 19, Ngõ 4, phố Văn La, Hà Đông, Hà Nội.\r\nĐiện thoại: (024) 6262.7731\r\nEmail: dpgreenphar@gmail.com ĐIỀU 5. PHƯƠNG TIỆN VÀ CÔNG CỤ ĐỂ NGƯỜI DÙNG TIẾP CẬN VÀ CHỈNH SỬA DỮ LIỆU CÁ NHÂN CỦA MÌNH.Bạn có thể tự đăng nhập vào website qua link www.greenphar.com  và chỉnh sửa các thông tin cá nhân như: tên, số điện thoại, địa chỉ giao-nhận hàng, ...\r\nNếu bạn không quan tâm hoặc không muốn nhận tin tức, thông tin, bạn có thể thay đổi thông tin của bạn vào bất kỳ lúc nào bằng cách gửi email về cho chúng tôi qua địa chỉ email: cskh@greenphar.comĐIỀU 6. CAM KẾT BẢO MẬT THÔNG TIN CÁ NHÂN KHÁCH HÀNGNgoài việc sử dụng các thông tin của bạn vào các mục đích nêu tại Khoản 1.1 Điều 1 của Chính sách bảo mật này và phạm vi nêu tại Điều 2 của Chính sách bảo mật này, Chúng tôi sẽ giữ bí mật thông tin cá nhân của bạn. Xin vui lòng đọc bản Chính sách bảo mật thông tin này và hiểu các hành động liên quan về thông tin cá nhân của bạn. Chính sách bảo mật thông tin này có thể thay đổi mà không thông báo trước, do đó bạn vui lòng thường xuyên rà soát, cập nhật các điều khoản này để biết những thay đổi.\r\nChính sách bảo mật tại DP GREEN- PHAR\r\n- DP GREEN-PHAR có thể thay đổi chính sách bảo mật và mọi thay đổi sẽ được công khai trên website www.greenphar.com\r\n- Tất cả các thay đổi về chính sách bảo mật chúng tôi đều tuân thủ theo quy định của Pháp Luật Nhà Nước hiện hành.\r\n- Mọi ý kiến thắc mắc, khiếu nại và tranh chấp vui lòng liên hệ với chúng tôi qua hotline Chăm sóc khách hàng: (024) 6262. 7731\r\n\r\nTrân trọng,\r\nDP GREEN- PHAR: Chu Đáo, Tin Cậy!', '', '', '', '', '', 0, 'chinh-sach-bao-mat', 'Chính sách bảo mật', '', ''),
(47, 41, 'vn', 'Chính sách đổi - trả', '', '<p>Qu&yacute; kh&aacute;ch vui l&ograve;ng chắc chắn rằng sản phẩm y&ecirc;u cầu đổi (trả) thỏa m&atilde;n điều kiện đổi trả h&agrave;ng của DP GREEN- PHAR tại ch&iacute;nh s&aacute;ch đổi trả h&agrave;ng h&oacute;a như sau:<br />\r\n<strong><em>C&aacute;c trường hợp được quyền đổi - trả sản phẩm:</em></strong><br />\r\nĐổi - trả do đơn h&agrave;ng sai hoặc thiếu sản phẩm so với th&ocirc;ng tin đặt h&agrave;ng.<br />\r\nTrả h&agrave;ng - ho&agrave;n tiền sản phẩm lỗi do qu&aacute; tr&igrave;nh vận chuyển (hộp thuốc bị bể, ẩm mốc,&hellip;).<br />\r\nTrả h&agrave;ng - ho&agrave;n tiền sản phẩm lỗi sản xuất (nh&atilde;n m&aacute;c kh&ocirc;ng r&otilde; chữ, th&ocirc;ng tin tr&ecirc;n bao b&igrave; sản phẩm kh&ocirc;ng ch&iacute;nh x&aacute;c, sản phẩm đ&atilde; bị mở trước khi đến tay kh&aacute;ch h&agrave;ng...).<br />\r\nTrả h&agrave;ng - ho&agrave;n tiền do lỗi giao h&agrave;ng sản phẩm hết hạn sử dụng.<br />\r\n<strong><em>Điều kiện bắt buộc:</em></strong><br />\r\nSản phẩm kh&ocirc;ng c&oacute; dấu hiệu đ&atilde; qua sử dụng, c&ograve;n nguy&ecirc;n hộp, tem, m&aacute;c, seal (seal vỏ hộp v&agrave; seal chai thuốc).<br />\r\nTrong trường hợp Kh&aacute;ch h&agrave;ng đ&atilde; khui seal vỏ hộp v&agrave; ph&aacute;t hiện chai thuốc c&oacute; lỗi sản xuất, vui l&ograve;ng chụp h&igrave;nh v&agrave; gọi Hotline để BP CSKH hướng dẫn th&ecirc;m.<br />\r\nĐối với c&aacute;c sản phẩm đ&atilde; khui seal chai thuốc, DP GREEN- PHAR xin được từ chối đổi trả.<br />\r\nQu&yacute; kh&aacute;ch h&agrave;ng lưu &yacute; lu&ocirc;n lu&ocirc;n kiểm tra kĩ t&igrave;nh trạng sản phẩm sau khi nhận được ngay tại thời điểm nhận h&agrave;ng v&agrave; c&oacute; sự chứng kiến của nh&acirc;n vi&ecirc;n giao h&agrave;ng. C&aacute;c vấn đề như bể vỡ, vỏ hộp chai thuốc bị r&aacute;ch n&aacute;t hoặc seal đ&atilde; bị mở, &hellip; Tất cả những sự cố n&agrave;y sẽ chỉ được đổi trả nếu do lỗi từ ph&iacute;a nh&acirc;n vi&ecirc;n của DP GREEN- PHAR v&agrave; đơn vị vận chuyển ViettelPost.</p>\r\n\r\n<h2>Thời hạn đổi trả h&agrave;ng</h2>\r\n\r\n<p>Sau khi nhận được sản phẩm của kh&aacute;ch h&agrave;ng gửi trả, Bộ phận Chăm s&oacute;c Kh&aacute;ch h&agrave;ng sẽ tiến h&agrave;nh kiểm tra chất lượng sản phẩm ngay lập tức. Quy tr&igrave;nh kiểm tra h&agrave;ng đổi trả được thực hiện trong v&ograve;ng từ 1-3 ng&agrave;y l&agrave;m việc, kết quả kiểm tra sẽ được th&ocirc;ng b&aacute;o đến kh&aacute;ch h&agrave;ng qua email v&agrave; tin nhắn điện thoại sau khi ho&agrave;n tất.<br />\r\nSau khi nhận được email hoặc tin nhắn th&ocirc;ng b&aacute;o từ DP GREEN- PHAR, kh&aacute;ch h&agrave;ng c&oacute; thể kiểm tra t&igrave;nh trạng đổi trả hoặc ho&agrave;n tiền th&ocirc;ng qua c&ocirc;ng cụ kiểm tra đơn h&agrave;ng của&nbsp;<strong>DP GREEN-PHAR</strong>.</p>\r\n\r\n<h2>Phương thức đổi trả h&agrave;ng đ&atilde; mua</h2>\r\n\r\n<p><strong><em>Bước 1:</em></strong> Đăng k&iacute;<br />\r\nKh&aacute;ch h&agrave;ng c&oacute; thể li&ecirc;n hệ với bộ phận chăm s&oacute;c kh&aacute;ch h&agrave;ng của DP GREEN-PHAR qua hotline (024) 6262.7731 hoặc truy cập trang web: WWW.GREENPHAR.COM &nbsp;v&agrave; cung cấp th&ocirc;ng tin chi tiết về sản phẩm lỗi gồm:<br />\r\n- T&ecirc;n sản phẩm<br />\r\n- M&atilde; số đơn h&agrave;ng, l&ocirc; sản xuất, hạn sử dụng<br />\r\n- Lỗi sản phẩm (m&ocirc; tả chi tiết v&agrave; k&egrave;m ảnh chụp)<br />\r\n<strong><em>Bước 2:</em></strong> Nhận tin nhắn x&aacute;c nhận đ&atilde; đăng k&yacute; đổi/trả th&agrave;nh c&ocirc;ng v&agrave; email hướng dẫn đ&oacute;ng g&oacute;i sản phẩm ho&agrave;n trả.<br />\r\nSau khi y&ecirc;u cầu đổi/trả được chấp nhận, DP GREEN-PHAR sẽ gửi đến qu&yacute; kh&aacute;ch một tin nhắn v&agrave; email hướng dẫn c&aacute;ch gửi trả sản phẩm.<br />\r\n<strong><em>Bước 3:</em></strong> Đ&oacute;ng g&oacute;i theo hướng dẫn v&agrave; mang sản phẩm đến Bưu Điện<br />\r\n<strong><em>Bước 4:</em></strong> Gửi trả sản phẩm về DP GREEN-PHAR<br />\r\nKh&aacute;ch h&agrave;ng vui l&ograve;ng gửi sản phẩm qua đường Bưu Điện về DP GREEN-PHAR trong v&ograve;ng 3 ng&agrave;y l&agrave;m việc kể từ khi th&ocirc;ng b&aacute;o với bộ phận Chăm S&oacute;c Kh&aacute;ch H&agrave;ng v&agrave; gửi k&egrave;m:<br />\r\n- H&oacute;a đơn mua h&agrave;ng hoặc đ&iacute;nh k&egrave;m giấy ghi ch&uacute; c&oacute; m&atilde; đơn h&agrave;ng<br />\r\n- H&oacute;a đơn gi&aacute; trị gia tăng (nếu c&oacute;)<br />\r\n- Phụ kiện đi k&egrave;m sản phẩm v&agrave; tặng khuyến m&atilde;i k&egrave;m theo (nếu c&oacute;)<br />\r\n<strong><em>Một số lưu &yacute; khi gửi h&agrave;ng đến bưu điện:</em></strong><br />\r\n- Kh&ocirc;ng ni&ecirc;m phong bề mặt th&ugrave;ng ​trước khi ho&agrave;n tất qu&aacute; tr&igrave;nh gửi h&agrave;ng ​v&igrave; c&oacute; thể bưu điện cần kiểm tra trước khi nhận h&agrave;ng. Đ&oacute;ng g&oacute;i, ch&egrave;n l&oacute;t sản phẩm như ban đầu.<br />\r\n- Cung cấp cho nh&acirc;n vi&ecirc;n bưu điện m&atilde; đơn h&agrave;ng v&agrave; m&atilde; gửi h&agrave;ng b&ecirc;n DP GREEN-PHAR đ&atilde; cung cấp. - Lưu &yacute; kh&ocirc;ng d&aacute;n băng keo trực tiếp l&ecirc;n hộp sản phẩm v&igrave; y&ecirc;u cầu đổi/trả c&oacute; thể sẽ bị từ chối nếu hộp sản phẩm bị hư hỏng.<br />\r\n- Vui l&ograve;ng li&ecirc;n hệ Bộ phận Chăm s&oacute;c Kh&aacute;ch h&agrave;ng của DP GREEN-PHAR &nbsp;(024) 6262. 7731&nbsp;khi c&oacute; bất cứ kh&oacute; khăn xảy ra trong qu&aacute; tr&igrave;nh l&agrave;m việc với bưu điện.<br />\r\n- Điền th&ocirc;ng tin m&atilde; số đơn h&agrave;ng l&ecirc;n th&ugrave;ng h&agrave;ng v&agrave; gửi về DP GREEN- PHAR theo địa chỉ nh&acirc;n vi&ecirc;n chăm s&oacute;c kh&aacute;ch h&agrave;ng đ&atilde; cung cấp.<br />\r\n<strong>Note:</strong>&nbsp;<em>Trong trường hợp kh&ocirc;ng nhớ th&ocirc;ng tin ở bước số 4, qu&yacute; kh&aacute;ch c&oacute; thể xuất tr&igrave;nh tin nhắn hoặc email nhận được từ DP GREEN- PHAR đ&atilde; gửi (ở bước 2) cho nh&acirc;n vi&ecirc;n bưu điện v&agrave; l&agrave;m theo hướng dẫn.</em><br />\r\n<span style="color:#C00">Lưu &yacute;:</span> Kh&aacute;ch h&agrave;ng trong qu&aacute; tr&igrave;nh gửi trả sản phẩm về DP GREEN-PHAR sẽ chịu ho&agrave;n to&agrave;n tr&aacute;ch nhiệm về trạng th&aacute;i nguy&ecirc;n vẹn của sản phẩm.<br />\r\nSau khi nhận được sản phẩm kh&aacute;ch h&agrave;ng gửi trả về, DP GREEN- PHAR sẽ phản hồi v&agrave; cập nhật th&ocirc;ng tin tr&ecirc;n từng giai đoạn xử l&yacute; đến kh&aacute;ch h&agrave;ng qua email hoặc sms.</p>\r\n\r\n<h2>C&aacute;ch thức nhận lại tiền khi mua h&agrave;ng online</h2>\r\n\r\n<h3>Kh&aacute;ch h&agrave;ng sẽ nhận được số tiền ho&agrave;n trả sau bao l&acirc;u?</h3>\r\n\r\n<p>DP GREEN- PHAR sẽ ho&agrave;n tiền cho kh&aacute;ch h&agrave;ng trong trường hợp kh&aacute;ch h&agrave;ng trả hay hủy đơn h&agrave;ng.<br />\r\nPhương thức ho&agrave;n tiền bằng c&aacute;ch chuyển khoản ng&acirc;n h&agrave;ng.<br />\r\nTh&ocirc;ng tin sẽ được cập nhật đến cho qu&yacute; kh&aacute;ch bằng email hoặc SMS khi thủ tục ho&agrave;n tiền được tiến h&agrave;nh.<br />\r\n<strong>Phương thức ho&agrave;n tiền:</strong> Chuyển khoản ng&acirc;n h&agrave;ng<br />\r\n<strong>Thời gian ho&agrave;n tiền:</strong> 3 - 5 ng&agrave;y l&agrave;m việc<br />\r\nTrong trường hợp đ&atilde; vượt qu&aacute; c&aacute;c khoảng thời gian ho&agrave;n tiền tr&ecirc;n nhưng kh&aacute;ch h&agrave;ng vẫn chưa nhận được tiền, xin vui l&ograve;ng li&ecirc;n hệ với ng&acirc;n h&agrave;ng để được hỗ trợ hoặc Tổng đ&agrave;i Chăm s&oacute;c Kh&aacute;ch h&agrave;ng của DP GREEN-PHAR&nbsp;<strong>(024) 6262.7731</strong></p>\r\n\r\n<h3>Chi ph&iacute; cho việc đổi trả h&agrave;ng</h3>\r\n\r\n<p>Qu&yacute; Kh&aacute;ch h&agrave;ng vui l&ograve;ng thanh to&aacute;n tiền ph&iacute; vận chuyển khi Kh&aacute;ch h&agrave;ng thực hiện gửi h&agrave;ng tại bưu điện. DP GREEN- PHAR sẽ kh&ocirc;ng ho&agrave;n trả chi ph&iacute; n&agrave;y. Tuy nhi&ecirc;n sẽ giao h&agrave;ng miễn ph&iacute; đối với những đơn h&agrave;ng thuộc nh&oacute;m &ldquo;Đổi h&agrave;ng&quot;. Nếu c&oacute; bất k&igrave; vấn đề g&igrave; ph&aacute;t sinh, qu&yacute; kh&aacute;ch c&oacute; thể li&ecirc;n hệ với bộ phận CSKH của DP GREEN-PHAR theo Hotline&nbsp;<strong>(024) 6262.7731</strong></p>\r\n', '', '', '', '', '', 0, 'chinh-sach-doi-tra', 'Chính sách đổi - trả', '', ''),
(48, 41, 'en', 'Chính sách đổi - trả', '', '<p>Nội dung Ch&iacute;nh s&aacute;ch đổi - trả</p>\r\n', '', '', '', '', '', 0, 'chinh-sach-doi-tra', 'Chính sách đổi - trả', '', ''),
(49, 42, 'vn', 'Hệ thống nhà thuốc', '', '<p>T&acirc;t cả c&aacute;c sản phẩm của DP GREEN-PHAR&nbsp;đ&atilde; được ph&acirc;n phối tại hơn 1000 nh&agrave; thuốc tại c&aacute;c tỉnh th&agrave;nh tr&ecirc;n khắp miền bắc<br />\r\nVui l&ograve;ng li&ecirc;n hệ tổng đ&agrave;i CSKH: <em><strong>024. 6262.7731</strong></em> để biết địa chỉ nh&agrave; thuốc gần nhất nơi bạn ở.<br />\r\nXin ch&acirc;n th&agrave;nh cảm ơn qu&yacute; kh&aacute;ch đ&atilde; tin d&ugrave;ng sản phẩm của <strong>DP GREEN-PHAR</strong>.</p>\r\n', '', '', '', '', '', 0, 'he-thong-nha-thuoc', 'Hệ thống nhà thuốc', '', ''),
(50, 42, 'en', 'Hệ thống nhà thuốc', '', '<p>Nội dung&nbsp;Hệ thống nh&agrave; thuốc</p>\r\n', '', '', '', '', '', 0, 'he-thong-nha-thuoc', 'Hệ thống nhà thuốc', '', ''),
(51, 43, 'vn', 'Hình thức giao hàng', '', '<p>Sau khi đặt h&agrave;ng th&agrave;nh c&ocirc;ng, Bộ phận Chăm s&oacute;c Kh&aacute;ch h&agrave;ng của DP GREEN- PHAR sẽ li&ecirc;n hệ với Qu&yacute; kh&aacute;ch để x&aacute;c nhận v&agrave; gửi email/sms về th&ocirc;ng tin đơn h&agrave;ng trong thời gian sớm nhất. Hiện tại DP GREEN-PHAR hợp t&aacute;c với ViettelPost - đơn vị chuyển ph&aacute;t h&agrave;ng đầu tại Việt Nam để thực hiện chuyển ph&aacute;t c&aacute;c sản phẩm tới Qu&yacute; kh&aacute;ch h&agrave;ng.<br />\r\nSau khi x&aacute;c nhận th&agrave;nh c&ocirc;ng, đơn h&agrave;ng sẽ được giao đến Qu&yacute; kh&aacute;ch trong khoảng thời gian sau đ&acirc;y: <strong>Tại Th&agrave;nh phố Hồ Ch&iacute; Minh v&agrave; H&agrave; Nội:</strong> Giao h&agrave;ng sau 1 - 4h l&agrave;m việc<br />\r\n<strong>C&aacute;c khu vực tỉnh, th&agrave;nh c&ograve;n lại:</strong> Giao h&agrave;ng sau 1 - 2 ng&agrave;y l&agrave;m việc<br />\r\n<em>*Lưu &yacute;: thời gian giao h&agrave;ng dự kiến ở tr&ecirc;n chỉ &aacute;p dụng cho c&aacute;c đơn h&agrave;ng trong nước.</em> Tất cả c&aacute;c đơn h&agrave;ng từ khắp cả nước sẽ được chia l&agrave;m 2 khu vực v&agrave; ph&iacute; vận chuyển &aacute;p dụng cho tất cả c&aacute;c đơn h&agrave;ng của Qu&yacute; kh&aacute;ch (trong đ&oacute;, DP GREEN-PHAR đ&atilde; hỗ trợ 50-70% chi ph&iacute; giao h&agrave;ng v&agrave; ph&iacute; thu tiền hộ):<br />\r\n<strong>Khu vực 1:</strong>&nbsp;Th&agrave;nh phố Hồ Ch&iacute; Minh v&agrave; H&agrave; Nội l&agrave; 10.000đ/đơn h&agrave;ng bất kỳ<br />\r\n<strong>Khu vực 2:</strong>&nbsp;C&aacute;c tỉnh, th&agrave;nh phố c&ograve;n lại tr&ecirc;n to&agrave;n quốc l&agrave; 20.000đ/đơn h&agrave;ng bất kỳ<br />\r\n<strong>FREE SHIP NẾU ĐƠN H&Agrave;NG TR&Ecirc;N 600.000 VNĐ.</strong></p>\r\n\r\n<p>Qu&yacute; kh&aacute;ch h&agrave;ng lưu &yacute; lu&ocirc;n lu&ocirc;n kiểm tra kĩ t&igrave;nh trạng sản phẩm sau khi nhận được ngay tại thời điểm nhận h&agrave;ng v&agrave; c&oacute; sự chứng kiến của nh&acirc;n vi&ecirc;n giao h&agrave;ng. C&aacute;c vấn đề như bể vỡ, vỏ hộp chai thuốc bị r&aacute;ch n&aacute;t hoặc seal đ&atilde; bị mở, &hellip; Tất cả những sự cố n&agrave;y sẽ chỉ được đổi trả nếu do lỗi từ ph&iacute;a nh&acirc;n vi&ecirc;n của DP GREEN-PHAR v&agrave; đơn vị vận chuyển ViettelPost.</p>\r\n\r\n<p>Trong qu&aacute; tr&igrave;nh giao h&agrave;ng c&oacute; thể ph&aacute;t sinh những vấn đề ngo&agrave;i &yacute; muốn về ph&iacute;a Kh&aacute;ch h&agrave;ng khiến việc giao h&agrave;ng bị chậm trễ. DP GREEN-PHAR sẽ linh động giải quyết cho Kh&aacute;ch h&agrave;ng trong từng trường hợp như sau:<br />\r\n- Kh&aacute;ch h&agrave;ng kh&ocirc;ng cung cấp ch&iacute;nh x&aacute;c v&agrave; đầy đủ địa chỉ giao h&agrave;ng v&agrave; số điện thoại li&ecirc;n lạc.<br />\r\n- Kh&aacute;ch h&agrave;ng kh&ocirc;ng sẵn s&agrave;ng để nhận h&agrave;ng v&agrave;o thời điểm giao h&agrave;ng.<br />\r\n- DP GREEN- PHAR đ&atilde; giao h&agrave;ng đ&uacute;ng hẹn theo th&ocirc;ng tin giao h&agrave;ng nhưng kh&ocirc;ng li&ecirc;n lạc được với Kh&aacute;ch h&agrave;ng v&agrave; chờ tại địa điểm giao h&agrave;ng qu&aacute; 15 ph&uacute;t, mọi nỗ lực của nh&acirc;n vi&ecirc;n giao h&agrave;ng nhằm li&ecirc;n hệ với Kh&aacute;ch h&agrave;ng đều kh&ocirc;ng th&agrave;nh c&ocirc;ng.<br />\r\n- Những trường hợp bất khả kh&aacute;ng như thi&ecirc;n tai, tai nạn giao th&ocirc;ng, gi&aacute;n đoạn mạng lưới giao th&ocirc;ng, đứt c&aacute;p, hệ thống bị tấn c&ocirc;ng.<br />\r\nC&aacute;c trường hợp kh&aacute;c: Trong trường hợp xảy ra sự cố phức tạp hơn, DP GREEN- PHAR bảo đảm quyền lợi lớn nhất thuộc về Kh&aacute;ch h&agrave;ng.</p>\r\n', '', '', '', '', '', 0, 'hinh-thuc-giao-hang', 'Hình thức giao hàng', '', ''),
(52, 43, 'en', 'Hình thức giao hàng', '', '<p>Nội dung H&igrave;nh thức giao h&agrave;ng</p>\r\n', '', '', '', '', '', 0, 'hinh-thuc-giao-hang', 'Hình thức giao hàng', '', '');
INSERT INTO `page_languages` (`id`, `page_id`, `languages_code`, `lang_page_name`, `lang_page_des`, `lang_page_content`, `lang_page_sub_info1`, `lang_page_sub_info2`, `lang_page_sub_info3`, `lang_page_sub_info4`, `lang_page_sub_info5`, `edit_state`, `friendly_url`, `title_seo`, `keyword`, `des_seo`) VALUES
(53, 44, 'vn', 'Hình thức thanh toán', '', '<h2>DP GREEN- PHAR hỗ trợ 4 phương thức thanh to&aacute;n cho tất cả c&aacute;c đơn h&agrave;ng tr&ecirc;n hệ thống.</h2>\r\n\r\n<p><strong>1. Thanh to&aacute;n khi nhận h&agrave;ng (COD): </strong>Qu&yacute; kh&aacute;ch sẽ thanh to&aacute;n tiền mặt cho nh&acirc;n vi&ecirc;n giao h&agrave;ng ngay sau khi nhận được h&agrave;ng.<br />\r\n<strong>2. Thanh to&aacute;n bằng Internet Banking:</strong> Thẻ/t&agrave;i khoản ATM của qu&yacute; kh&aacute;ch c&oacute; đăng k&iacute; sử dụng dịch vụ internet banking, DP GREEN- PHAR hiện hỗ trợ thanh to&aacute;n cho phần lớn c&aacute;c ng&acirc;n h&agrave;ng tại Việt Nam:<br />\r\n<img src="../image/pay.jpg" /> <strong>3. Thanh to&aacute;n bằng thẻ quốc tế Visa, Master Card:</strong>&nbsp;Ph&iacute; thanh to&aacute;n t&ugrave;y thuộc v&agrave;o từng loại thẻ qu&yacute; kh&aacute;ch d&ugrave;ng v&agrave; ng&acirc;n h&agrave;ng ph&aacute;t h&agrave;nh thẻ. Vui l&ograve;ng li&ecirc;n hệ với ng&acirc;n h&agrave;ng ph&aacute;t h&agrave;nh thẻ để biết r&otilde; ph&iacute; thanh to&aacute;n ph&aacute;t sinh.<br />\r\n<strong>4. Chuyển khoản trực tiếp tại ng&acirc;n h&agrave;ng:<br />\r\nCHỦ T&Agrave;I KHOẢN: CT CỔ PHẦN DP GREEN PHAR<br />\r\nSTK: 0691000342789<br />\r\nchi nh&aacute;nh h&agrave; t&acirc;y, Vietcombank.</strong><br />\r\n&quot;T&ecirc;n người mua h&agrave;ng, Tỉnh/th&agrave;nh phố&quot; chuyển tiền cho đơn h&agrave;ng ng&agrave;y ... th&aacute;ng ... năm ...<br />\r\n<em>Mọi thắc mắc v&agrave; g&oacute;p &yacute; vui l&ograve;ng li&ecirc;n hệ Hotline Chăm s&oacute;c kh&aacute;ch h&agrave;ng:&nbsp;<strong>(024) 6262.7731</strong></em></p>\r\n', '', '', '', '', '', 0, 'hinh-thuc-thanh-toan', 'Hình thức thanh toán', '', ''),
(54, 44, 'en', 'Hình thức thanh toán', '', '<p>Nội dung&nbsp;H&igrave;nh thức thanh to&aacute;n</p>\r\n', '', '', '', '', '', 0, 'hinh-thuc-thanh-toan', 'Hình thức thanh toán', '', ''),
(55, 45, 'vn', 'Điều khoản sử dụng', '', '<h2>1. Giới thiệu</h2>\r\n\r\n<p>Ch&agrave;o mừng bạn đến với trang Thương mại điện tử DP GREEN-PHAR<br />\r\nGREENPHAR.COM l&agrave; trang Thương mại điện tử của C&ocirc;ng ty Cổ phần DP GREEN- PHAR - chuy&ecirc;n ph&acirc;n phối độc quyền c&aacute;c sản phẩm do Armephaco 120- x&iacute; nghiệp dược phẩm 120, qu&acirc;n đội, nghi&ecirc;n cứu v&agrave; sản xuất, được cấp giấy chứng nhận ĐKKD số 0106800687 do Sở Kế Hoạch v&agrave; Đầu Tư H&agrave; Nội cấp ng&agrave;y 25/4/2015<br />\r\nC&ocirc;ng ty CPDP GREEN- PHAR c&oacute; trụ sở ch&iacute;nh đặt tại 19, Ng&otilde; 4, Phố Văn La- H&agrave; Đ&ocirc;ng- H&agrave; Nội.<br />\r\nKhi bạn truy cập v&agrave;o website greenphar.com của ch&uacute;ng t&ocirc;i c&oacute; nghĩa l&agrave; bạn đồng &yacute; với c&aacute;c điều khoản n&agrave;y. Website c&oacute; quyền chỉnh sửa, thay đổi, th&ecirc;m hoặc lược bỏ bất kỳ phần n&agrave;o trong Điều khoản mua b&aacute;n h&agrave;ng h&oacute;a n&agrave;y v&agrave;o bất cứ l&uacute;c n&agrave;o. C&aacute;c thay đổi c&oacute; hiệu lực ngay khi được đăng tr&ecirc;n website m&agrave; kh&ocirc;ng cần th&ocirc;ng b&aacute;o trước. V&agrave; khi bạn tiếp tục sử dụng website, sau khi c&aacute;c thay đổi về Điều khoản n&agrave;y được đăng tải, c&oacute; nghĩa l&agrave; bạn chấp nhận với những thay đổi đ&oacute; của ch&uacute;ng t&ocirc;i.<br />\r\nV&igrave; vậy, bạn vui l&ograve;ng kiểm tra thường xuy&ecirc;n v&agrave; cập nhật những thay đổi trong Điều khoản mua b&aacute;n tr&ecirc;n website của ch&uacute;ng t&ocirc;i để đảm bảo quyền lợi của m&igrave;nh.</p>\r\n\r\n<h2>2. Hướng dẫn sử dụng website</h2>\r\n\r\n<p style="text-align:center"><img alt="" height="450" src="/image/images/Hydrangeas.jpg" width="600" /></p>\r\n\r\n<p>Khi truy cập v&agrave;o website của DP GREEN-PHAR, bạn phải đảm bảo đủ 18 tuổi, hoặc c&oacute; sự gi&aacute;m s&aacute;t của cha mẹ hay người gi&aacute;m hộ hợp ph&aacute;p. Vui l&ograve;ng đảm bảo bạn c&oacute; đầy đủ h&agrave;nh vi d&acirc;n sự để thực hiện c&aacute;c giao dịch mua b&aacute;n h&agrave;ng h&oacute;a theo quy định hiện h&agrave;nh của ph&aacute;p luật Việt Nam.<br />\r\nCh&uacute;ng t&ocirc;i sẽ cũng cấp cho bạn một t&agrave;i khoản (Account) sử dụng để bạn c&oacute; thể mua sắm tr&ecirc;n website greenphar.com trong khu&ocirc;n khổ Điều khoản v&agrave; Điều kiện sử dụng đ&atilde; đề ra.<br />\r\nBạn sẽ phải đăng k&yacute; t&agrave;i khoản với th&ocirc;ng tin c&aacute; nh&acirc;n x&aacute;c thực v&agrave; phải cập nhật nếu c&oacute; bất kỳ thay đổi n&agrave;o trong qu&aacute; tr&igrave;nh sử dụng. Mỗi c&aacute; nh&acirc;n khi truy cập v&agrave;o website của DP GREEN- PHAR phải c&oacute; tr&aacute;ch nhiệm với mật khẩu, t&agrave;i khoản v&agrave; hoạt động của m&igrave;nh tr&ecirc;n web. B&ecirc;n cạnh đ&oacute;, bạn phải th&ocirc;ng b&aacute;o ngay cho ch&uacute;ng t&ocirc;i biết khi t&agrave;i khoản bị truy cập tr&aacute;i ph&eacute;p. Đối với những thiệt hại hoặc mất m&aacute;t g&acirc;y ra do bạn kh&ocirc;ng tu&acirc;n thủ quy định v&agrave; c&aacute;c điều khoản mua b&aacute;n đ&atilde; cam kết ph&iacute;a DP GREEN-PHAR sẽ kh&ocirc;ng chịu bất kỳ tr&aacute;ch nhiệm n&agrave;o, d&ugrave; trực tiếp hay gi&aacute;n tiếp.</p>\r\n\r\n<p style="text-align:center"><img alt="" height="221" src="/image/images/Cataloge%20Rem-File%20OK%2003.jpg" width="600" /></p>\r\n\r\n<p><img alt="" height="900" src="/image/images/11___.png" width="900" /><br />\r\nNghi&ecirc;m cấm sử dụng bất kỳ phần n&agrave;o của website n&agrave;y dưới mọi h&igrave;nh thức với mục đ&iacute;ch thương mại hoặc nh&acirc;n danh bất kỳ đối t&aacute;c thứ ba n&agrave;o nếu kh&ocirc;ng được sự cho ph&eacute;p bằng văn bản từ ph&iacute;a DP GREEN- PHAR. Nếu vi phạm bất cứ điều n&agrave;o trong đ&acirc;y, ch&uacute;ng t&ocirc;i sẽ hủy t&agrave;i khoản của bạn m&agrave; kh&ocirc;ng cần b&aacute;o trước.<br />\r\nBạn sẽ nhận được email quảng c&aacute;o từ website GREENPHAR.COM của ch&uacute;ng t&ocirc;i trong suốt qu&aacute; tr&igrave;nh đăng k&iacute;. Nếu cảm thấy bị l&agrave;m phiền, bạn c&oacute; thể từ chối nhận email bằng c&aacute;ch nhấp v&agrave;o đường link ở dưới c&ugrave;ng trong mọi email quảng c&aacute;o.</p>\r\n\r\n<h2>3. &Yacute; kiến của kh&aacute;ch h&agrave;ng</h2>\r\n\r\n<p>Tất cả nội dung tr&ecirc;n website v&agrave; những &yacute; kiến, nhận x&eacute;t ph&ecirc; b&igrave;nh của qu&yacute; kh&aacute;ch h&agrave;ng đều l&agrave; t&agrave;i sản của DP GREEN-PHAR ch&uacute;ng t&ocirc;i. Nếu ph&aacute;t hiện bất kỳ th&ocirc;ng tin giả mạo n&agrave;o, ch&uacute;ng t&ocirc;i sẽ v&ocirc; hiệu h&oacute;a t&agrave;i khoản của bạn ngay lập tức hoặc &aacute;p dụng c&aacute;c biện ph&aacute;p kh&aacute;c theo quy định của ph&aacute;p luật Việt Nam.</p>\r\n\r\n<h2>4. Chấp nhận đơn h&agrave;ng v&agrave; gi&aacute; cả</h2>\r\n\r\n<p>Với bất kỳ l&yacute; do g&igrave; li&ecirc;n quan đến lỗi kỹ thuật, hệ thống một c&aacute;ch kh&aacute;ch quan v&agrave;o bất kỳ l&uacute;c n&agrave;o, ph&iacute;a DP GREEN-PHAR ch&uacute;ng t&ocirc;i c&oacute; quyền từ chối hoặc hủy đơn h&agrave;ng của qu&yacute; kh&aacute;ch.<br />\r\nTrong qu&aacute; tr&igrave;nh x&aacute;c nhận đơn h&agrave;ng, ch&uacute;ng t&ocirc;i c&oacute; thể hỏi th&ecirc;m về số điện thoại v&agrave; địa chỉ của bạn để thuận tiện cho giao dịch.<br />\r\nDP GREEN-PHAR cam kết sẽ cung cấp th&ocirc;ng tin gi&aacute; cả ch&iacute;nh x&aacute;c nhất cho người ti&ecirc;u d&ugrave;ng. Tuy nhi&ecirc;n, đ&ocirc;i l&uacute;c vẫn c&oacute; sai s&oacute;t xảy ra, v&iacute; dụ như trường hợp gi&aacute; sản phẩm kh&ocirc;ng hiển thị ch&iacute;nh x&aacute;c tr&ecirc;n website hoặc sai gi&aacute;, t&ugrave;y theo từng trường hợp ph&iacute;a DP GREEN-PHAR ch&uacute;ng t&ocirc;i sẽ li&ecirc;n hệ hướng dẫn hoặc th&ocirc;ng b&aacute;o hủy đơn h&agrave;ng đ&oacute; cho qu&yacute; kh&aacute;ch.<br />\r\nDP GREEN-PHAR cũng c&oacute; quyền từ chối hoặc hủy bỏ bất kỳ đơn h&agrave;ng n&agrave;o của qu&yacute; kh&aacute;ch d&ugrave; đơn h&agrave;ng đ&oacute; đ&atilde; hay chưa được x&aacute;c nhận hoặc đ&atilde; thanh to&aacute;n.</p>\r\n\r\n<h2>5. Thay đổi hoặc hủy bỏ giao dịch</h2>\r\n\r\n<p>Trong mọi trường hợp, kh&aacute;ch h&agrave;ng đều c&oacute; quyền chấm dứt giao dịch nếu đ&atilde; thực hiện c&aacute;c biện ph&aacute;p sau đ&acirc;y:<br />\r\nTh&ocirc;ng b&aacute;o cho bộ phận chăm s&oacute;c kh&aacute;ch h&agrave;ng của DP GREEN-PHAR về việc hủy giao dịch qua hotline (024) 6262. 7731</p>\r\n\r\n<h2>6. Giải quyết lỗi nhập sai th&ocirc;ng tin</h2>\r\n\r\n<p>Kh&aacute;ch h&agrave;ng c&oacute; tr&aacute;ch nhiệm cung cấp th&ocirc;ng tin đầy đủ v&agrave; ch&iacute;nh x&aacute;c khi tham gia giao dịch tại website greenphar.com. Trong trường hợp kh&aacute;ch h&agrave;ng nhập sai th&ocirc;ng tin v&agrave; gửi v&agrave;o site thương mại điện tử greenphar.com, ch&uacute;ng t&ocirc;i c&oacute; quyền từ chối thực hiện giao dịch. Ngo&agrave;i ra, trong mọi trường hợp, kh&aacute;ch h&agrave;ng đều c&oacute; quyền đơn phương chấm dứt giao dịch nếu đ&atilde; thực hiện c&aacute;c biện ph&aacute;p sau đ&acirc;y: Li&ecirc;n hệ với bộ phậm CSKH của DP GREEN-PHAR qua hotline (024) 6262. 7731<br />\r\nTrả lại sản phẩm đ&atilde; nhận v&agrave; kh&ocirc;ng c&oacute; dấu hiệu khui mở hoặc đ&atilde; sử dụng.<br />\r\nTrong trường hợp sai th&ocirc;ng tin ph&aacute;t sinh từ ph&iacute;a DP GREEN-PHAR m&agrave; DP GREEN-PHAR c&oacute; thể chứng minh đ&oacute; l&agrave; lỗi của hệ thống, ch&uacute;ng t&ocirc;i sẽ chịu ho&agrave;n to&agrave;n tr&aacute;ch nhiệm v&agrave; đền b&ugrave; cho kh&aacute;ch h&agrave;ng.</p>\r\n\r\n<h2>7. Quyền ph&aacute;p l&yacute;</h2>\r\n\r\n<p>C&aacute;c điều kiện, điều khoản v&agrave; nội dung của website n&agrave;y được điều chỉnh bởi luật ph&aacute;p Việt Nam. T&ograve;a &aacute;n c&oacute; thẩm quyền tại Việt Nam sẽ giải quyết bất kỳ tranh chấp n&agrave;o ph&aacute;t sinh từ việc sử dụng tr&aacute;i ph&eacute;p trang web n&agrave;y.</p>\r\n\r\n<h2>8. Quy định về bảo mật</h2>\r\n\r\n<p>Website GREENPHAR.COM của ch&uacute;ng t&ocirc;i xem trọng việc bảo mật th&ocirc;ng tin, sử dụng c&aacute;c biện ph&aacute;p tốt nhất để bảo mật th&ocirc;ng tin v&agrave; việc thanh to&aacute;n của qu&yacute; kh&aacute;ch. Trong qu&aacute; tr&igrave;nh thanh to&aacute;n, th&ocirc;ng tin của qu&yacute; kh&aacute;ch sẽ được m&atilde; h&oacute;a để đảm bảo an to&agrave;n. Bạn sẽ tho&aacute;t khỏi chế độ an to&agrave;n sau khi ho&agrave;n th&agrave;nh qu&aacute; tr&igrave;nh đặt h&agrave;ng.<br />\r\nQu&yacute; kh&aacute;ch kh&ocirc;ng được sử dụng bất kỳ chương tr&igrave;nh, c&ocirc;ng cụ hay h&igrave;nh thức n&agrave;o kh&aacute;c để can thiệp v&agrave;o hệ thống hay l&agrave;m thay đổi cấu tr&uacute;c dữ liệu. Website greenphar.com cũng nghi&ecirc;m cấm việc ph&aacute;t t&aacute;n, truyền b&aacute; hay cổ vũ cho bất kỳ hoạt động n&agrave;o nhằm can thiệp, ph&aacute; hoại hay x&acirc;m nhập v&agrave;o dữ liệu của hệ thống. C&aacute; nh&acirc;n hay tổ chức vi phạm sẽ bị tước bỏ mọi quyền lợi cũng như sẽ bị truy tố trước ph&aacute;p luật nếu cần thiết.<br />\r\nMọi th&ocirc;ng tin giao dịch sẽ được bảo mật ngoại trừ trong trường hợp cơ quan ph&aacute;p luật y&ecirc;u cầu.</p>\r\n\r\n<h2>9. C&aacute;c phương thức thanh to&aacute;n &aacute;p dụng tại GREENPHAR.COM</h2>\r\n\r\n<p>Qu&yacute; kh&aacute;ch c&oacute; thể tham khảo c&aacute;c phương thức thanh to&aacute;n sau đ&acirc;y v&agrave; lựa chọn &aacute;p dụng phương thức ph&ugrave; hợp:</p>\r\n\r\n<h3>C&aacute;ch 1: Thanh to&aacute;n trực tiếp (T&igrave;m đến chuỗi nh&agrave; thuốc b&aacute;n lẻ)</h3>\r\n\r\n<p>Bước 1: T&igrave;m hiểu th&ocirc;ng tin về sản phẩm<br />\r\nBước 2: Đến địa chỉ nh&agrave; thuốc b&aacute;n lẻ<br />\r\nBước 3: Người mua thanh to&aacute;n v&agrave; nhận h&agrave;ng</p>\r\n\r\n<h3>C&aacute;ch 2: Nhận h&agrave;ng thanh to&aacute;n tiền - COD</h3>\r\n\r\n<p>Bước 1: T&igrave;m hiểu th&ocirc;ng tin về sản phẩm<br />\r\nBước 2: X&aacute;c thực đơn h&agrave;ng (qua điện thoại, tin nhắn, email)<br />\r\nBước 3: Bộ phận CSKH của DP GREEN-PHAR sẽ li&ecirc;n hệ với qu&yacute; kh&aacute;ch để x&aacute;c nhận th&ocirc;ng tin v&agrave; đơn h&agrave;ng, đủ điều kiện đơn h&agrave;ng sẽ được chuyển qua cho bộ phận giao h&agrave;ng<br />\r\nBước 4: Giao h&agrave;ng<br />\r\nBước 5: Nhận h&agrave;ng v&agrave; thanh to&aacute;n</p>\r\n\r\n<h3>C&aacute;ch 3: Thanh to&aacute;n online qua thẻ t&iacute;n dụng, chuyển khoản</h3>\r\n\r\n<p>Bước 1: T&igrave;m hiểu th&ocirc;ng tin về sản phẩm<br />\r\nBước 2: X&aacute;c thực đơn h&agrave;ng (qua điện thoại, tin nhắn, email)<br />\r\nBước 3: Kh&aacute;ch h&agrave;ng thực hiện thanh to&aacute;n 100% gi&aacute; trị đơn h&agrave;ng (đơn h&agrave;ng thanh to&aacute;n th&agrave;nh c&ocirc;ng sẽ b&aacute;o qua điện thoại, tin nhắn, email)<br />\r\nBước 4: Bộ phận CSKH của DP GREEN-PHAR sẽ li&ecirc;n hệ với qu&yacute; kh&aacute;ch để x&aacute;c nhận th&ocirc;ng tin v&agrave; đơn h&agrave;ng, đủ điều kiện đơn h&agrave;ng sẽ được chuyển qua cho bộ phận giao h&agrave;ng<br />\r\nBước 5: Giao h&agrave;ng<br />\r\nBước 6: Kh&aacute;ch h&agrave;ng nhận h&agrave;ng.</p>\r\n\r\n<h2>10. Giải quyết tranh chấp</h2>\r\n\r\n<p>Bất kỳ tranh c&atilde;i, khiếu nại hoặc tranh chấp ph&aacute;t sinh từ hoặc li&ecirc;n quan đến giao dịch tại greenphar.com hoặc c&aacute;c Quy định v&agrave; Điều kiện n&agrave;y đều sẽ được giải quyết bằng h&igrave;nh thức thương lượng, h&ograve;a giải, trọng t&agrave;i v&agrave;/hoặc T&ograve;a &aacute;n theo Luật bảo vệ Người ti&ecirc;u d&ugrave;ng Chương 4 về Giải quyết tranh chấp giữa người ti&ecirc;u d&ugrave;ng v&agrave; tổ chức, c&aacute; nh&acirc;n kinh doanh h&agrave;ng h&oacute;a, dịch vụ.</p>\r\n\r\n<h2>11. Luật ph&aacute;p v&agrave; thẩm quyền tại L&atilde;nh thổ Việt Nam</h2>\r\n\r\n<p>Tất cả c&aacute;c Điều Khoản, Điều Kiện v&agrave; Hợp Đồng n&agrave;y (v&agrave; tất cả nghĩa vụ ph&aacute;t sinh ngo&agrave;i hợp đồng hoặc c&oacute; li&ecirc;n quan) sẽ bị chi phối v&agrave; được hiểu theo luật ph&aacute;p của Việt Nam. Nếu c&oacute; tranh chấp ph&aacute;t sinh bởi c&aacute;c Quy định Sử dụng n&agrave;y, qu&yacute; kh&aacute;ch h&agrave;ng c&oacute; quyền gửi khiếu nại/khiếu kiện l&ecirc;n T&ograve;a &aacute;n c&oacute; thẩm quyền tại Việt Nam để giải quyết.</p>\r\n', '', '', '', '', '', 0, 'dieu-khoan-su-dung', 'Điều khoản sử dụng', '', ''),
(56, 45, 'en', 'Điều khoản sử dụng', '', '<p>Nội dung&nbsp;Điều khoản sử dụng</p>\r\n', '', '', '', '', '', 0, 'dieu-khoan-su-dung', 'Điều khoản sử dụng', '', ''),
(57, 46, 'vn', ' hệ thống', '', '', '', '', '', '', '', 0, 'he-thong', ' hệ thống', '', ''),
(58, 46, 'en', ' hệ thống', '', '', '', '', '', '', '', 0, 'he-thong', ' hệ thống', '', '');

-- --------------------------------------------------------

--
-- Table structure for table `product`
--

CREATE TABLE IF NOT EXISTS `product` (
  `product_id` int(11) NOT NULL,
  `product_name` text COLLATE utf8_unicode_ci,
  `product_des` text COLLATE utf8_unicode_ci,
  `product_des2` text COLLATE utf8_unicode_ci,
  `product_des3` text COLLATE utf8_unicode_ci,
  `product_content` text COLLATE utf8_unicode_ci,
  `product_content2` text COLLATE utf8_unicode_ci,
  `product_content3` text COLLATE utf8_unicode_ci,
  `product_price` float DEFAULT NULL,
  `product_price_sale` float DEFAULT NULL,
  `product_discount` float DEFAULT NULL,
  `product_img` text COLLATE utf8_unicode_ci,
  `product_sub_img` text COLLATE utf8_unicode_ci,
  `product_created_date` datetime DEFAULT NULL,
  `product_update_date` datetime DEFAULT NULL,
  `productcat_id` int(11) DEFAULT NULL,
  `product_hot` int(11) DEFAULT '0',
  `product_favorite` int(11) NOT NULL,
  `product_new` int(11) DEFAULT '0',
  `product_sale` int(11) DEFAULT '0',
  `product_code` text COLLATE utf8_unicode_ci,
  `product_original` text COLLATE utf8_unicode_ci,
  `product_size` text COLLATE utf8_unicode_ci,
  `product_package` text COLLATE utf8_unicode_ci,
  `product_delivery` text COLLATE utf8_unicode_ci,
  `product_delivery_time` text COLLATE utf8_unicode_ci,
  `product_payment` text COLLATE utf8_unicode_ci,
  `product_payment_type` text COLLATE utf8_unicode_ci,
  `product_sub_info1` text COLLATE utf8_unicode_ci,
  `product_sub_info2` text COLLATE utf8_unicode_ci,
  `product_sub_info3` text COLLATE utf8_unicode_ci,
  `product_sub_info4` text COLLATE utf8_unicode_ci,
  `product_sub_info5` text COLLATE utf8_unicode_ci,
  `state` int(11) NOT NULL DEFAULT '0',
  `title_seo` text COLLATE utf8_unicode_ci,
  `des_seo` text COLLATE utf8_unicode_ci,
  `friendly_url` text COLLATE utf8_unicode_ci,
  `keyword` text COLLATE utf8_unicode_ci,
  `created_id` int(11) DEFAULT NULL,
  `product_material` varchar(255) COLLATE utf8_unicode_ci DEFAULT NULL,
  `product_shape` varchar(255) COLLATE utf8_unicode_ci DEFAULT NULL,
  `product_expiration` varchar(255) COLLATE utf8_unicode_ci DEFAULT NULL,
  `product_producer` int(11) DEFAULT NULL,
  `product_review` text COLLATE utf8_unicode_ci,
  `productcat_ar` text COLLATE utf8_unicode_ci,
  `product_brand` int(11) NOT NULL,
  `product_sex` int(11) NOT NULL,
  `product_size_arr` text COLLATE utf8_unicode_ci NOT NULL
) ENGINE=InnoDB AUTO_INCREMENT=56 DEFAULT CHARSET=utf8 COLLATE=utf8_unicode_ci;

--
-- Dumping data for table `product`
--

INSERT INTO `product` (`product_id`, `product_name`, `product_des`, `product_des2`, `product_des3`, `product_content`, `product_content2`, `product_content3`, `product_price`, `product_price_sale`, `product_discount`, `product_img`, `product_sub_img`, `product_created_date`, `product_update_date`, `productcat_id`, `product_hot`, `product_favorite`, `product_new`, `product_sale`, `product_code`, `product_original`, `product_size`, `product_package`, `product_delivery`, `product_delivery_time`, `product_payment`, `product_payment_type`, `product_sub_info1`, `product_sub_info2`, `product_sub_info3`, `product_sub_info4`, `product_sub_info5`, `state`, `title_seo`, `des_seo`, `friendly_url`, `keyword`, `created_id`, `product_material`, `product_shape`, `product_expiration`, `product_producer`, `product_review`, `productcat_ar`, `product_brand`, `product_sex`, `product_size_arr`) VALUES
(36, 'Latin words, combined', '<p>Contrary to popular belief, Lorem Ipsum is not simply random text. It has roots in a piece of classical Latin literature from 45 BC, making it over 2000 years old.</p>\r\n', '', '', '<p>There are many variations of passages of Lorem Ipsum available, but the majority have suffered alteration in some form, by injected humour, or randomised words which don&#39;t look even slightly believable. If you are going to use a passage of Lorem Ipsum, you need to be sure there isn&#39;t anything embarrassing hidden in the middle of text. All the Lorem Ipsum generators on the Internet tend to repeat predefined chunks as necessary, making this the first true generator on the Internet. It uses a dictionary of over 200 Latin words, combined with a handful of model sentence structures, to generate Lorem Ipsum which looks reasonable. The generated Lorem Ipsum is therefore always free from repetition, injected humour, or non-characteristic words etc.</p>\r\n', '', '', 7600000, 10, 0, 'product4.jpg', '[]', '2017-05-22 00:05:50', '2018-11-14 15:11:23', 0, 1, 0, 0, 0, '01', '', '[]', '', '', '', '', '', '', '', '', '', '', 0, 'Latin words, combined', '', 'latin-words-combined', '', NULL, 'Vải bóng', 'Cổ điển', '3 năm', 4, NULL, '139,139', 2, 1, ''),
(37, 'It uses a dictionary', '<p>Contrary to popular belief, Lorem Ipsum is not simply random text. It has roots in a piece of classical Latin literature from 45 BC, making it over 2000 years old.</p>\r\n', '', '', '<p>There are many variations of passages of Lorem Ipsum available, but the majority have suffered alteration in some form, by injected humour, or randomised words which don&#39;t look even slightly believable. If you are going to use a passage of Lorem Ipsum, you need to be sure there isn&#39;t anything embarrassing hidden in the middle of text. All the Lorem Ipsum generators on the Internet tend to repeat predefined chunks as necessary, making this the first true generator on the Internet. It uses a dictionary of over 200 Latin words, combined with a handful of model sentence structures, to generate Lorem Ipsum which looks reasonable. The generated Lorem Ipsum is therefore always free from repetition, injected humour, or non-characteristic words etc.</p>\r\n', '', '', 135000, 0, 0, 'product3.jpg', '["{\\"image\\":\\"7_12.jpg\\"}","{\\"image\\":\\"7_8.jpg\\"}","{\\"image\\":\\"7_6.jpg\\"}","{\\"image\\":\\"7_5.jpg\\"}","{\\"image\\":\\"7_3_0.jpg\\"}"]', '2017-05-22 00:05:55', '2018-11-14 15:11:02', 0, 1, 0, 0, 0, '01', '', '[]', '', '', '', '', '', '', '', '', '', '', 0, 'It uses a dictionary', '', 'it-uses-a-dictionary', '', NULL, 'Giấy dán', 'Khổ đứng', '5 năm', NULL, NULL, '139,139', 1, 0, ''),
(38, 'generator on the Internet', '<p>Contrary to popular belief, Lorem Ipsum is not simply random text. It has roots in a piece of classical Latin literature from 45 BC, making it over 2000 years old.</p>\r\n', '', '', '<p>There are many variations of passages of Lorem Ipsum available, but the majority have suffered alteration in some form, by injected humour, or randomised words which don&#39;t look even slightly believable. If you are going to use a passage of Lorem Ipsum, you need to be sure there isn&#39;t anything embarrassing hidden in the middle of text. All the Lorem Ipsum generators on the Internet tend to repeat predefined chunks as necessary, making this the first true generator on the Internet. It uses a dictionary of over 200 Latin words, combined with a handful of model sentence structures, to generate Lorem Ipsum which looks reasonable. The generated Lorem Ipsum is therefore always free from repetition, injected humour, or non-characteristic words etc.</p>\r\n', '', '', 135000, 0, 0, 'product2.jpg', '[]', '2017-05-22 00:05:39', '2018-11-14 15:11:39', 0, 1, 0, 0, 0, '01', '', '[]', '', '', '', '', '', '', '', '', '', '', 0, 'generator on the Internet', '', 'generator-on-the-internet', '', NULL, 'Giấy dán', 'Khổ đứng', '5 năm', NULL, NULL, '139,139', 1, 0, ''),
(39, 'making this the first true', '<p>Contrary to popular belief, Lorem Ipsum is not simply random text. It has roots in a piece of classical Latin literature from 45 BC, making it over 2000 years old.</p>\r\n', '', '', '<p>There are many variations of passages of Lorem Ipsum available, but the majority have suffered alteration in some form, by injected humour, or randomised words which don&#39;t look even slightly believable. If you are going to use a passage of Lorem Ipsum, you need to be sure there isn&#39;t anything embarrassing hidden in the middle of text. All the Lorem Ipsum generators on the Internet tend to repeat predefined chunks as necessary, making this the first true generator on the Internet. It uses a dictionary of over 200 Latin words, combined with a handful of model sentence structures, to generate Lorem Ipsum which looks reasonable. The generated Lorem Ipsum is therefore always free from repetition, injected humour, or non-characteristic words etc.</p>\r\n', '', '', 135000, 0, 0, 'product1.jpg', '[]', '2017-05-22 00:05:13', '2018-11-14 15:11:19', 0, 1, 0, 0, 0, '01', '', '[]', '', '', '', '', '', '', '', '', '', '', 0, 'making this the first true', '', 'making-this-the-first-true', '', NULL, 'Giấy dán', 'Khổ đứng', '5 năm', NULL, NULL, '139,139', 1, 0, ''),
(40, 'repeat predefined chunks', '<p>Contrary to popular belief, Lorem Ipsum is not simply random text. It has roots in a piece of classical Latin literature from 45 BC, making it over 2000 years old.</p>\r\n', '', '', '<p>There are many variations of passages of Lorem Ipsum available, but the majority have suffered alteration in some form, by injected humour, or randomised words which don&#39;t look even slightly believable. If you are going to use a passage of Lorem Ipsum, you need to be sure there isn&#39;t anything embarrassing hidden in the middle of text. All the Lorem Ipsum generators on the Internet tend to repeat predefined chunks as necessary, making this the first true generator on the Internet. It uses a dictionary of over 200 Latin words, combined with a handful of model sentence structures, to generate Lorem Ipsum which looks reasonable. The generated Lorem Ipsum is therefore always free from repetition, injected humour, or non-characteristic words etc.</p>\r\n', '', '', 135000, 0, 0, 'product8.jpg', '[]', '2017-05-22 00:05:53', '2018-11-14 15:11:57', 0, 1, 0, 0, 0, '01', '', '[]', '', '', '', '', '', '', '', '', '', '', 0, 'repeat predefined chunks', '', 'repeat-predefined-chunks', '', NULL, 'Giấy dán', 'Khổ đứng', '5 năm', NULL, NULL, '139,139', 1, 0, ''),
(41, 'on the Internet tend', '<p>Contrary to popular belief, Lorem Ipsum is not simply random text. It has roots in a piece of classical Latin literature from 45 BC, making it over 2000 years old.</p>\r\n', '', '', '<p>There are many variations of passages of Lorem Ipsum available, but the majority have suffered alteration in some form, by injected humour, or randomised words which don&#39;t look even slightly believable. If you are going to use a passage of Lorem Ipsum, you need to be sure there isn&#39;t anything embarrassing hidden in the middle of text. All the Lorem Ipsum generators on the Internet tend to repeat predefined chunks as necessary, making this the first true generator on the Internet. It uses a dictionary of over 200 Latin words, combined with a handful of model sentence structures, to generate Lorem Ipsum which looks reasonable. The generated Lorem Ipsum is therefore always free from repetition, injected humour, or non-characteristic words etc.</p>\r\n', '', '', 13500000, 15, 0, 'product7.jpg', '[]', '2017-05-22 00:05:31', '2018-11-14 15:11:35', 0, 1, 0, 1, 0, '01', '', '[]', '', '', '', '', '', '', '', '', '', '', 0, 'on the Internet tend', '', 'on-the-internet-tend', '', NULL, 'Giấy dán', 'Khổ đứng', '5 năm', NULL, NULL, '139,139', 1, 0, ''),
(42, 'All the Lorem Ipsum generators', '<p>Contrary to popular belief, Lorem Ipsum is not simply random text. It has roots in a piece of classical Latin literature from 45 BC, making it over 2000 years old.</p>\r\n', '', '', '<p>There are many variations of passages of Lorem Ipsum available, but the majority have suffered alteration in some form, by injected humour, or randomised words which don&#39;t look even slightly believable. If you are going to use a passage of Lorem Ipsum, you need to be sure there isn&#39;t anything embarrassing hidden in the middle of text. All the Lorem Ipsum generators on the Internet tend to repeat predefined chunks as necessary, making this the first true generator on the Internet. It uses a dictionary of over 200 Latin words, combined with a handful of model sentence structures, to generate Lorem Ipsum which looks reasonable. The generated Lorem Ipsum is therefore always free from repetition, injected humour, or non-characteristic words etc.</p>\r\n', '', '', 205000, 0, 0, 'product6.jpg', '[]', '2017-07-09 18:07:02', '2018-11-14 15:11:13', 0, 1, 0, 0, 0, '', '', '[]', '', '', '', '', '', '', '', '', '', '', 0, 'All the Lorem Ipsum generators', '', 'all-the-lorem-ipsum-generators', '', 1, '', '', '', NULL, NULL, NULL, 1, 0, ''),
(43, 'middle of text', '<p>Contrary to popular belief, Lorem Ipsum is not simply random text. It has roots in a piece of classical Latin literature from 45 BC, making it over 2000 years old.</p>\r\n', '', '', '<p>There are many variations of passages of Lorem Ipsum available, but the majority have suffered alteration in some form, by injected humour, or randomised words which don&#39;t look even slightly believable. If you are going to use a passage of Lorem Ipsum, you need to be sure there isn&#39;t anything embarrassing hidden in the middle of text. All the Lorem Ipsum generators on the Internet tend to repeat predefined chunks as necessary, making this the first true generator on the Internet. It uses a dictionary of over 200 Latin words, combined with a handful of model sentence structures, to generate Lorem Ipsum which looks reasonable. The generated Lorem Ipsum is therefore always free from repetition, injected humour, or non-characteristic words etc.</p>\r\n', '', '', 225000, 0, 0, 'product5.jpg', '[]', '2017-07-09 18:07:18', '2018-11-14 15:11:52', 0, 0, 0, 1, 0, '', '', '[]', '', '', '', '', '', '', '', '', '', '', 0, 'middle of text', '', 'middle-of-text', '', 1, '', '', '', NULL, NULL, NULL, 1, 0, ''),
(44, 'there isn''t anything embarrassing', '<p>Contrary to popular belief, Lorem Ipsum is not simply random text. It has roots in a piece of classical Latin literature from 45 BC, making it over 2000 years old.</p>\r\n', '', '', '<p>There are many variations of passages of Lorem Ipsum available, but the majority have suffered alteration in some form, by injected humour, or randomised words which don&#39;t look even slightly believable. If you are going to use a passage of Lorem Ipsum, you need to be sure there isn&#39;t anything embarrassing hidden in the middle of text. All the Lorem Ipsum generators on the Internet tend to repeat predefined chunks as necessary, making this the first true generator on the Internet. It uses a dictionary of over 200 Latin words, combined with a handful of model sentence structures, to generate Lorem Ipsum which looks reasonable. The generated Lorem Ipsum is therefore always free from repetition, injected humour, or non-characteristic words etc.</p>\r\n', '', '', 180000, 0, 0, 'product4.jpg', '[]', '2017-07-09 18:07:07', '2018-11-14 15:11:33', 0, 1, 0, 0, 0, '', '', '[]', '', '', '', '', '', '', '', '', '', '', 0, 'there isn''t anything embarrassing', '', 'there-isnt-anything-embarrassing', '', 1, '', '', '', NULL, NULL, NULL, 1, 0, ''),
(45, 'a passage of Lorem', '<p>Contrary to popular belief, Lorem Ipsum is not simply random text. It has roots in a piece of classical Latin literature from 45 BC, making it over 2000 years old.</p>\r\n', '', '', '<p>There are many variations of passages of Lorem Ipsum available, but the majority have suffered alteration in some form, by injected humour, or randomised words which don&#39;t look even slightly believable. If you are going to use a passage of Lorem Ipsum, you need to be sure there isn&#39;t anything embarrassing hidden in the middle of text. All the Lorem Ipsum generators on the Internet tend to repeat predefined chunks as necessary, making this the first true generator on the Internet. It uses a dictionary of over 200 Latin words, combined with a handful of model sentence structures, to generate Lorem Ipsum which looks reasonable. The generated Lorem Ipsum is therefore always free from repetition, injected humour, or non-characteristic words etc.</p>\r\n', '', '', 225000, 0, 0, 'product3.jpg', '[]', '2017-07-09 18:07:18', '2018-11-14 15:11:09', 0, 0, 0, 0, 0, '', '', '[]', '', '', '', '', '', '', '', '', '', '', 0, 'a passage of Lorem', '', 'a-passage-of-lorem', '', 1, '', '', '', NULL, NULL, NULL, 1, 0, ''),
(46, 'you are going to', '<p>Contrary to popular belief, Lorem Ipsum is not simply random text. It has roots in a piece of classical Latin literature from 45 BC, making it over 2000 years old.</p>\r\n', '', '', '<p>There are many variations of passages of Lorem Ipsum available, but the majority have suffered alteration in some form, by injected humour, or randomised words which don&#39;t look even slightly believable. If you are going to use a passage of Lorem Ipsum, you need to be sure there isn&#39;t anything embarrassing hidden in the middle of text. All the Lorem Ipsum generators on the Internet tend to repeat predefined chunks as necessary, making this the first true generator on the Internet. It uses a dictionary of over 200 Latin words, combined with a handful of model sentence structures, to generate Lorem Ipsum which looks reasonable. The generated Lorem Ipsum is therefore always free from repetition, injected humour, or non-characteristic words etc.</p>\r\n', '', '', 55000, 0, 0, 'product2.jpg', '[]', '2017-07-09 18:07:29', '2018-11-14 15:11:22', 0, 0, 0, 0, 0, '', '', '[]', '', '', '', '', '', '', '', '', '', '', 1, 'you are going to', '', 'you-are-going-to', '', 1, '', '', '', NULL, NULL, NULL, 1, 0, ''),
(47, 'slightly believable', '<p>Contrary to popular belief, Lorem Ipsum is not simply random text. It has roots in a piece of classical Latin literature from 45 BC, making it over 2000 years old.</p>\r\n', '', '', '<h3>There are many variations of passages of Lorem Ipsum available, but the majority have suffered alteration in some form, by injected humour, or randomised words which don&#39;t look even slightly believable. If you are going to use a passage of Lorem Ipsum, you need to be sure there isn&#39;t anything embarrassing hidden in the middle of text. All the Lorem Ipsum generators on the Internet tend to repeat predefined chunks as necessary, making this the first true generator on the Internet. It uses a dictionary of over 200 Latin words, combined with a handful of model sentence structures, to generate Lorem Ipsum which looks reasonable. The generated Lorem Ipsum is therefore always free from repetition, injected humour, or non-characteristic words etc.</h3>\r\n\r\n<p style="text-align:center"><img alt="" height="501" src="/image/images/americanskills/xem_b_ng__i_m_chi_ti_t_c_a_h_c_sinh.png" width="617" /></p>\r\n', '', '', 100000, 0, 0, 'product1.jpg', '[]', '2017-07-09 18:07:40', '2018-11-14 15:11:02', 0, 0, 0, 0, 0, '', '', '[]', '', '', '', '', '', '', '', '', '', '', 0, 'slightly believable', '', 'slightly-believable', '', 1, '', '', '', NULL, NULL, NULL, 1, 0, ''),
(48, 'which don''t look even', '<p>Contrary to popular belief, Lorem Ipsum is not simply random text. It has roots in a piece of classical Latin literature from 45 BC, making it over 2000 years old.</p>\r\n', '', '', '<p>There are many variations of passages of Lorem Ipsum available, but the majority have suffered alteration in some form, by injected humour, or randomised words which don&#39;t look even slightly believable. If you are going to use a passage of Lorem Ipsum, you need to be sure there isn&#39;t anything embarrassing hidden in the middle of text. All the Lorem Ipsum generators on the Internet tend to repeat predefined chunks as necessary, making this the first true generator on the Internet. It uses a dictionary of over 200 Latin words, combined with a handful of model sentence structures, to generate Lorem Ipsum which looks reasonable. The generated Lorem Ipsum is therefore always free from repetition, injected humour, or non-characteristic words etc.</p>\r\n', '', '', 799000, 0, 0, 'product8.jpg', '[]', '2017-07-11 00:07:31', '2018-11-14 15:11:39', 0, 0, 0, 0, 0, 'FNP1127US20GS120 (0100-16320)', '', '[]', '', '', '', '', '', '', '', '', '', '', 0, 'which don''t look even', '', 'which-dont-look-even', '', 1, '', '', 'FireNET', NULL, NULL, '140,140', 1, 0, ''),
(49, 'randomised words', '<p>Contrary to popular belief, Lorem Ipsum is not simply random text. It has roots in a piece of classical Latin literature from 45 BC, making it over 2000 years old.</p>\r\n', '', '', '<p>There are many variations of passages of Lorem Ipsum available, but the majority have suffered alteration in some form, by injected humour, or randomised words which don&#39;t look even slightly believable. If you are going to use a passage of Lorem Ipsum, you need to be sure there isn&#39;t anything embarrassing hidden in the middle of text. All the Lorem Ipsum generators on the Internet tend to repeat predefined chunks as necessary, making this the first true generator on the Internet. It uses a dictionary of over 200 Latin words, combined with a handful of model sentence structures, to generate Lorem Ipsum which looks reasonable. The generated Lorem Ipsum is therefore always free from repetition, injected humour, or non-characteristic words etc.</p>\r\n', '', '', 0, 0, 0, 'product7.jpg', '["{\\"image\\":\\"thumb_14665040398269_13393977_585369601636975_3431445518694990846_n.jpg\\"}","{\\"image\\":\\"thumb_14665040415616_13407078_585370381636897_427809477680829256_n.jpg\\"}","{\\"image\\":\\"thumb_14665040419321_13417435_585370258303576_3636360098352839377_n.jpg\\"}","{\\"image\\":\\"thumb_14665040423295_13418747_585369251637010_3247308734397122599_n.jpg\\"}"]', '2017-07-11 00:07:45', '2018-11-14 15:11:56', 0, 0, 0, 1, 0, '', '', '[]', '', '', '', '', '', '', '', '', '', '', 0, 'randomised words', '', 'randomised-words', '', 1, '', '', '', NULL, NULL, '140,140', 1, 0, ''),
(50, 'injected humour', '<p>Contrary to popular belief, Lorem Ipsum is not simply random text. It has roots in a piece of classical Latin literature from 45 BC, making it over 2000 years old.</p>\r\n', '', '', '<p>There are many variations of passages of Lorem Ipsum available, but the majority have suffered alteration in some form, by injected humour, or randomised words which don&#39;t look even slightly believable. If you are going to use a passage of Lorem Ipsum, you need to be sure there isn&#39;t anything embarrassing hidden in the middle of text. All the Lorem Ipsum generators on the Internet tend to repeat predefined chunks as necessary, making this the first true generator on the Internet. It uses a dictionary of over 200 Latin words, combined with a handful of model sentence structures, to generate Lorem Ipsum which looks reasonable. The generated Lorem Ipsum is therefore always free from repetition, injected humour, or non-characteristic words etc.</p>\r\n', '', '', 0, 0, 0, 'product6.jpg', '["{\\"image\\":\\"logo.png\\"}","{\\"image\\":\\"fastrackids-3-460.png\\"}","{\\"image\\":\\"tuyen-dung-nhan-vien-phu-trach-xuat-ban-sach-toan-hoc.jpg\\"}","{\\"image\\":\\"thong-tin-tuyen-dung1.jpg\\"}","{\\"image\\":\\"Le Ngoc Trang_TOEIC 820.jpg\\"}"]', '2017-09-21 23:09:49', '2018-11-14 15:11:39', 0, 0, 0, 0, 0, '', '', '[]', '', '', '', '', '', '', '', '', '', '', 0, 'injected humour', '', 'injected-humour', '', 1, '', '', '', NULL, NULL, '140,140', 1, 0, ''),
(51, 'alteration in some form', '<p>Contrary to popular belief, Lorem Ipsum is not simply random text. It has roots in a piece of classical Latin literature from 45 BC, making it over 2000 years old.</p>\r\n', '', '', '<p>There are many variations of passages of Lorem Ipsum available, but the majority have suffered alteration in some form, by injected humour, or randomised words which don&#39;t look even slightly believable. If you are going to use a passage of Lorem Ipsum, you need to be sure there isn&#39;t anything embarrassing hidden in the middle of text. All the Lorem Ipsum generators on the Internet tend to repeat predefined chunks as necessary, making this the first true generator on the Internet. It uses a dictionary of over 200 Latin words, combined with a handful of model sentence structures, to generate Lorem Ipsum which looks reasonable. The generated Lorem Ipsum is therefore always free from repetition, injected humour, or non-characteristic words etc.</p>\r\n', '', '', 1400000, 0, 0, 'product5.jpg', '[]', '2018-03-28 08:03:53', '2018-11-14 15:11:12', 0, 1, 0, 0, 0, '', '', '[]', '', '', '', '', '', '', '', '', '', '', 1, 'alteration in some form', '', 'alteration-in-some-form', '', 1, '', '', '', NULL, NULL, '140,140', 1, 0, ''),
(52, 'the majority have suffered', '<p>Contrary to popular belief, Lorem Ipsum is not simply random text. It has roots in a piece of classical Latin literature from 45 BC, making it over 2000 years old.</p>\r\n', '', '', '<p>There are many variations of passages of Lorem Ipsum available, but the majority have suffered alteration in some form, by injected humour, or randomised words which don&#39;t look even slightly believable. If you are going to use a passage of Lorem Ipsum, you need to be sure there isn&#39;t anything embarrassing hidden in the middle of text. All the Lorem Ipsum generators on the Internet tend to repeat predefined chunks as necessary, making this the first true generator on the Internet. It uses a dictionary of over 200 Latin words, combined with a handful of model sentence structures, to generate Lorem Ipsum which looks reasonable. The generated Lorem Ipsum is therefore always free from repetition, injected humour, or non-characteristic words etc.</p>\r\n', '', '', 0, 0, 0, 'product4.jpg', '[]', '2018-03-28 13:03:43', '2018-11-14 15:11:46', 0, 1, 0, 0, 0, '', '', '[]', '', '', '', '', '', '', '', '', '', '', 0, 'the majority have suffered', '', 'the-majority-have-suffered', '', 1, '', '', '', NULL, NULL, '140,140', 1, 0, ''),
(53, 'Lorem Ipsum available', '<p>Contrary to popular belief, Lorem Ipsum is not simply random text. It has roots in a piece of classical Latin literature from 45 BC, making it over 2000 years old.</p>\r\n', '', '', '<p>There are many variations of passages of Lorem Ipsum available, but the majority have suffered alteration in some form, by injected humour, or randomised words which don&#39;t look even slightly believable. If you are going to use a passage of Lorem Ipsum, you need to be sure there isn&#39;t anything embarrassing hidden in the middle of text. All the Lorem Ipsum generators on the Internet tend to repeat predefined chunks as necessary, making this the first true generator on the Internet. It uses a dictionary of over 200 Latin words, combined with a handful of model sentence structures, to generate Lorem Ipsum which looks reasonable. The generated Lorem Ipsum is therefore always free from repetition, injected humour, or non-characteristic words etc.</p>\r\n', '', '', 0, 0, 0, 'product3.jpg', '[]', '2018-03-28 13:03:34', '2018-11-14 15:11:26', 0, 1, 0, 1, 0, '', '', '[]', '', '', '', '', '', '', '', '', '', '', 0, 'Lorem Ipsum available', '', 'lorem-ipsum-available', '', 1, '', '', '', NULL, NULL, '140,140', 3, 0, ''),
(54, 'variations of passages', '<p>Contrary to popular belief, Lorem Ipsum is not simply random text. It has roots in a piece of classical Latin literature from 45 BC, making it over 2000 years old.</p>\r\n', '', '', '<p>There are many variations of passages of Lorem Ipsum available, but the majority have suffered alteration in some form, by injected humour, or randomised words which don&#39;t look even slightly believable. If you are going to use a passage of Lorem Ipsum, you need to be sure there isn&#39;t anything embarrassing hidden in the middle of text. All the Lorem Ipsum generators on the Internet tend to repeat predefined chunks as necessary, making this the first true generator on the Internet. It uses a dictionary of over 200 Latin words, combined with a handful of model sentence structures, to generate Lorem Ipsum which looks reasonable. The generated Lorem Ipsum is therefore always free from repetition, injected humour, or non-characteristic words etc.</p>\r\n', '', '', 5000, 0, 0, 'product2.jpg', '[]', '2018-03-28 13:03:36', '2018-11-14 15:11:08', 0, 1, 0, 0, 0, '', '', '[]', '', '', '', '', '', '', '', '', '', '', 0, 'variations of passages', '', 'variations-of-passages', '', 1, '', '', 'Sony', NULL, NULL, '140,140', 2, 0, ''),
(55, 'There are many', '<p>This stylish hamper is a wonderful way to welcome a new baby into the world. Little Pink Bunny is a gorgeously soft and snuggly friend, she is so huggably, hoppily soft she makes the perfect bedtime buddy. The hamper also contains our award winning, all-natural skincare, designed specifically for a newborn baby&rsquo;s delicate skin and this gift hamper is finished with our stunning baby bud posy containing six pairs of fabulous stay-on socks.tu</p>\r\n', '', '', '<p>This welcome hamper contains: The lovely Little Pink Bunny with pretty pink trim and a rattle, perfect for sensory play. She is 24 cm high and suitable from birth.&nbsp;<br />\r\nOne 150ml moisturising baby lotion. This is a soothing, fragrance free lotion designed especially for a baby&rsquo;s delicate skin. Handmade in Cornwall using no parabens, sodium lauryl sulphate, fragrances, palm oil or lanolin the all-natural ingredients include beeswax, wheatgerm, honey and evening primrose oil.&nbsp;<br />\r\nOne 60ml baby care cream. This is our most popular cream and mums love how effective it is on everything from nappy rash to eczema. Again, handmade in Cornwall and completely natural it contains calendula to soothe and reduce redness, lavender for relaxation and its antiseptic properties, wheat germ to soothe and rejuvenate and finally honey for its ability to attract and maintain moisture, helping to soften and protect delicate skin.&nbsp;<br />\r\nOne baby bud posy &ndash; the six pairs of &lsquo;stay on&rsquo; socks within the posy contain 67% cotton, 29% nylon, 4% spandex.&nbsp;<br />\r\nPerfectly packaged in a beautifully illustrated gift box with a gift card bearing your message, this is a wonderful gift for a new mum. tu</p>\r\n\r\n<p>Đặc biệt, ch&uacute;ng t&ocirc;i lu&ocirc;n cập nhật c&aacute;c sản phẩm c&ocirc;ng nghệ mới v&agrave; lu&ocirc;n c&oacute; c&aacute;c chương tr&igrave;nh khuyến m&atilde;i đặc sắc: gi&aacute; cả ưu đ&atilde;i, qu&agrave; tặng phong ph&uacute; tới Kh&aacute;ch h&agrave;ng.</p>\r\n', '', '', 123000, 3, 0, 'product1.jpg', '["{\\"image\\":\\"product2.jpg\\"}"]', '2018-03-28 13:03:01', '2018-11-14 13:11:48', 0, 0, 0, 0, 0, 'asdf', '', '["32","41"]', '', '', '', '', '', '', '', '', '', '', 0, 'There are many', '', 'there-are-many', '', 1, '', '', 'FireNET', NULL, NULL, '140,140', 2, 0, '32,41');

-- --------------------------------------------------------

--
-- Table structure for table `productcat`
--

CREATE TABLE IF NOT EXISTS `productcat` (
  `productcat_id` int(11) NOT NULL,
  `productcat_name` text COLLATE utf8_unicode_ci,
  `productcat_des` text COLLATE utf8_unicode_ci,
  `productcat_content` text COLLATE utf8_unicode_ci,
  `productcat_parent` int(11) NOT NULL DEFAULT '0',
  `productcat_sort_order` int(11) NOT NULL DEFAULT '0',
  `productcat_img` text COLLATE utf8_unicode_ci,
  `productcat_created_date` datetime DEFAULT NULL,
  `productcat_update_date` datetime DEFAULT NULL,
  `productcat_sub_info1` text COLLATE utf8_unicode_ci,
  `productcat_sub_info2` text COLLATE utf8_unicode_ci,
  `productcat_sub_info3` text COLLATE utf8_unicode_ci,
  `productcat_sub_info4` text COLLATE utf8_unicode_ci,
  `productcat_sub_info5` text COLLATE utf8_unicode_ci,
  `state` int(11) NOT NULL DEFAULT '0',
  `title_seo` text COLLATE utf8_unicode_ci,
  `des_seo` text COLLATE utf8_unicode_ci,
  `friendly_url` text COLLATE utf8_unicode_ci,
  `keyword` text COLLATE utf8_unicode_ci,
  `created_id` int(11) DEFAULT NULL
) ENGINE=InnoDB AUTO_INCREMENT=141 DEFAULT CHARSET=utf8 COLLATE=utf8_unicode_ci;

--
-- Dumping data for table `productcat`
--

INSERT INTO `productcat` (`productcat_id`, `productcat_name`, `productcat_des`, `productcat_content`, `productcat_parent`, `productcat_sort_order`, `productcat_img`, `productcat_created_date`, `productcat_update_date`, `productcat_sub_info1`, `productcat_sub_info2`, `productcat_sub_info3`, `productcat_sub_info4`, `productcat_sub_info5`, `state`, `title_seo`, `des_seo`, `friendly_url`, `keyword`, `created_id`) VALUES
(124, 'Thương hiệu khác', '<p>&nbsp;So s&aacute;nh tuổi thọ của sơn th&igrave;&nbsp;giấy d&aacute;n tường&nbsp;c&oacute; độ bền kh&ocirc;ng bằng nhưng&nbsp;giấy d&aacute;n tường h&agrave;n quốc&nbsp;lại gi&uacute;p bạn dễ d&agrave;ng tạo được một kh&ocirc;ng gian nhiều m&agrave;u sắc, h&igrave;nh khối như mong muốn, thi c&ocirc;ng nhanh ch&oacute;ng.</p>\r\n', '<p>&nbsp;So s&aacute;nh tuổi thọ của sơn th&igrave;&nbsp;giấy d&aacute;n tường&nbsp;c&oacute; độ bền kh&ocirc;ng bằng nhưng&nbsp;giấy d&aacute;n tường h&agrave;n quốc&nbsp;lại gi&uacute;p bạn dễ d&agrave;ng tạo được một kh&ocirc;ng gian nhiều m&agrave;u sắc, h&igrave;nh khối như mong muốn, thi c&ocirc;ng nhanh ch&oacute;ng.</p>\r\n', 0, 2, 'images_3_0.jpg', '2018-11-12 18:11:55', NULL, '', '', '', '', '', 0, 'Thương hiệu khác', ' So sánh tuổi thọ của sơn thì giấy dán tường có độ bền không bằng nhưng giấy dán tường hàn quốc lại giúp bạn dễ dàng tạo được một không gian nhiều màu sắc, hình khối như mong muốn, thi công nhanh chóng.', 'thuong-hieu-khac', 'Giấy Dán Tường', NULL),
(139, 'Nike', '', '', 0, 1, NULL, '2018-11-12 18:11:41', NULL, '', '', '', '', '', 1, 'Nike', '', 'nike', '', 1),
(140, 'Adidas', '', '', 0, 0, NULL, '2018-11-12 18:11:29', NULL, '', '', '', '', '', 1, 'Adidas', '', 'adidas', '', 1);

-- --------------------------------------------------------

--
-- Table structure for table `productcat_languages`
--

CREATE TABLE IF NOT EXISTS `productcat_languages` (
  `id` bigint(20) NOT NULL,
  `productcat_id` int(11) DEFAULT NULL,
  `lang_productcat_name` text COLLATE utf8_unicode_ci,
  `languages_code` varchar(255) COLLATE utf8_unicode_ci DEFAULT NULL,
  `lang_productcat_des` text COLLATE utf8_unicode_ci,
  `lang_productcat_content` text COLLATE utf8_unicode_ci,
  `lang_productcat_sub_info1` text COLLATE utf8_unicode_ci,
  `lang_productcat_sub_info2` text COLLATE utf8_unicode_ci,
  `lang_productcat_sub_info3` text COLLATE utf8_unicode_ci,
  `lang_productcat_sub_info4` text COLLATE utf8_unicode_ci,
  `lang_productcat_sub_info5` text COLLATE utf8_unicode_ci,
  `edit_state` int(11) NOT NULL DEFAULT '0',
  `friendly_url` varchar(255) COLLATE utf8_unicode_ci DEFAULT NULL,
  `keyword` text COLLATE utf8_unicode_ci,
  `title_seo` varchar(255) COLLATE utf8_unicode_ci DEFAULT NULL,
  `des_seo` text COLLATE utf8_unicode_ci
) ENGINE=InnoDB AUTO_INCREMENT=267 DEFAULT CHARSET=utf8 COLLATE=utf8_unicode_ci;

--
-- Dumping data for table `productcat_languages`
--

INSERT INTO `productcat_languages` (`id`, `productcat_id`, `lang_productcat_name`, `languages_code`, `lang_productcat_des`, `lang_productcat_content`, `lang_productcat_sub_info1`, `lang_productcat_sub_info2`, `lang_productcat_sub_info3`, `lang_productcat_sub_info4`, `lang_productcat_sub_info5`, `edit_state`, `friendly_url`, `keyword`, `title_seo`, `des_seo`) VALUES
(233, 124, 'Thương hiệu khác', 'vn', '<p>&nbsp;So s&aacute;nh tuổi thọ của sơn th&igrave;&nbsp;giấy d&aacute;n tường&nbsp;c&oacute; độ bền kh&ocirc;ng bằng nhưng&nbsp;giấy d&aacute;n tường h&agrave;n quốc&nbsp;lại gi&uacute;p bạn dễ d&agrave;ng tạo được một kh&ocirc;ng gian nhiều m&agrave;u sắc, h&igrave;nh khối như mong muốn, thi c&ocirc;ng nhanh ch&oacute;ng.</p>\r\n', '<p>&nbsp;So s&aacute;nh tuổi thọ của sơn th&igrave;&nbsp;giấy d&aacute;n tường&nbsp;c&oacute; độ bền kh&ocirc;ng bằng nhưng&nbsp;giấy d&aacute;n tường h&agrave;n quốc&nbsp;lại gi&uacute;p bạn dễ d&agrave;ng tạo được một kh&ocirc;ng gian nhiều m&agrave;u sắc, h&igrave;nh khối như mong muốn, thi c&ocirc;ng nhanh ch&oacute;ng.</p>\r\n', '', '', '', '', '', 0, 'thuong-hieu-khac', 'Giấy Dán Tường', 'Thương hiệu khác', ' So sánh tuổi thọ của sơn thì giấy dán tường có độ bền không bằng nhưng giấy dán tường hàn quốc lại giúp bạn dễ dàng tạo được một không gian nhiều màu sắc, hình khối như mong muốn, thi công nhanh chóng.'),
(234, 124, 'Giấy Dán Tường', 'en', '<p>&nbsp;So s&aacute;nh tuổi thọ của sơn th&igrave;&nbsp;giấy d&aacute;n tường&nbsp;c&oacute; độ bền kh&ocirc;ng bằng nhưng&nbsp;giấy d&aacute;n tường h&agrave;n quốc&nbsp;lại gi&uacute;p bạn dễ d&agrave;ng tạo được một kh&ocirc;ng gian nhiều m&agrave;u sắc, h&igrave;nh khối như mong muốn, thi c&ocirc;ng nhanh ch&oacute;ng.</p>\r\n', '<p>&nbsp;So s&aacute;nh tuổi thọ của sơn th&igrave;&nbsp;giấy d&aacute;n tường&nbsp;c&oacute; độ bền kh&ocirc;ng bằng nhưng&nbsp;giấy d&aacute;n tường h&agrave;n quốc&nbsp;lại gi&uacute;p bạn dễ d&agrave;ng tạo được một kh&ocirc;ng gian nhiều m&agrave;u sắc, h&igrave;nh khối như mong muốn, thi c&ocirc;ng nhanh ch&oacute;ng.</p>\r\n', '', '', '', '', '', 0, 'giay-dan-tuong', 'Giấy Dán Tường', 'Giấy Dán Tường', ' So sánh tuổi thọ của sơn thì giấy dán tường có độ bền không bằng nhưng giấy dán tường hàn quốc lại giúp bạn dễ dàng tạo được một không gian nhiều màu sắc, hình khối như mong muốn, thi công nhanh chóng.'),
(263, 139, 'Nike', 'vn', '', '', '', '', '', '', '', 0, 'nike', '', 'Nike', ''),
(264, 139, ' Tại sao chọn American Skills', 'en', '', '', '', '', '', '', '', 0, 'tai-sao-chon-american-skills', '', ' Tại sao chọn American Skills', ''),
(265, 140, 'Adidas', 'vn', '', '', '', '', '', '', '', 0, 'adidas', '', 'Adidas', ''),
(266, 140, 'Kết quả học tập của bé', 'en', '', '', '', '', '', '', '', 0, 'ket-qua-hoc-tap-cua-be', '', 'Kết quả học tập của bé', '');

-- --------------------------------------------------------

--
-- Table structure for table `product_catalogs_file`
--

CREATE TABLE IF NOT EXISTS `product_catalogs_file` (
  `id` int(11) NOT NULL,
  `name` varchar(600) CHARACTER SET utf8 COLLATE utf8_unicode_ci NOT NULL
) ENGINE=InnoDB AUTO_INCREMENT=2 DEFAULT CHARSET=latin1;

--
-- Dumping data for table `product_catalogs_file`
--

INSERT INTO `product_catalogs_file` (`id`, `name`) VALUES
(1, 'tuan.pdf');

-- --------------------------------------------------------

--
-- Table structure for table `product_color`
--

CREATE TABLE IF NOT EXISTS `product_color` (
  `id` bigint(20) NOT NULL,
  `product_id` int(11) NOT NULL,
  `color` text COLLATE utf8_unicode_ci
) ENGINE=InnoDB DEFAULT CHARSET=utf8 COLLATE=utf8_unicode_ci;

-- --------------------------------------------------------

--
-- Table structure for table `product_languages`
--

CREATE TABLE IF NOT EXISTS `product_languages` (
  `id` bigint(20) NOT NULL,
  `product_id` int(11) DEFAULT NULL,
  `languages_code` varchar(255) COLLATE utf8_unicode_ci DEFAULT NULL,
  `lang_product_name` text COLLATE utf8_unicode_ci,
  `lang_product_des` text COLLATE utf8_unicode_ci,
  `lang_product_des2` text COLLATE utf8_unicode_ci,
  `lang_product_des3` text COLLATE utf8_unicode_ci,
  `lang_product_content` text COLLATE utf8_unicode_ci,
  `lang_product_content2` text COLLATE utf8_unicode_ci,
  `lang_product_content3` text COLLATE utf8_unicode_ci,
  `lang_product_code` text COLLATE utf8_unicode_ci,
  `lang_product_original` text COLLATE utf8_unicode_ci,
  `lang_product_size` text COLLATE utf8_unicode_ci,
  `lang_product_package` text COLLATE utf8_unicode_ci,
  `lang_product_delivery` text COLLATE utf8_unicode_ci,
  `lang_product_delivery_time` text COLLATE utf8_unicode_ci,
  `lang_product_payment` text COLLATE utf8_unicode_ci,
  `lang_product_payment_type` text COLLATE utf8_unicode_ci,
  `lang_product_sub_info1` text COLLATE utf8_unicode_ci,
  `lang_product_sub_info2` text COLLATE utf8_unicode_ci,
  `lang_product_sub_info3` text COLLATE utf8_unicode_ci,
  `lang_product_sub_info4` text COLLATE utf8_unicode_ci,
  `lang_product_sub_info5` text COLLATE utf8_unicode_ci,
  `edit_state` int(11) NOT NULL DEFAULT '0',
  `friendly_url` varchar(255) COLLATE utf8_unicode_ci DEFAULT NULL,
  `title_seo` varchar(255) COLLATE utf8_unicode_ci DEFAULT NULL,
  `des_seo` text COLLATE utf8_unicode_ci,
  `keyword` text COLLATE utf8_unicode_ci
) ENGINE=InnoDB AUTO_INCREMENT=99 DEFAULT CHARSET=utf8 COLLATE=utf8_unicode_ci;

--
-- Dumping data for table `product_languages`
--

INSERT INTO `product_languages` (`id`, `product_id`, `languages_code`, `lang_product_name`, `lang_product_des`, `lang_product_des2`, `lang_product_des3`, `lang_product_content`, `lang_product_content2`, `lang_product_content3`, `lang_product_code`, `lang_product_original`, `lang_product_size`, `lang_product_package`, `lang_product_delivery`, `lang_product_delivery_time`, `lang_product_payment`, `lang_product_payment_type`, `lang_product_sub_info1`, `lang_product_sub_info2`, `lang_product_sub_info3`, `lang_product_sub_info4`, `lang_product_sub_info5`, `edit_state`, `friendly_url`, `title_seo`, `des_seo`, `keyword`) VALUES
(59, 36, 'vn', 'Latin words, combined', '<p>Contrary to popular belief, Lorem Ipsum is not simply random text. It has roots in a piece of classical Latin literature from 45 BC, making it over 2000 years old.</p>\r\n', '', '', '<p>There are many variations of passages of Lorem Ipsum available, but the majority have suffered alteration in some form, by injected humour, or randomised words which don&#39;t look even slightly believable. If you are going to use a passage of Lorem Ipsum, you need to be sure there isn&#39;t anything embarrassing hidden in the middle of text. All the Lorem Ipsum generators on the Internet tend to repeat predefined chunks as necessary, making this the first true generator on the Internet. It uses a dictionary of over 200 Latin words, combined with a handful of model sentence structures, to generate Lorem Ipsum which looks reasonable. The generated Lorem Ipsum is therefore always free from repetition, injected humour, or non-characteristic words etc.</p>\r\n', '', '', '01', '', '[]', '', '', '', '', '', '', '', '', '', '', 0, 'latin-words-combined', 'Latin words, combined', '', ''),
(60, 36, 'en', 'Rèm vải 10', '<p>Ngo&agrave;i t&aacute;c dụng điều chỉnh &aacute;nh s&aacute;ng cho căn ph&ograve;ng, r&egrave;m cửa (m&agrave;n cửa) c&ograve;n giữ ấm cho căn ph&ograve;ng khi m&ugrave;a đ&ocirc;ng đến, hạn chế c&aacute;i n&oacute;ng của m&ugrave;a h&egrave;, bụi v&agrave; tiếng ồn b&ecirc;n ngo&agrave;i.&nbsp;</p>\r\n', '', '', '<h3>M&Ocirc; TẢ SẢN PHẨM</h3>\r\n\r\n<p>Ngo&agrave;i t&aacute;c dụng điều chỉnh &aacute;nh s&aacute;ng cho căn ph&ograve;ng, r&egrave;m cửa (m&agrave;n cửa) c&ograve;n giữ ấm cho căn ph&ograve;ng khi m&ugrave;a đ&ocirc;ng đến, hạn chế c&aacute;i n&oacute;ng của m&ugrave;a h&egrave;, bụi v&agrave; tiếng ồn b&ecirc;n ngo&agrave;i. Kh&ocirc;ng chỉ c&oacute; thế, với kiểu d&aacute;ng v&agrave; m&agrave;u sắc th&iacute;ch hợp,&nbsp;r&egrave;m cửa&nbsp;c&ograve;n c&oacute; thể tạo khoảng kh&ocirc;ng ri&ecirc;ng tư hoặc th&ecirc;m ch&uacute;t vẻ đẹp sang trọng hay l&atilde;ng mạn cho căn ph&ograve;ng.<br />\r\n&nbsp;&nbsp;<br />\r\nChiếc r&egrave;m cửa kh&ocirc;ng chỉ đơn giản l&agrave; vật chắn s&aacute;ng hay tạo khoảng kh&ocirc;ng ri&ecirc;ng tư, n&oacute; c&ograve;n tạo cho mỗi căn ph&ograve;ng một ấn tượng v&agrave; cảm x&uacute;c kh&aacute;c nhau, t&ugrave;y theo c&aacute;ch chọn lựa của chủ nh&acirc;n.<br />\r\n&nbsp;&nbsp;<br />\r\nC&oacute; rất nhiều loại r&egrave;m kh&aacute;c nhau như r&egrave;m v&eacute;n,&nbsp;r&egrave;m roman&nbsp;(hay c&ograve;n gọi l&agrave; r&egrave;m xếp lớp), r&egrave;m cuốn, r&egrave;m l&aacute;,... Bạn cũng c&oacute; thể d&ugrave;ng r&egrave;m tr&uacute;c, r&egrave;m kim loại nhẹ, r&egrave;m bằng nhựa tổng hợp hay r&egrave;m giấy để trang tr&iacute; nh&agrave; cửa. Tuy nhi&ecirc;n, loại r&egrave;m phổ biến vẫn l&agrave; r&egrave;m vải v&igrave; t&iacute;nh năng dễ giặt tẩy, dễ lắp đặt, m&agrave;u v&agrave; kiểu phong ph&uacute;, hợp với nhiều phong c&aacute;ch nội thất.</p>\r\n\r\n<h3>CHẤT LIỆU</h3>\r\n\r\n<p>C&aacute;c loại vải may&nbsp;r&egrave;m cửa&nbsp;đang c&oacute; tr&ecirc;n thị trường rất đa dạng nhưng phần lớn l&agrave; cotton, polyester. Chất liệu thun, ren gần như kh&ocirc;ng c&ograve;n được ưa chuộng nữa v&igrave; dễ b&aacute;m bụi, mau bị sờn. &ETH;ược nhiều người chọn nhất vẫn l&agrave; c&aacute;c loại vải 65% cotton - 35% polyester hay loại 52% cotton - 48% polyester với nhiều nguồn gốc xuất xứ như Trung Quốc, H&agrave;n Quốc, Anh, Indonesia, Nga v&agrave; h&agrave;ng Việt Nam. Thị trường vải may r&egrave;m cửa kh&aacute; đa dạng với h&agrave;ng trăm mẫu hoa văn v&agrave; m&agrave;u sắc kh&aacute;c nhau. C&aacute;c loại r&egrave;m cửa bằng vải cotton, bố gấm, bố th&ocirc;, vải c&oacute; chất liệu chống thấm v&agrave; &iacute;t b&aacute;m bụi với c&aacute;c hoa văn đơn giản, c&aacute;c loại c&oacute; b&ocirc;ng ở ch&acirc;n may theo nếp gấp, li ống, li đứng đang được nhiều người ưa chuộng. C&aacute;c loại&nbsp;r&egrave;m&nbsp;cửa may theo kiểu b&egrave;o s&ograve; hay c&aacute;c kiểu rườm r&agrave; của một hai năm về trước đ&atilde; kh&ocirc;ng c&ograve;n được ưa chuộng. Xu hướng mới nhất năm nay l&agrave; dựa theo c&aacute;c mẫu đơn giản c&oacute; trong catologue nước ngo&agrave;i. Mẫu đang b&aacute;n chạy l&agrave; mẫu m&agrave;u kem với c&aacute;c hoa văn đơn giản. C&aacute;c loại hoa văn được xem l&agrave; mốt mới trong năm nay l&agrave; c&aacute;c h&igrave;nh lập thể, ca r&ocirc; v&agrave; c&aacute;c mẫu hoa nhỏ.</p>\r\n\r\n<h3>MẪU M&Atilde;, KIỂU D&Aacute;NG</h3>\r\n\r\n<p>Ch&uacute;ng t&ocirc;i rất đa dạng về kiểu d&aacute;ng, sản phẩm của&nbsp;r&egrave;m nghệ thuật d&ugrave; mang phong c&aacute;ch cổ điển, hiện đại hay được s&aacute;ng tạo&nbsp;ph&aacute; c&aacute;ch v&agrave; đầy ngẫu hứng vẫn lu&ocirc;n đem đến cho người sử dụng cảm gi&aacute;c th&iacute;ch th&uacute; v&agrave; h&agrave;i l&ograve;ng nhất. Ph&aacute;t huy s&aacute;ng tạo vượt mọi r&agrave;o cản r&egrave;m nghệ thuật l&agrave; đỉnh cao của những s&aacute;ng tạo kh&ocirc;ng giới hạn, ch&uacute;ng t&ocirc;i mong muốn mang đến những sản phẩm r&egrave;m cửa tốt nhất, rẻ nhất gi&uacute;p cho bữa cơm gia đ&igrave;nh th&ecirc;m đầm ấm, hạnh ph&uacute;c!</p>\r\n\r\n<p>&nbsp;</p>\r\n\r\n<p>&nbsp;</p>\r\n\r\n<p>Loại vải b&oacute;ng mượt, mềm mịn đem lại vẻ sang trọng như nhung, gấm, đũi, lụa, voan... thường một m&agrave;u hoặc mang hoa văn, hoạ tiết ch&igrave;m, trang nh&atilde;, hợp với ph&ograve;ng kh&aacute;ch. Những loại vải bề mặt th&ocirc; r&aacute;p cho cảm gi&aacute;c th&acirc;n mật, gần gũi thi&ecirc;n nhi&ecirc;n lại k&eacute;n phong c&aacute;ch b&agrave;i tr&iacute; như vải bạt, bố, th&ocirc;, thổ cẩm... chỉ n&ecirc;n sử dụng trong ph&ograve;ng b&agrave;y đồ đạc m&acirc;y, tre, gỗ mộc, thảm l&ocirc;ng th&uacute;. Vải b&ocirc;ng, lanh c&oacute; nhiều m&agrave;u hoa văn, hợp với nội thất b&igrave;nh thường, nhất l&agrave; ph&ograve;ng trẻ em, ph&ograve;ng ăn, ph&ograve;ng giải tr&iacute;...<br />\r\n<br />\r\nR&egrave;m (m&agrave;n) m&ugrave;a h&egrave; thường l&agrave; những loại&nbsp;r&egrave;m&nbsp;(m&agrave;n) c&oacute; chất liệu nhẹ nh&agrave;ng như: vải th&ocirc; mỏng, voan, lụa, lanh... c&ograve;n r&egrave;m m&ugrave;a đ&ocirc;ng lại cần tạo sự ấm &aacute;p, n&ecirc;n chất liệu chủ yếu l&agrave; nhung, gấm, th&ocirc; dầy v&agrave; thổ cẩm. Tuy nhi&ecirc;n l&agrave; m&ugrave;a đ&ocirc;ng hay m&ugrave;a h&egrave; việc lựa chọn chất liệu cũng phụ thuộc rất nhiều v&agrave;o mức độ chắn s&aacute;ng của &ocirc; cửa trong nh&agrave;.</p>\r\n\r\n<h3>GI&Aacute; TH&Agrave;NH</h3>\r\n\r\n<p>G&iacute;a:</p>\r\n\r\n<p>&nbsp;Khoảng 760.000đ/ 1m ngang ho&agrave;n thiện trở l&ecirc;n (bao gồm c&ocirc;ng, phụ kiện lắp đặt,&nbsp;</p>\r\n\r\n<h3>BẢO QUẢN V&Agrave; SỬ DỤNG</h3>\r\n', '', '', '01', '', '', '', '', '', '', '', '', '', '', '', '', 0, 'rem-vai-10', 'Rèm vải 10', 'Ngoài tác dụng điều chỉnh ánh sáng cho căn phòng, rèm cửa (màn cửa) còn giữ ấm cho căn phòng khi mùa đông đến, hạn chế cái nóng của mùa hè, bụi và tiếng ồn bên ngoài. ', 'Rèm vải'),
(61, 37, 'vn', 'It uses a dictionary', '<p>Contrary to popular belief, Lorem Ipsum is not simply random text. It has roots in a piece of classical Latin literature from 45 BC, making it over 2000 years old.</p>\r\n', '', '', '<p>There are many variations of passages of Lorem Ipsum available, but the majority have suffered alteration in some form, by injected humour, or randomised words which don&#39;t look even slightly believable. If you are going to use a passage of Lorem Ipsum, you need to be sure there isn&#39;t anything embarrassing hidden in the middle of text. All the Lorem Ipsum generators on the Internet tend to repeat predefined chunks as necessary, making this the first true generator on the Internet. It uses a dictionary of over 200 Latin words, combined with a handful of model sentence structures, to generate Lorem Ipsum which looks reasonable. The generated Lorem Ipsum is therefore always free from repetition, injected humour, or non-characteristic words etc.</p>\r\n', '', '', '01', '', '[]', '', '', '', '', '', '', '', '', '', '', 0, 'it-uses-a-dictionary', 'It uses a dictionary', '', ''),
(62, 37, 'en', '4u-1', '<p>Giấy d&aacute;n tường&nbsp;&nbsp;là m&ocirc;̣t loại v&acirc;̣t li&ecirc;̣u trang trí đang r&acirc;́t được ưa chu&ocirc;̣ng trong mọi loại hình ki&ecirc;́n trúc tr&ecirc;n khắp th&ecirc;́ giới. Ở Vi&ecirc;̣t Nam thì các loại gi&acirc;́y dán tường cao c&acirc;́p chủ y&ecirc;́u được nh&acirc;̣p từ nước ngoài trong đó có loại gi&acirc;́y dán tường Hàn Qu&ocirc;́c đang được ưa chu&ocirc;̣ng nh&acirc;́t.</p>\r\n', '', '', '<div>\r\n<h3>M&Ocirc; TẢ SẢN PHẨM</h3>\r\n\r\n<div>\r\n<div>\r\n<div>\r\n<p>Giấy d&aacute;n tường&nbsp;&nbsp;là m&ocirc;̣t loại v&acirc;̣t li&ecirc;̣u trang trí đang r&acirc;́t được ưa chu&ocirc;̣ng trong mọi loại hình ki&ecirc;́n trúc tr&ecirc;n khắp th&ecirc;́ giới. Ở Vi&ecirc;̣t Nam thì các loại gi&acirc;́y dán tường cao c&acirc;́p chủ y&ecirc;́u được nh&acirc;̣p từ nước ngoài trong đó có loại gi&acirc;́y dán tường Hàn Qu&ocirc;́c đang được ưa chu&ocirc;̣ng nh&acirc;́t. Có lẽ sự ảnh hưởng của văn hóa Hàn là m&ocirc;̣t trong những lý do làm người Vi&ecirc;̣t ngày càng chu&ocirc;̣ng các sản ph&acirc;̉m từ của Hàn. Tuy nhi&ecirc;n kh&ocirc;ng th&ecirc;̉ phủ nh&acirc;̣n được ch&acirc;́t lượng của các sản ph&acirc;̉m Hàn Qu&ocirc;́c chính hãng có mặt tr&ecirc;n thị trường Vi&ecirc;̣t Nam.B&ecirc;̀ mặt gi&acirc;́y được phủ m&ocirc;̣t lớp vinyl giúp gi&acirc;́y ch&ocirc;́ng xước, ch&ocirc;́ng th&acirc;́m. Bạn có th&ecirc;̉ d&ecirc;̃ dàng sử dụng khăn &acirc;̉m đ&ecirc;̉ làm sạch b&ecirc;̀ mặt gi&acirc;́y hàng ngày mà kh&ocirc;ng lo gi&acirc;́y bị th&acirc;́m ướt, &acirc;̉m m&ocirc;́c</p>\r\n\r\n<p>B&ecirc;̀n màu, có khả năng chịu được các ch&acirc;́t ki&ecirc;̀m và axit.</p>\r\n\r\n<p>Màu sắc đa dạng phù hợp với mọi kh&ocirc;ng gian ki&ecirc;́n trúc. Với gi&acirc;́y dán tường Hàn Qu&ocirc;́c bạn có th&ecirc;̉ thoải mái sáng tạo n&ecirc;n những kh&ocirc;ng gian mà bạn thích có th&ecirc;̉ là m&ocirc;̣t kh&ocirc;ng gian c&acirc;̀n sự sang trọng tinh t&ecirc;́, m&ocirc;̣t kh&ocirc;ng gian lãng mạn, cá tính hay đơn giảnlà m&ocirc;̣t kh&ocirc;ng gian có chút tinh nghịch trẻ thơ.</p>\r\n\r\n<p>Giấy d&aacute;n tường H&agrave;n Quốc&nbsp;có th&ecirc;̉ giúp bạn tạo n&ecirc;n m&ocirc;̣t kh&ocirc;ng gian hoàn toàn mới mẻ cho ng&ocirc;i nhà của bạn. Đ&ocirc;i khi thay đ&ocirc;̉i m&ocirc;̣t chút kh&ocirc;ng gian s&ocirc;́ng từ chính những bức tường cuả ng&ocirc;i nhà có th&ecirc;̉ giúp những thành vi&ecirc;n trong gia đình của bạn xích lại g&acirc;̀n nhau hơn.</p>\r\n</div>\r\n</div>\r\n</div>\r\n</div>\r\n\r\n<div>\r\n<h3>CHẤT LIỆU</h3>\r\n</div>\r\n\r\n<div>\r\n<h3>MẪU M&Atilde;, KIỂU D&Aacute;NG</h3>\r\n\r\n<div>\r\n<div>\r\n<div>\r\n<p>Khổ giấy 1,06 m X 15,6 m=16,5m2</p>\r\n</div>\r\n</div>\r\n</div>\r\n</div>\r\n\r\n<div>\r\n<h3>GI&Aacute; TH&Agrave;NH</h3>\r\n\r\n<div>\r\n<div>\r\n<div>\r\n<p>Giao động từ 1,150,000-1,450,000/cuộn</p>\r\n\r\n<p>hoặc 110,000-135,000/m2</p>\r\n</div>\r\n</div>\r\n</div>\r\n</div>\r\n\r\n<div>\r\n<h3>BẢO QUẢN V&Agrave; SỬ DỤNG</h3>\r\n</div>\r\n', '', '', '01', '', '', '', '', '', '', '', '', '', '', '', '', 0, '4u-1', '4u-1', 'Giấy dán tường  là một loại vật liệu trang trí đang rất được ưa chuộng trong mọi loại hình kiến trúc trên khắp thế giới. Ở Việt Nam thì các loại giấy dán tường cao cấp chủ yếu được nhập từ nước ngoài trong đó có loại giấy dán tường Hàn Quốc đang được ưa chuộng nhất.', '4u-1'),
(63, 38, 'vn', 'generator on the Internet', '<p>Contrary to popular belief, Lorem Ipsum is not simply random text. It has roots in a piece of classical Latin literature from 45 BC, making it over 2000 years old.</p>\r\n', '', '', '<p>There are many variations of passages of Lorem Ipsum available, but the majority have suffered alteration in some form, by injected humour, or randomised words which don&#39;t look even slightly believable. If you are going to use a passage of Lorem Ipsum, you need to be sure there isn&#39;t anything embarrassing hidden in the middle of text. All the Lorem Ipsum generators on the Internet tend to repeat predefined chunks as necessary, making this the first true generator on the Internet. It uses a dictionary of over 200 Latin words, combined with a handful of model sentence structures, to generate Lorem Ipsum which looks reasonable. The generated Lorem Ipsum is therefore always free from repetition, injected humour, or non-characteristic words etc.</p>\r\n', '', '', '01', '', '[]', '', '', '', '', '', '', '', '', '', '', 0, 'generator-on-the-internet', 'generator on the Internet', '', ''),
(64, 38, 'en', '4u-2', '<p>Giấy d&aacute;n tường&nbsp;&nbsp;là m&ocirc;̣t loại v&acirc;̣t li&ecirc;̣u trang trí đang r&acirc;́t được ưa chu&ocirc;̣ng trong mọi loại hình ki&ecirc;́n trúc tr&ecirc;n khắp th&ecirc;́ giới. Ở Vi&ecirc;̣t Nam thì các loại gi&acirc;́y dán tường cao c&acirc;́p chủ y&ecirc;́u được nh&acirc;̣p từ nước ngoài trong đó có loại gi&acirc;́y dán tường Hàn Qu&ocirc;́c đang được ưa chu&ocirc;̣ng nh&acirc;́t.</p>\r\n', '', '', '<h3>M&Ocirc; TẢ SẢN PHẨM</h3>\r\n\r\n<p>Giấy d&aacute;n tường&nbsp;&nbsp;là m&ocirc;̣t loại v&acirc;̣t li&ecirc;̣u trang trí đang r&acirc;́t được ưa chu&ocirc;̣ng trong mọi loại hình ki&ecirc;́n trúc tr&ecirc;n khắp th&ecirc;́ giới. Ở Vi&ecirc;̣t Nam thì các loại gi&acirc;́y dán tường cao c&acirc;́p chủ y&ecirc;́u được nh&acirc;̣p từ nước ngoài trong đó có loại gi&acirc;́y dán tường Hàn Qu&ocirc;́c đang được ưa chu&ocirc;̣ng nh&acirc;́t. Có lẽ sự ảnh hưởng của văn hóa Hàn là m&ocirc;̣t trong những lý do làm người Vi&ecirc;̣t ngày càng chu&ocirc;̣ng các sản ph&acirc;̉m từ của Hàn. Tuy nhi&ecirc;n kh&ocirc;ng th&ecirc;̉ phủ nh&acirc;̣n được ch&acirc;́t lượng của các sản ph&acirc;̉m Hàn Qu&ocirc;́c chính hãng có mặt tr&ecirc;n thị trường Vi&ecirc;̣t Nam.B&ecirc;̀ mặt gi&acirc;́y được phủ m&ocirc;̣t lớp vinyl giúp gi&acirc;́y ch&ocirc;́ng xước, ch&ocirc;́ng th&acirc;́m. Bạn có th&ecirc;̉ d&ecirc;̃ dàng sử dụng khăn &acirc;̉m đ&ecirc;̉ làm sạch b&ecirc;̀ mặt gi&acirc;́y hàng ngày mà kh&ocirc;ng lo gi&acirc;́y bị th&acirc;́m ướt, &acirc;̉m m&ocirc;́c</p>\r\n\r\n<p>B&ecirc;̀n màu, có khả năng chịu được các ch&acirc;́t ki&ecirc;̀m và axit.</p>\r\n\r\n<p>Màu sắc đa dạng phù hợp với mọi kh&ocirc;ng gian ki&ecirc;́n trúc. Với gi&acirc;́y dán tường Hàn Qu&ocirc;́c bạn có th&ecirc;̉ thoải mái sáng tạo n&ecirc;n những kh&ocirc;ng gian mà bạn thích có th&ecirc;̉ là m&ocirc;̣t kh&ocirc;ng gian c&acirc;̀n sự sang trọng tinh t&ecirc;́, m&ocirc;̣t kh&ocirc;ng gian lãng mạn, cá tính hay đơn giảnlà m&ocirc;̣t kh&ocirc;ng gian có chút tinh nghịch trẻ thơ.</p>\r\n\r\n<p>Giấy d&aacute;n tường H&agrave;n Quốc&nbsp;có th&ecirc;̉ giúp bạn tạo n&ecirc;n m&ocirc;̣t kh&ocirc;ng gian hoàn toàn mới mẻ cho ng&ocirc;i nhà của bạn. Đ&ocirc;i khi thay đ&ocirc;̉i m&ocirc;̣t chút kh&ocirc;ng gian s&ocirc;́ng từ chính những bức tường cuả ng&ocirc;i nhà có th&ecirc;̉ giúp những thành vi&ecirc;n trong gia đình của bạn xích lại g&acirc;̀n nhau hơn.</p>\r\n\r\n<h3>CHẤT LIỆU</h3>\r\n\r\n<h3>MẪU M&Atilde;, KIỂU D&Aacute;NG</h3>\r\n\r\n<p>Khổ giấy 1,06 m X 15,6 m=16,5m2</p>\r\n\r\n<h3>GI&Aacute; TH&Agrave;NH</h3>\r\n\r\n<p>Giao động từ 1,150,000-1,450,000/cuộn</p>\r\n\r\n<p>hoặc 110,000-135,000/m2</p>\r\n\r\n<h3>BẢO QUẢN V&Agrave; SỬ DỤNG</h3>\r\n', '', '', '01', '', '', '', '', '', '', '', '', '', '', '', '', 0, '4u-2', '4u-2', 'Giấy dán tường  là một loại vật liệu trang trí đang rất được ưa chuộng trong mọi loại hình kiến trúc trên khắp thế giới. Ở Việt Nam thì các loại giấy dán tường cao cấp chủ yếu được nhập từ nước ngoài trong đó có loại giấy dán tường Hàn Quốc đang được ưa chuộng nhất.', '4u-2'),
(65, 39, 'vn', 'making this the first true', '<p>Contrary to popular belief, Lorem Ipsum is not simply random text. It has roots in a piece of classical Latin literature from 45 BC, making it over 2000 years old.</p>\r\n', '', '', '<p>There are many variations of passages of Lorem Ipsum available, but the majority have suffered alteration in some form, by injected humour, or randomised words which don&#39;t look even slightly believable. If you are going to use a passage of Lorem Ipsum, you need to be sure there isn&#39;t anything embarrassing hidden in the middle of text. All the Lorem Ipsum generators on the Internet tend to repeat predefined chunks as necessary, making this the first true generator on the Internet. It uses a dictionary of over 200 Latin words, combined with a handful of model sentence structures, to generate Lorem Ipsum which looks reasonable. The generated Lorem Ipsum is therefore always free from repetition, injected humour, or non-characteristic words etc.</p>\r\n', '', '', '01', '', '[]', '', '', '', '', '', '', '', '', '', '', 0, 'making-this-the-first-true', 'making this the first true', '', ''),
(66, 39, 'en', '4u-3', '<p>Giấy d&aacute;n tường&nbsp;&nbsp;là m&ocirc;̣t loại v&acirc;̣t li&ecirc;̣u trang trí đang r&acirc;́t được ưa chu&ocirc;̣ng trong mọi loại hình ki&ecirc;́n trúc tr&ecirc;n khắp th&ecirc;́ giới. Ở Vi&ecirc;̣t Nam thì các loại gi&acirc;́y dán tường cao c&acirc;́p chủ y&ecirc;́u được nh&acirc;̣p từ nước ngoài trong đó có loại gi&acirc;́y dán tường Hàn Qu&ocirc;́c đang được ưa chu&ocirc;̣ng nh&acirc;́t.</p>\r\n', '', '', '<h3>M&Ocirc; TẢ SẢN PHẨM</h3>\r\n\r\n<p>Giấy d&aacute;n tường&nbsp;&nbsp;là m&ocirc;̣t loại v&acirc;̣t li&ecirc;̣u trang trí đang r&acirc;́t được ưa chu&ocirc;̣ng trong mọi loại hình ki&ecirc;́n trúc tr&ecirc;n khắp th&ecirc;́ giới. Ở Vi&ecirc;̣t Nam thì các loại gi&acirc;́y dán tường cao c&acirc;́p chủ y&ecirc;́u được nh&acirc;̣p từ nước ngoài trong đó có loại gi&acirc;́y dán tường Hàn Qu&ocirc;́c đang được ưa chu&ocirc;̣ng nh&acirc;́t. Có lẽ sự ảnh hưởng của văn hóa Hàn là m&ocirc;̣t trong những lý do làm người Vi&ecirc;̣t ngày càng chu&ocirc;̣ng các sản ph&acirc;̉m từ của Hàn. Tuy nhi&ecirc;n kh&ocirc;ng th&ecirc;̉ phủ nh&acirc;̣n được ch&acirc;́t lượng của các sản ph&acirc;̉m Hàn Qu&ocirc;́c chính hãng có mặt tr&ecirc;n thị trường Vi&ecirc;̣t Nam.B&ecirc;̀ mặt gi&acirc;́y được phủ m&ocirc;̣t lớp vinyl giúp gi&acirc;́y ch&ocirc;́ng xước, ch&ocirc;́ng th&acirc;́m. Bạn có th&ecirc;̉ d&ecirc;̃ dàng sử dụng khăn &acirc;̉m đ&ecirc;̉ làm sạch b&ecirc;̀ mặt gi&acirc;́y hàng ngày mà kh&ocirc;ng lo gi&acirc;́y bị th&acirc;́m ướt, &acirc;̉m m&ocirc;́c</p>\r\n\r\n<p>B&ecirc;̀n màu, có khả năng chịu được các ch&acirc;́t ki&ecirc;̀m và axit.</p>\r\n\r\n<p>Màu sắc đa dạng phù hợp với mọi kh&ocirc;ng gian ki&ecirc;́n trúc. Với gi&acirc;́y dán tường Hàn Qu&ocirc;́c bạn có th&ecirc;̉ thoải mái sáng tạo n&ecirc;n những kh&ocirc;ng gian mà bạn thích có th&ecirc;̉ là m&ocirc;̣t kh&ocirc;ng gian c&acirc;̀n sự sang trọng tinh t&ecirc;́, m&ocirc;̣t kh&ocirc;ng gian lãng mạn, cá tính hay đơn giảnlà m&ocirc;̣t kh&ocirc;ng gian có chút tinh nghịch trẻ thơ.</p>\r\n\r\n<p>Giấy d&aacute;n tường H&agrave;n Quốc&nbsp;có th&ecirc;̉ giúp bạn tạo n&ecirc;n m&ocirc;̣t kh&ocirc;ng gian hoàn toàn mới mẻ cho ng&ocirc;i nhà của bạn. Đ&ocirc;i khi thay đ&ocirc;̉i m&ocirc;̣t chút kh&ocirc;ng gian s&ocirc;́ng từ chính những bức tường cuả ng&ocirc;i nhà có th&ecirc;̉ giúp những thành vi&ecirc;n trong gia đình của bạn xích lại g&acirc;̀n nhau hơn.</p>\r\n\r\n<h3>CHẤT LIỆU</h3>\r\n\r\n<h3>MẪU M&Atilde;, KIỂU D&Aacute;NG</h3>\r\n\r\n<p>Khổ giấy 1,06 m X 15,6 m=16,5m2</p>\r\n\r\n<h3>GI&Aacute; TH&Agrave;NH</h3>\r\n\r\n<p>Giao động từ 1,150,000-1,450,000/cuộn</p>\r\n\r\n<p>hoặc 110,000-135,000/m2</p>\r\n\r\n<h3>BẢO QUẢN V&Agrave; SỬ DỤNG</h3>\r\n', '', '', '01', '', '', '', '', '', '', '', '', '', '', '', '', 0, '4u-3', '4u-3', 'Giấy dán tường  là một loại vật liệu trang trí đang rất được ưa chuộng trong mọi loại hình kiến trúc trên khắp thế giới. Ở Việt Nam thì các loại giấy dán tường cao cấp chủ yếu được nhập từ nước ngoài trong đó có loại giấy dán tường Hàn Quốc đang được ưa chuộng nhất.', '4u-3'),
(67, 40, 'vn', 'repeat predefined chunks', '<p>Contrary to popular belief, Lorem Ipsum is not simply random text. It has roots in a piece of classical Latin literature from 45 BC, making it over 2000 years old.</p>\r\n', '', '', '<p>There are many variations of passages of Lorem Ipsum available, but the majority have suffered alteration in some form, by injected humour, or randomised words which don&#39;t look even slightly believable. If you are going to use a passage of Lorem Ipsum, you need to be sure there isn&#39;t anything embarrassing hidden in the middle of text. All the Lorem Ipsum generators on the Internet tend to repeat predefined chunks as necessary, making this the first true generator on the Internet. It uses a dictionary of over 200 Latin words, combined with a handful of model sentence structures, to generate Lorem Ipsum which looks reasonable. The generated Lorem Ipsum is therefore always free from repetition, injected humour, or non-characteristic words etc.</p>\r\n', '', '', '01', '', '[]', '', '', '', '', '', '', '', '', '', '', 0, 'repeat-predefined-chunks', 'repeat predefined chunks', '', ''),
(68, 40, 'en', '4u-4', '<p>Giấy d&aacute;n tường&nbsp;&nbsp;là m&ocirc;̣t loại v&acirc;̣t li&ecirc;̣u trang trí đang r&acirc;́t được ưa chu&ocirc;̣ng trong mọi loại hình ki&ecirc;́n trúc tr&ecirc;n khắp th&ecirc;́ giới. Ở Vi&ecirc;̣t Nam thì các loại gi&acirc;́y dán tường cao c&acirc;́p chủ y&ecirc;́u được nh&acirc;̣p từ nước ngoài trong đó có loại gi&acirc;́y dán tường Hàn Qu&ocirc;́c đang được ưa chu&ocirc;̣ng nh&acirc;́t.</p>\r\n', '', '', '<h3>M&Ocirc; TẢ SẢN PHẨM</h3>\r\n\r\n<p>Giấy d&aacute;n tường&nbsp;&nbsp;là m&ocirc;̣t loại v&acirc;̣t li&ecirc;̣u trang trí đang r&acirc;́t được ưa chu&ocirc;̣ng trong mọi loại hình ki&ecirc;́n trúc tr&ecirc;n khắp th&ecirc;́ giới. Ở Vi&ecirc;̣t Nam thì các loại gi&acirc;́y dán tường cao c&acirc;́p chủ y&ecirc;́u được nh&acirc;̣p từ nước ngoài trong đó có loại gi&acirc;́y dán tường Hàn Qu&ocirc;́c đang được ưa chu&ocirc;̣ng nh&acirc;́t. Có lẽ sự ảnh hưởng của văn hóa Hàn là m&ocirc;̣t trong những lý do làm người Vi&ecirc;̣t ngày càng chu&ocirc;̣ng các sản ph&acirc;̉m từ của Hàn. Tuy nhi&ecirc;n kh&ocirc;ng th&ecirc;̉ phủ nh&acirc;̣n được ch&acirc;́t lượng của các sản ph&acirc;̉m Hàn Qu&ocirc;́c chính hãng có mặt tr&ecirc;n thị trường Vi&ecirc;̣t Nam.B&ecirc;̀ mặt gi&acirc;́y được phủ m&ocirc;̣t lớp vinyl giúp gi&acirc;́y ch&ocirc;́ng xước, ch&ocirc;́ng th&acirc;́m. Bạn có th&ecirc;̉ d&ecirc;̃ dàng sử dụng khăn &acirc;̉m đ&ecirc;̉ làm sạch b&ecirc;̀ mặt gi&acirc;́y hàng ngày mà kh&ocirc;ng lo gi&acirc;́y bị th&acirc;́m ướt, &acirc;̉m m&ocirc;́c</p>\r\n\r\n<p>B&ecirc;̀n màu, có khả năng chịu được các ch&acirc;́t ki&ecirc;̀m và axit.</p>\r\n\r\n<p>Màu sắc đa dạng phù hợp với mọi kh&ocirc;ng gian ki&ecirc;́n trúc. Với gi&acirc;́y dán tường Hàn Qu&ocirc;́c bạn có th&ecirc;̉ thoải mái sáng tạo n&ecirc;n những kh&ocirc;ng gian mà bạn thích có th&ecirc;̉ là m&ocirc;̣t kh&ocirc;ng gian c&acirc;̀n sự sang trọng tinh t&ecirc;́, m&ocirc;̣t kh&ocirc;ng gian lãng mạn, cá tính hay đơn giảnlà m&ocirc;̣t kh&ocirc;ng gian có chút tinh nghịch trẻ thơ.</p>\r\n\r\n<p>Giấy d&aacute;n tường H&agrave;n Quốc&nbsp;có th&ecirc;̉ giúp bạn tạo n&ecirc;n m&ocirc;̣t kh&ocirc;ng gian hoàn toàn mới mẻ cho ng&ocirc;i nhà của bạn. Đ&ocirc;i khi thay đ&ocirc;̉i m&ocirc;̣t chút kh&ocirc;ng gian s&ocirc;́ng từ chính những bức tường cuả ng&ocirc;i nhà có th&ecirc;̉ giúp những thành vi&ecirc;n trong gia đình của bạn xích lại g&acirc;̀n nhau hơn.</p>\r\n\r\n<h3>CHẤT LIỆU</h3>\r\n\r\n<h3>MẪU M&Atilde;, KIỂU D&Aacute;NG</h3>\r\n\r\n<p>Khổ giấy 1,06 m X 15,6 m=16,5m2</p>\r\n\r\n<h3>GI&Aacute; TH&Agrave;NH</h3>\r\n\r\n<p>Giao động từ 1,150,000-1,450,000/cuộn</p>\r\n\r\n<p>hoặc 110,000-135,000/m2</p>\r\n\r\n<h3>BẢO QUẢN V&Agrave; SỬ DỤNG</h3>\r\n', '', '', '01', '', '', '', '', '', '', '', '', '', '', '', '', 0, '4u-4', '4u-4', 'Giấy dán tường  là một loại vật liệu trang trí đang rất được ưa chuộng trong mọi loại hình kiến trúc trên khắp thế giới. Ở Việt Nam thì các loại giấy dán tường cao cấp chủ yếu được nhập từ nước ngoài trong đó có loại giấy dán tường Hàn Quốc đang được ưa chuộng nhất.', '4u-4'),
(69, 41, 'vn', 'on the Internet tend', '<p>Contrary to popular belief, Lorem Ipsum is not simply random text. It has roots in a piece of classical Latin literature from 45 BC, making it over 2000 years old.</p>\r\n', '', '', '<p>There are many variations of passages of Lorem Ipsum available, but the majority have suffered alteration in some form, by injected humour, or randomised words which don&#39;t look even slightly believable. If you are going to use a passage of Lorem Ipsum, you need to be sure there isn&#39;t anything embarrassing hidden in the middle of text. All the Lorem Ipsum generators on the Internet tend to repeat predefined chunks as necessary, making this the first true generator on the Internet. It uses a dictionary of over 200 Latin words, combined with a handful of model sentence structures, to generate Lorem Ipsum which looks reasonable. The generated Lorem Ipsum is therefore always free from repetition, injected humour, or non-characteristic words etc.</p>\r\n', '', '', '01', '', '[]', '', '', '', '', '', '', '', '', '', '', 0, 'on-the-internet-tend', 'on the Internet tend', '', ''),
(70, 41, 'en', '4u-5', '<p>Giấy d&aacute;n tường&nbsp;&nbsp;là m&ocirc;̣t loại v&acirc;̣t li&ecirc;̣u trang trí đang r&acirc;́t được ưa chu&ocirc;̣ng trong mọi loại hình ki&ecirc;́n trúc tr&ecirc;n khắp th&ecirc;́ giới. Ở Vi&ecirc;̣t Nam thì các loại gi&acirc;́y dán tường cao c&acirc;́p chủ y&ecirc;́u được nh&acirc;̣p từ nước ngoài trong đó có loại gi&acirc;́y dán tường Hàn Qu&ocirc;́c đang được ưa chu&ocirc;̣ng nh&acirc;́t.</p>\r\n', '', '', '<h3>M&Ocirc; TẢ SẢN PHẨM</h3>\r\n\r\n<p>Giấy d&aacute;n tường&nbsp;&nbsp;là m&ocirc;̣t loại v&acirc;̣t li&ecirc;̣u trang trí đang r&acirc;́t được ưa chu&ocirc;̣ng trong mọi loại hình ki&ecirc;́n trúc tr&ecirc;n khắp th&ecirc;́ giới. Ở Vi&ecirc;̣t Nam thì các loại gi&acirc;́y dán tường cao c&acirc;́p chủ y&ecirc;́u được nh&acirc;̣p từ nước ngoài trong đó có loại gi&acirc;́y dán tường Hàn Qu&ocirc;́c đang được ưa chu&ocirc;̣ng nh&acirc;́t. Có lẽ sự ảnh hưởng của văn hóa Hàn là m&ocirc;̣t trong những lý do làm người Vi&ecirc;̣t ngày càng chu&ocirc;̣ng các sản ph&acirc;̉m từ của Hàn. Tuy nhi&ecirc;n kh&ocirc;ng th&ecirc;̉ phủ nh&acirc;̣n được ch&acirc;́t lượng của các sản ph&acirc;̉m Hàn Qu&ocirc;́c chính hãng có mặt tr&ecirc;n thị trường Vi&ecirc;̣t Nam.B&ecirc;̀ mặt gi&acirc;́y được phủ m&ocirc;̣t lớp vinyl giúp gi&acirc;́y ch&ocirc;́ng xước, ch&ocirc;́ng th&acirc;́m. Bạn có th&ecirc;̉ d&ecirc;̃ dàng sử dụng khăn &acirc;̉m đ&ecirc;̉ làm sạch b&ecirc;̀ mặt gi&acirc;́y hàng ngày mà kh&ocirc;ng lo gi&acirc;́y bị th&acirc;́m ướt, &acirc;̉m m&ocirc;́c</p>\r\n\r\n<p>B&ecirc;̀n màu, có khả năng chịu được các ch&acirc;́t ki&ecirc;̀m và axit.</p>\r\n\r\n<p>Màu sắc đa dạng phù hợp với mọi kh&ocirc;ng gian ki&ecirc;́n trúc. Với gi&acirc;́y dán tường Hàn Qu&ocirc;́c bạn có th&ecirc;̉ thoải mái sáng tạo n&ecirc;n những kh&ocirc;ng gian mà bạn thích có th&ecirc;̉ là m&ocirc;̣t kh&ocirc;ng gian c&acirc;̀n sự sang trọng tinh t&ecirc;́, m&ocirc;̣t kh&ocirc;ng gian lãng mạn, cá tính hay đơn giảnlà m&ocirc;̣t kh&ocirc;ng gian có chút tinh nghịch trẻ thơ.</p>\r\n\r\n<p>Giấy d&aacute;n tường H&agrave;n Quốc&nbsp;có th&ecirc;̉ giúp bạn tạo n&ecirc;n m&ocirc;̣t kh&ocirc;ng gian hoàn toàn mới mẻ cho ng&ocirc;i nhà của bạn. Đ&ocirc;i khi thay đ&ocirc;̉i m&ocirc;̣t chút kh&ocirc;ng gian s&ocirc;́ng từ chính những bức tường cuả ng&ocirc;i nhà có th&ecirc;̉ giúp những thành vi&ecirc;n trong gia đình của bạn xích lại g&acirc;̀n nhau hơn.</p>\r\n\r\n<h3>CHẤT LIỆU</h3>\r\n\r\n<h3>MẪU M&Atilde;, KIỂU D&Aacute;NG</h3>\r\n\r\n<p>Khổ giấy 1,06 m X 15,6 m=16,5m2</p>\r\n\r\n<h3>GI&Aacute; TH&Agrave;NH</h3>\r\n\r\n<p>Giao động từ 1,150,000-1,450,000/cuộn</p>\r\n\r\n<p>hoặc 110,000-135,000/m2</p>\r\n\r\n<h3>BẢO QUẢN V&Agrave; SỬ DỤNG</h3>\r\n', '', '', '01', '', '', '', '', '', '', '', '', '', '', '', '', 0, '4u-5', '4u-5', 'Giấy dán tường  là một loại vật liệu trang trí đang rất được ưa chuộng trong mọi loại hình kiến trúc trên khắp thế giới. Ở Việt Nam thì các loại giấy dán tường cao cấp chủ yếu được nhập từ nước ngoài trong đó có loại giấy dán tường Hàn Quốc đang được ưa chuộng nhất.', '4u-5'),
(71, 42, 'vn', 'All the Lorem Ipsum generators', '<p>Contrary to popular belief, Lorem Ipsum is not simply random text. It has roots in a piece of classical Latin literature from 45 BC, making it over 2000 years old.</p>\r\n', '', '', '<p>There are many variations of passages of Lorem Ipsum available, but the majority have suffered alteration in some form, by injected humour, or randomised words which don&#39;t look even slightly believable. If you are going to use a passage of Lorem Ipsum, you need to be sure there isn&#39;t anything embarrassing hidden in the middle of text. All the Lorem Ipsum generators on the Internet tend to repeat predefined chunks as necessary, making this the first true generator on the Internet. It uses a dictionary of over 200 Latin words, combined with a handful of model sentence structures, to generate Lorem Ipsum which looks reasonable. The generated Lorem Ipsum is therefore always free from repetition, injected humour, or non-characteristic words etc.</p>\r\n', '', '', '', '', '[]', '', '', '', '', '', '', '', '', '', '', 0, 'all-the-lorem-ipsum-generators', 'All the Lorem Ipsum generators', '', ''),
(72, 42, 'en', 'ANTRI GP', 'fgdfgdg', '', '', '<p>xdgvzxvxc</p>\r\n', '', '', '', '', '', '', '', '', '', '', '', '', '', '', '', 0, 'antri-gp', 'ANTRI GP', '', ''),
(73, 43, 'vn', 'middle of text', '<p>Contrary to popular belief, Lorem Ipsum is not simply random text. It has roots in a piece of classical Latin literature from 45 BC, making it over 2000 years old.</p>\r\n', '', '', '<p>There are many variations of passages of Lorem Ipsum available, but the majority have suffered alteration in some form, by injected humour, or randomised words which don&#39;t look even slightly believable. If you are going to use a passage of Lorem Ipsum, you need to be sure there isn&#39;t anything embarrassing hidden in the middle of text. All the Lorem Ipsum generators on the Internet tend to repeat predefined chunks as necessary, making this the first true generator on the Internet. It uses a dictionary of over 200 Latin words, combined with a handful of model sentence structures, to generate Lorem Ipsum which looks reasonable. The generated Lorem Ipsum is therefore always free from repetition, injected humour, or non-characteristic words etc.</p>\r\n', '', '', '', '', '[]', '', '', '', '', '', '', '', '', '', '', 0, 'middle-of-text', 'middle of text', '', ''),
(74, 43, 'en', 'HOẠT HUYẾT GP', '', '', '', '', '', '', '', '', '', '', '', '', '', '', '', '', '', '', '', 0, 'hoat-huyet-gp', 'HOẠT HUYẾT GP', '', ''),
(75, 44, 'vn', 'there isn''t anything embarrassing', '<p>Contrary to popular belief, Lorem Ipsum is not simply random text. It has roots in a piece of classical Latin literature from 45 BC, making it over 2000 years old.</p>\r\n', '', '', '<p>There are many variations of passages of Lorem Ipsum available, but the majority have suffered alteration in some form, by injected humour, or randomised words which don&#39;t look even slightly believable. If you are going to use a passage of Lorem Ipsum, you need to be sure there isn&#39;t anything embarrassing hidden in the middle of text. All the Lorem Ipsum generators on the Internet tend to repeat predefined chunks as necessary, making this the first true generator on the Internet. It uses a dictionary of over 200 Latin words, combined with a handful of model sentence structures, to generate Lorem Ipsum which looks reasonable. The generated Lorem Ipsum is therefore always free from repetition, injected humour, or non-characteristic words etc.</p>\r\n', '', '', '', '', '[]', '', '', '', '', '', '', '', '', '', '', 0, 'there-isnt-anything-embarrassing', 'there isn''t anything embarrassing', '', ''),
(76, 44, 'en', 'BOGAN GP', '', '', '', '', '', '', '', '', '', '', '', '', '', '', '', '', '', '', '', 0, 'bogan-gp', 'BOGAN GP', '', ''),
(77, 45, 'vn', 'a passage of Lorem', '<p>Contrary to popular belief, Lorem Ipsum is not simply random text. It has roots in a piece of classical Latin literature from 45 BC, making it over 2000 years old.</p>\r\n', '', '', '<p>There are many variations of passages of Lorem Ipsum available, but the majority have suffered alteration in some form, by injected humour, or randomised words which don&#39;t look even slightly believable. If you are going to use a passage of Lorem Ipsum, you need to be sure there isn&#39;t anything embarrassing hidden in the middle of text. All the Lorem Ipsum generators on the Internet tend to repeat predefined chunks as necessary, making this the first true generator on the Internet. It uses a dictionary of over 200 Latin words, combined with a handful of model sentence structures, to generate Lorem Ipsum which looks reasonable. The generated Lorem Ipsum is therefore always free from repetition, injected humour, or non-characteristic words etc.</p>\r\n', '', '', '', '', '[]', '', '', '', '', '', '', '', '', '', '', 0, 'a-passage-of-lorem', 'a passage of Lorem', '', ''),
(78, 45, 'en', 'Calcimom GP', '', '', '', '', '', '', '', '', '', '', '', '', '', '', '', '', '', '', '', 0, 'calcimom-gp', 'Calcimom GP', '', ''),
(79, 46, 'vn', 'you are going to', '<p>Contrary to popular belief, Lorem Ipsum is not simply random text. It has roots in a piece of classical Latin literature from 45 BC, making it over 2000 years old.</p>\r\n', '', '', '<p>There are many variations of passages of Lorem Ipsum available, but the majority have suffered alteration in some form, by injected humour, or randomised words which don&#39;t look even slightly believable. If you are going to use a passage of Lorem Ipsum, you need to be sure there isn&#39;t anything embarrassing hidden in the middle of text. All the Lorem Ipsum generators on the Internet tend to repeat predefined chunks as necessary, making this the first true generator on the Internet. It uses a dictionary of over 200 Latin words, combined with a handful of model sentence structures, to generate Lorem Ipsum which looks reasonable. The generated Lorem Ipsum is therefore always free from repetition, injected humour, or non-characteristic words etc.</p>\r\n', '', '', '', '', '[]', '', '', '', '', '', '', '', '', '', '', 0, 'you-are-going-to', 'you are going to', '', ''),
(80, 46, 'en', 'DAITRANG GP', '', '', '', '', '', '', '', '', '', '', '', '', '', '', '', '', '', '', '', 0, 'daitrang-gp', 'DAITRANG GP', '', ''),
(81, 47, 'vn', 'slightly believable', '<p>Contrary to popular belief, Lorem Ipsum is not simply random text. It has roots in a piece of classical Latin literature from 45 BC, making it over 2000 years old.</p>\r\n', '', '', '<h3>There are many variations of passages of Lorem Ipsum available, but the majority have suffered alteration in some form, by injected humour, or randomised words which don&#39;t look even slightly believable. If you are going to use a passage of Lorem Ipsum, you need to be sure there isn&#39;t anything embarrassing hidden in the middle of text. All the Lorem Ipsum generators on the Internet tend to repeat predefined chunks as necessary, making this the first true generator on the Internet. It uses a dictionary of over 200 Latin words, combined with a handful of model sentence structures, to generate Lorem Ipsum which looks reasonable. The generated Lorem Ipsum is therefore always free from repetition, injected humour, or non-characteristic words etc.</h3>\r\n\r\n<p style="text-align:center"><img alt="" height="501" src="/image/images/americanskills/xem_b_ng__i_m_chi_ti_t_c_a_h_c_sinh.png" width="617" /></p>\r\n', '', '', '', '', '[]', '', '', '', '', '', '', '', '', '', '', 0, 'slightly-believable', 'slightly believable', '', ''),
(82, 47, 'en', 'BABY GP', '', '', '', '', '', '', '', '', '', '', '', '', '', '', '', '', '', '', '', 0, 'baby-gp', 'BABY GP', '', ''),
(83, 48, 'vn', 'which don''t look even', '<p>Contrary to popular belief, Lorem Ipsum is not simply random text. It has roots in a piece of classical Latin literature from 45 BC, making it over 2000 years old.</p>\r\n', '', '', '<p>There are many variations of passages of Lorem Ipsum available, but the majority have suffered alteration in some form, by injected humour, or randomised words which don&#39;t look even slightly believable. If you are going to use a passage of Lorem Ipsum, you need to be sure there isn&#39;t anything embarrassing hidden in the middle of text. All the Lorem Ipsum generators on the Internet tend to repeat predefined chunks as necessary, making this the first true generator on the Internet. It uses a dictionary of over 200 Latin words, combined with a handful of model sentence structures, to generate Lorem Ipsum which looks reasonable. The generated Lorem Ipsum is therefore always free from repetition, injected humour, or non-characteristic words etc.</p>\r\n', '', '', 'FNP1127US20GS120 (0100-16320)', '', '[]', '', '', '', '', '', '', '', '', '', '', 0, 'which-dont-look-even', 'which don''t look even', '', ''),
(84, 48, 'en', 'ANTRI GP (HỘP TO)', '<p>ANTRI GP gi&uacute;p khắc phục bệnh trĩ, suy tĩnh mạch trực tiếp, hiệu quả nhanh hơn, l&acirc;u t&aacute;i ph&aacute;t hơn.</p>\r\n\r\n<ul>\r\n	<li>Khắc phục nhanh c&aacute;c chứng trĩ cấp, m&atilde;n, đi cầu ra m&aacute;u, đau r&aacute;t, sa b&uacute;i trĩ</li>\r\n	<li>Chống suy tĩnh mạch, gi&atilde;n tĩnh mạch</li>\r\n	<li>An to&agrave;n khi sử dụng, c&oacute; thể sử dụng được cho phụ nữ trong sau sinh, c&oacute; thể sử dụng l&acirc;u d&agrave;i ph&ograve;ng bệnh suy tĩnh mạch.</li>\r\n	<li>Sản phẩm được c&aacute;c b&aacute;c sĩ, dược si khuy&ecirc;n d&ugrave;ng cho bệnh nh&acirc;n trĩ, suy tĩnh mạch.</li>\r\n</ul>\r\n', '', '', '<h2>1.C&ocirc;ng thức tối ưu</h2>\r\n\r\n<p>C&ocirc;ng thức của ANTRI GP l&agrave; nghi&ecirc;n cứu của c&aacute;c Dược sĩ đại học Dược H&agrave; Nội, kết hợp giữa tinh chất Diosmin nhập khẩu từ Ph&aacute;p, rutin v&agrave; c&aacute;c thảo dược thi&ecirc;n nhi&ecirc;n đặc hiệu cho bệnh trĩ, tăng cường bền vũng th&agrave;nh mạch m&aacute;u, giảm ph&ugrave; nề b&uacute;i trĩ, hết đau r&aacute;t chảy m&aacute;u nhanh, th&uacute;c đẩy qu&aacute; tr&igrave;nh co b&uacute;i trĩ nhanh hơn, l&acirc;u t&aacute;i ph&aacute;t hơn.<br />\r\nGi&uacute;p c&aacute;c th&agrave;nh mạch m&aacute;u bền vững hơn, th&uacute;c đẩy qu&aacute; tr&igrave;nh giảm ph&ugrave; nề, đau r&aacute;t b&uacute;i trĩ, đi cầu ra m&aacute;u v&agrave; co b&uacute;i trĩ nhanh nhất.<br />\r\nGiảm hết t&aacute;o b&oacute;n, ổn định bệnh trĩ, l&acirc;u t&aacute;i ph&aacute;t hơn.<br />\r\nTr&aacute;nh xơ vữa, suy tĩnh mạch, gi&atilde;n tĩnh mạch.</p>\r\n\r\n<p><img src="/image/menu4_1.jpg" /></p>\r\n\r\n<h2>2.C&ocirc;ng dụng của ANTRI GP</h2>\r\n\r\n<p>ANTRI GP gi&uacute;p giảm phề, đau r&aacute;t, chảy m&aacute;u, co b&uacute;i trĩ nhanh hơn, l&acirc;u t&aacute;i ph&aacute;t hơn.<br />\r\nGi&uacute;p khắc phục c&aacute;c chứng trĩ cấp, m&atilde;n, t&aacute;o b&oacute;n, đau r&aacute;t, đi cầu ra m&aacute;u.<br />\r\nBền vững th&agrave;nh mạch, chống suy tĩnh mạch, gi&atilde;n tĩnh mạch, xơ vữa mạch m&aacute;u, xuất huyết dưới da.</p>\r\n\r\n<h2>3.Th&agrave;nh phần</h2>\r\n\r\n<table border="1px" class="tableMenu4_1">\r\n	<tbody>\r\n		<tr>\r\n			<td>Diosmin</td>\r\n			<td>500mg</td>\r\n		</tr>\r\n		<tr>\r\n			<td>Rutin</td>\r\n			<td>100mg</td>\r\n		</tr>\r\n		<tr>\r\n			<td>Cao diếp c&aacute;</td>\r\n			<td>500mg</td>\r\n		</tr>\r\n		<tr>\r\n			<td>MgO</td>\r\n			<td>100mg</td>\r\n		</tr>\r\n		<tr>\r\n			<td>Vitamin C</td>\r\n			<td>30mg</td>\r\n		</tr>\r\n		<tr>\r\n			<td>Vitamin B1</td>\r\n			<td>1mg</td>\r\n		</tr>\r\n		<tr>\r\n			<td>Vitamin PP</td>\r\n			<td>15mg</td>\r\n		</tr>\r\n		<tr>\r\n			<td>Kem Gluconate</td>\r\n			<td>70mg</td>\r\n		</tr>\r\n		<tr>\r\n			<td>\r\n			<table style="width:100%">\r\n				<tbody>\r\n					<tr>\r\n						<td>T&aacute; dược vừa đủ 01 vi&ecirc;n bao phim tan trong ruột.</td>\r\n					</tr>\r\n					<tr>\r\n					</tr>\r\n				</tbody>\r\n			</table>\r\n			</td>\r\n		</tr>\r\n	</tbody>\r\n</table>\r\n\r\n<h2>4.C&aacute;ch d&ugrave;ng ANTRI GP:</h2>\r\n\r\n<p>Uống 04 vi&ecirc;n/ ng&agrave;y/ 02 lần, trước hoặc trong bữa ăn.<br />\r\n- C&oacute; thể d&ugrave;ng 06 vi&ecirc;n/ng&agrave;y/02 lần, trong trường hợp trĩ cấp, chảy m&aacute;u nhiều, đau r&aacute;t nhiều.<br />\r\n- C&oacute; thể d&ugrave;ng h&agrave;ng ng&agrave;y, ph&ograve;ng bệnh trĩ t&aacute;i ph&aacute;t v&agrave; chống suy tĩnh mạch, xơ vữa mạch m&aacute;u.</p>\r\n\r\n<p><a href="#"><img src="/image/menu4_2.jpg" /></a></p>\r\n\r\n<h2>5.Kết quả nghi&ecirc;n cứu l&acirc;m s&agrave;ng:</h2>\r\n\r\n<p>C&aacute;c kết quả nghi&ecirc;n cứu l&acirc;m s&agrave;ng Diosmin tr&ecirc;n thế giới từ 1950- 2011 cho thấy:<br />\r\nTr&ecirc;n tổng 2344 người bị bệnh trĩ v&agrave; suy tĩnh mạch, gi&atilde;n tĩnh mạch:<br />\r\n- 95% số người bị bệnh trĩ kiểm so&aacute;t t&igrave;nh trạng đi cầu ra m&aacute;u, đau r&aacute;t ở bệnh trĩ.<br />\r\n- Ngo&agrave;i ra, c&aacute;c bằng chứng khi nghi&ecirc;n cứu, Diosmin c&oacute; lợi rất lớn cho bệnh nh&acirc;n suy tĩnh mạch, nguy cơ suy tĩnh mạch v&agrave; xuất huyết dưới da.<br />\r\n- Theo th&ocirc;ng k&ecirc; từ 9/2015 đến 1/2017 tr&ecirc;n 3257 b&ecirc;nh nh&acirc;n trĩ tại H&agrave; Nội, TPHCM v&agrave; 1 số tỉnh miền bắc sử dụng ANTRI GP:<br />\r\n73% số người bị bệnh trĩ giảm hẳn đau r&aacute;t v&agrave; đi cầu ra m&aacute;u sau 03 ng&agrave;y sử dụng.<br />\r\n96% bệnh nh&acirc;n bị bệnh trĩ hết đau r&aacute;t, đi cầu ra m&aacute;u sau 07 ng&agrave;y sử dụng.<br />\r\n84% bệnh nh&acirc;n bị trĩ co b&uacute;i trĩ sau 07 ng&agrave;y sử dụng v&agrave; 95% bệnh nh&acirc;n bị trĩ co b&uacute;i trĩ sau 14 ng&agrave;y sử dụng.<br />\r\n87.3% kh&aacute;ch h&agrave;ng sử dụng đủ liệu tr&igrave;nh 08 hộp, kh&ocirc;ng t&aacute;i ph&aacute;t lại sau 01 năm.<br />\r\n(Nguồn: Ph&ograve;ng Kiểm so&aacute;t &amp; đo lường chất lượng sản phẩm!- Dược sĩ Trần Kh&aacute;nh H&ograve;a)</p>\r\n\r\n<div class="boxEndMenu4" id="antriGP3">\r\n<h2>6.Sự kh&aacute;c biệt giữa ANTRI GP v&agrave; c&aacute;c sản phẩm kh&aacute;c:</h2>\r\n\r\n<p>ANTRI GP khắc phục bệnh trĩ tận gốc dựa tr&ecirc;n cơ chế r&otilde; r&agrave;ng của nền y học hiện đại.<br />\r\nCơ chế t&aacute;c dụng hiệp đồng, vừa l&agrave;m hết ph&ugrave; nề b&uacute;i trĩ, vừa khắc phục tận gốc nguy&ecirc;n nh&acirc;n g&acirc;y ra bệnh trĩ.<br />\r\n+ Hết ph&ugrave; nề b&uacute;i trĩ, l&agrave;m hết đau r&aacute;t chảy m&aacute;u, co b&uacute;i trĩ nhanh hơn, bền vững hơn.<br />\r\n+ Hết t&aacute;o b&oacute;n, ngăn ngừa bệnh trĩ quay trở lại.<br />\r\nNguy&ecirc;n liệu Diosmin trong ANTRI GP, dạng micronized, hạt si&ecirc;u nhỏ, 5um. Bằng 1/20 kich thước hạt Diosmin th&ocirc;ng thường. gi&uacute;p dễ d&agrave;ng hấp thu hơn nhiều lần. nhập khẩu từ ph&aacute;p.<br />\r\nKh&aacute;c với sản phẩm trĩ c&ugrave;ng d&ograve;ng kh&aacute;c, mất nhiều thời gian để thấy t&aacute;c dụng. ANTRI GP cho t&aacute;c dụng nhanh hơn, l&acirc;u t&aacute;i ph&aacute;t hơn.</p>\r\n</div>\r\n\r\n<h2>7.Giấy chứng nhận của Bộ Y Tế:</h2>\r\n\r\n<p><img src="/image/giayCN.jpg" /> <img src="/image/formImgCate.jpg" /></p>\r\n', '', '', '', '', '', '', '', '', '', '', '', '', '', '', '', 0, 'antri-gp-hop-to', 'ANTRI GP (HỘP TO)', '', ''),
(85, 49, 'vn', 'randomised words', '<p>Contrary to popular belief, Lorem Ipsum is not simply random text. It has roots in a piece of classical Latin literature from 45 BC, making it over 2000 years old.</p>\r\n', '', '', '<p>There are many variations of passages of Lorem Ipsum available, but the majority have suffered alteration in some form, by injected humour, or randomised words which don&#39;t look even slightly believable. If you are going to use a passage of Lorem Ipsum, you need to be sure there isn&#39;t anything embarrassing hidden in the middle of text. All the Lorem Ipsum generators on the Internet tend to repeat predefined chunks as necessary, making this the first true generator on the Internet. It uses a dictionary of over 200 Latin words, combined with a handful of model sentence structures, to generate Lorem Ipsum which looks reasonable. The generated Lorem Ipsum is therefore always free from repetition, injected humour, or non-characteristic words etc.</p>\r\n', '', '', '', '', '[]', '', '', '', '', '', '', '', '', '', '', 0, 'randomised-words', 'randomised words', '', '');
INSERT INTO `product_languages` (`id`, `product_id`, `languages_code`, `lang_product_name`, `lang_product_des`, `lang_product_des2`, `lang_product_des3`, `lang_product_content`, `lang_product_content2`, `lang_product_content3`, `lang_product_code`, `lang_product_original`, `lang_product_size`, `lang_product_package`, `lang_product_delivery`, `lang_product_delivery_time`, `lang_product_payment`, `lang_product_payment_type`, `lang_product_sub_info1`, `lang_product_sub_info2`, `lang_product_sub_info3`, `lang_product_sub_info4`, `lang_product_sub_info5`, `edit_state`, `friendly_url`, `title_seo`, `des_seo`, `keyword`) VALUES
(86, 49, 'en', 'Hoạt Huyết GP_en', '<p>HOẠT HUYẾT GP l&agrave; sản phẩm gi&agrave;nh ri&ecirc;ng cho bệnh nh&acirc;n tiền đ&igrave;nh &amp; căng thẳng mất ngủ. Ngo&agrave;i ra HOẠT HUYẾT GP hỗ trợ tăng cường tuần ho&agrave;n m&aacute;u n&atilde;o, chống thiểu năng tuần ho&agrave;n m&aacute;u n&atilde;o.</p>\r\n\r\n<ul>\r\n	<li>Khắc phục nhanh c&aacute;c chứng đau đầu, ch&oacute;ng mặt buồn n&ocirc;n, căng thẳng mất ngủ, ngủ kh&ocirc;ng ngon.</li>\r\n	<li>Sản phẩm an to&agrave;n với người sử dụng, d&ugrave;ng được h&agrave;ng ng&agrave;y để dưỡng n&atilde;o, ngủ s&acirc;u giấc hơn. Ph&ograve;ng bệnh tiền đ&igrave;nh quay trở lại.</li>\r\n	<li>Được c&aacute;c b&aacute;c sĩ khuy&ecirc;n d&ugrave;ng cho bệnh nh&acirc;n tiền đ&igrave;nh, căng thẳng rối loan giấc ngủ v&agrave; tăng cường tuần ho&agrave;n m&aacute;u n&atilde;o.</li>\r\n</ul>\r\n', '', '', '<h2>1.C&ocirc;ng thức b&agrave;o chế tối ưu</h2>\r\n\r\n<p>HOẠT HUY&Ecirc;T GP l&agrave; sản phẩm được b&agrave;o chế tối ưu cho bệnh nh&acirc;n bị tiền đ&igrave;nh &amp; mất ngủ, stress.<br />\r\nVới Gingko biloba, Cao từ củ đinh lăng h&agrave;m lượng cao sẽ tối đa qu&aacute; tr&igrave;nh đưa m&aacute;u l&ecirc;n n&atilde;o, tăng tuần ho&agrave;n m&aacute;u n&atilde;o, cung cấp đủ oxy cho n&atilde;o hoạt động.<br />\r\nVới Cinnarizin/ Mg-B6: gi&uacute;p giảm căng thẳng, ngủ s&acirc;u giấc hơn. đặc biệt cinnarizin t&aacute;c dụng trực tiếp l&ecirc;n tuyến tiền đ&igrave;nh, gi&uacute;p khắc phục nhanh ch&oacute;ng bệnh tiền đ&igrave;nh, đau đầu ch&oacute;ng mặt, &ugrave; tai.</p>\r\n\r\n<h2>2.Th&agrave;nh phần của HOẠT HUYẾT GP</h2>\r\n\r\n<table border="1px" class="tableMenu4_1">\r\n	<tbody>\r\n		<tr>\r\n			<td>Gingko biloba</td>\r\n			<td>250mg</td>\r\n		</tr>\r\n		<tr>\r\n			<td>Cao Đinh Lăng</td>\r\n			<td>100mg</td>\r\n		</tr>\r\n		<tr>\r\n			<td>Cinnarizine</td>\r\n			<td>25mg</td>\r\n		</tr>\r\n		<tr>\r\n			<td>Magie gluconate</td>\r\n			<td>30mg</td>\r\n		</tr>\r\n		<tr>\r\n			<td>Vitamin B6</td>\r\n			<td>10mg</td>\r\n		</tr>\r\n		<tr>\r\n			<td>Vitamin B1</td>\r\n			<td>2mg</td>\r\n		</tr>\r\n		<tr>\r\n			<td>Vitamin B12</td>\r\n			<td>50mcg</td>\r\n		</tr>\r\n	</tbody>\r\n</table>\r\n\r\n<h2>3.C&ocirc;ng dụng của HOẠT HUYẾT GP</h2>\r\n\r\n<p>Gi&uacute;p tăng cường tuần ho&agrave;n m&aacute;u n&atilde;o, chống thiểu năng tuần ho&agrave;n m&aacute;u n&atilde;o, rối loạn tuần ho&agrave;n m&aacute;u n&atilde;o.<br />\r\nKhắc phục bệnh tiền đ&igrave;nh, đau đầu ch&oacute;ng mặt &ugrave; tai, buồn n&ocirc;n.<br />\r\nGiảm căng thẳng mệt mỏi, ngủ ngon hơn, s&acirc;u hơn.</p>\r\n\r\n<h2>4.C&aacute;ch d&ugrave;ng HOẠT HUYẾT GP:</h2>\r\n\r\n<p>Trước khi sử dụng HOẠT HUYẾT GP hay bất kỳ d&ograve;ng sản phẩm c&oacute; t&aacute;c dụng tăng tuần ho&agrave;n m&aacute;u n&atilde;o th&igrave; qu&yacute; kh&aacute;ch n&ecirc;n kiểm tra lại huyết &aacute;p của m&igrave;nh. Kh&ocirc;ng được sử dụng mọi sản phẩm c&oacute; t&aacute;c dụng tăng cường tuần ho&agrave;n n&atilde;o khi huyết &aacute;p của qu&yacute; kh&aacute;ch đang tăng tr&ecirc;n 150/90 mmHg.<br />\r\nLiều d&ugrave;ng HOẠT HUYẾT GP:<br />\r\n- Đang ch&oacute;ng mặt &ugrave; tai: 03 vi&ecirc;n/ ng&agrave;y/ 2 lần.<br />\r\n- D&ugrave;ng h&agrave;ng ng&agrave;y, duy tr&igrave; 02 vi&ecirc;n/ng&agrave;y/2 lần.</p>\r\n\r\n<h2>5.Kết quả nghi&ecirc;n cứu l&acirc;m s&agrave;ng:</h2>\r\n\r\n<p>93% người sử dụng ngủ ngon hơn, s&acirc;u hơn sau 03 ng&agrave;y sử dụng.<br />\r\n95% người sử dụng hết ch&oacute;ng mặt &ugrave; tai, l&acirc;ng l&acirc;ng, đau đầu.<br />\r\n83% người bị vi&ecirc;m đại tr&agrave;ng cấp, m&atilde;n ổn định tr&ecirc;n 06 th&aacute;ng sau khi d&ugrave;ng đủ 02 th&aacute;ng.<br />\r\n(Nguồn: Ph&ograve;ng Kiểm so&aacute;t &amp; đo lường chất lượng sản phẩm DP GREEN-PHAR - Dược sĩ Trần Kh&aacute;nh H&ograve;a)</p>\r\n\r\n<div class="boxEndMenu4" id="antriGP3">\r\n<h2>6.Sự kh&aacute;c biệt giữa ĐẠI TR&Agrave;NG GP v&agrave; c&aacute;c sản phẩm kh&aacute;c:</h2>\r\n\r\n<p>Gingko biloba/ Cinnarizin: 250/25mg, khắc phục bệnh tiền đ&igrave;nh nhanh ch&oacute;ng, sau 02- 04 vi&ecirc;n.<br />\r\nHOẠT HUYẾT GP kh&ocirc;ng chỉ l&agrave; sản phẩm hoạt huyết, tăng cường m&aacute;u n&atilde;o. HOẠT HUYẾT GP l&agrave; sản phẩm chuy&ecirc;n gi&agrave;nh cho b&ecirc;nh nh&acirc;n tiền đ&igrave;nh &amp; căng thẳng mất ngủ.</p>\r\n</div>\r\n\r\n<h2>7.Giấy chứng nhận của Bộ Y Tế:</h2>\r\n\r\n<p><img alt="" src="/image/CN_hoathuyetGP.jpg" /> <img alt="" src="/image/formImgCate_5.jpg" /></p>\r\n', '', '', '', '', '', '', '', '', '', '', '', '', '', '', '', 0, 'hoat-huyet-gp-1', 'Hoạt Huyết GP', '', ''),
(87, 50, 'vn', 'injected humour', '<p>Contrary to popular belief, Lorem Ipsum is not simply random text. It has roots in a piece of classical Latin literature from 45 BC, making it over 2000 years old.</p>\r\n', '', '', '<p>There are many variations of passages of Lorem Ipsum available, but the majority have suffered alteration in some form, by injected humour, or randomised words which don&#39;t look even slightly believable. If you are going to use a passage of Lorem Ipsum, you need to be sure there isn&#39;t anything embarrassing hidden in the middle of text. All the Lorem Ipsum generators on the Internet tend to repeat predefined chunks as necessary, making this the first true generator on the Internet. It uses a dictionary of over 200 Latin words, combined with a handful of model sentence structures, to generate Lorem Ipsum which looks reasonable. The generated Lorem Ipsum is therefore always free from repetition, injected humour, or non-characteristic words etc.</p>\r\n', '', '', '', '', '[]', '', '', '', '', '', '', '', '', '', '', 0, 'injected-humour', 'injected humour', '', ''),
(88, 50, 'en', 'sấ', '<p>sdf</p>\r\n', '', '', '', '', '', '', '', '', '', '', '', '', '', '', '', '', '', '', 0, 'sa', 'sấ', '', ''),
(89, 51, 'vn', 'alteration in some form', '<p>Contrary to popular belief, Lorem Ipsum is not simply random text. It has roots in a piece of classical Latin literature from 45 BC, making it over 2000 years old.</p>\r\n', '', '', '<p>There are many variations of passages of Lorem Ipsum available, but the majority have suffered alteration in some form, by injected humour, or randomised words which don&#39;t look even slightly believable. If you are going to use a passage of Lorem Ipsum, you need to be sure there isn&#39;t anything embarrassing hidden in the middle of text. All the Lorem Ipsum generators on the Internet tend to repeat predefined chunks as necessary, making this the first true generator on the Internet. It uses a dictionary of over 200 Latin words, combined with a handful of model sentence structures, to generate Lorem Ipsum which looks reasonable. The generated Lorem Ipsum is therefore always free from repetition, injected humour, or non-characteristic words etc.</p>\r\n', '', '', '', '', '[]', '', '', '', '', '', '', '', '', '', '', 0, 'alteration-in-some-form', 'alteration in some form', '', ''),
(90, 51, 'en', 'American Skill', '<p>&lt;iframe width=&quot;560&quot; height=&quot;315&quot; src=&quot;https://www.youtube.com/embed/4J4YFw5EjF8&quot; frameborder=&quot;0&quot; allow=&quot;autoplay; encrypted-media&quot; allowfullscreen&gt;&lt;/iframe&gt;</p>\r\n', '', '', '', '', '', '', '', '', '', '', '', '', '', '', '', '', '', '', 0, 'american-skill', 'American Skill', '', ''),
(91, 52, 'vn', 'the majority have suffered', '<p>Contrary to popular belief, Lorem Ipsum is not simply random text. It has roots in a piece of classical Latin literature from 45 BC, making it over 2000 years old.</p>\r\n', '', '', '<p>There are many variations of passages of Lorem Ipsum available, but the majority have suffered alteration in some form, by injected humour, or randomised words which don&#39;t look even slightly believable. If you are going to use a passage of Lorem Ipsum, you need to be sure there isn&#39;t anything embarrassing hidden in the middle of text. All the Lorem Ipsum generators on the Internet tend to repeat predefined chunks as necessary, making this the first true generator on the Internet. It uses a dictionary of over 200 Latin words, combined with a handful of model sentence structures, to generate Lorem Ipsum which looks reasonable. The generated Lorem Ipsum is therefore always free from repetition, injected humour, or non-characteristic words etc.</p>\r\n', '', '', '', '', '[]', '', '', '', '', '', '', '', '', '', '', 0, 'the-majority-have-suffered', 'the majority have suffered', '', ''),
(92, 52, 'en', 'Đội ngũ giáo viên trình độ cao', '<p>Ch&uacute;ng t&ocirc;i cam kết bảo mật tuyệt đối th&ocirc;ng tin của Kh&aacute;ch h&agrave;ng, v&igrave; ch&uacute;ng t&ocirc;i hiểu r&otilde; v&agrave; lu&ocirc;n t&ocirc;n trọng gi&aacute; trị đạo đức trong kinh doanh.<br />\r\n- Uy t&iacute;n v&agrave; ch&acirc;n th&agrave;nh l&agrave; hai gi&aacute; trị văn h&oacute;a quan trọng nhất của Nguy&ecirc;n Anh.<br />\r\n- To&agrave;n bộ nh&acirc;n sự Nguy&ecirc;n Anh lu&ocirc;n xem lợi &iacute;ch của Kh&aacute;ch h&agrave;ng l&agrave; t&acirc;m niệm để l&agrave;m việc.</p>\r\n', '', '', '', '', '', '', '', '', '', '', '', '', '', '', '', '', '', '', 0, 'doi-ngu-giao-vien-trinh-do-cao', 'Đội ngũ giáo viên trình độ cao', '', ''),
(93, 53, 'vn', 'Lorem Ipsum available', '<p>Contrary to popular belief, Lorem Ipsum is not simply random text. It has roots in a piece of classical Latin literature from 45 BC, making it over 2000 years old.</p>\r\n', '', '', '<p>There are many variations of passages of Lorem Ipsum available, but the majority have suffered alteration in some form, by injected humour, or randomised words which don&#39;t look even slightly believable. If you are going to use a passage of Lorem Ipsum, you need to be sure there isn&#39;t anything embarrassing hidden in the middle of text. All the Lorem Ipsum generators on the Internet tend to repeat predefined chunks as necessary, making this the first true generator on the Internet. It uses a dictionary of over 200 Latin words, combined with a handful of model sentence structures, to generate Lorem Ipsum which looks reasonable. The generated Lorem Ipsum is therefore always free from repetition, injected humour, or non-characteristic words etc.</p>\r\n', '', '', '', '', '[]', '', '', '', '', '', '', '', '', '', '', 0, 'lorem-ipsum-available', 'Lorem Ipsum available', '', ''),
(94, 53, 'en', 'Chương trình Chuẩn quốc tế', '<p>-Nội dung chương tr&igrave;nh chuẩn quốc tế</p>\r\n', '', '', '', '', '', '', '', '', '', '', '', '', '', '', '', '', '', '', 0, 'chuong-trinh-chuan-quoc-te', 'Chương trình Chuẩn quốc tế', '', ''),
(95, 54, 'vn', 'variations of passages', '<p>Contrary to popular belief, Lorem Ipsum is not simply random text. It has roots in a piece of classical Latin literature from 45 BC, making it over 2000 years old.</p>\r\n', '', '', '<p>There are many variations of passages of Lorem Ipsum available, but the majority have suffered alteration in some form, by injected humour, or randomised words which don&#39;t look even slightly believable. If you are going to use a passage of Lorem Ipsum, you need to be sure there isn&#39;t anything embarrassing hidden in the middle of text. All the Lorem Ipsum generators on the Internet tend to repeat predefined chunks as necessary, making this the first true generator on the Internet. It uses a dictionary of over 200 Latin words, combined with a handful of model sentence structures, to generate Lorem Ipsum which looks reasonable. The generated Lorem Ipsum is therefore always free from repetition, injected humour, or non-characteristic words etc.</p>\r\n', '', '', '', '', '[]', '', '', '', '', '', '', '', '', '', '', 0, 'variations-of-passages', 'variations of passages', '', ''),
(96, 54, 'en', 'Phương pháp học tiên tiến', '<p>- Mọi y&ecirc;u cầu của Bạn đều được Nguy&ecirc;n Anh thực hiện nhanh ch&oacute;ng, đầy đủ v&agrave; b&aacute;o c&aacute;o thường xuy&ecirc;n<br />\r\n- Quy tr&igrave;nh kết nối l&agrave;m việc đơn giản, thuận tiện với thời gian v&agrave; y&ecirc;u cầu của Bạn<br />\r\n- Bộ phận tư vấn của Nguy&ecirc;n Anh lu&ocirc;n hỗ trợ Bạn 24/7 qua c&aacute;c k&ecirc;nh hotline, email, zalo, viber hoặc c&aacute;c k&ecirc;nh kh&aacute;c ph&ugrave; hợp với Bạn.</p>\r\n', '', '', '', '', '', '', '', '', '', '', '', '', '', '', '', '', '', '', 0, 'phuong-phap-hoc-tien-tien', 'Phương pháp học tiên tiến', '', ''),
(97, 55, 'vn', 'There are many', '<p>This stylish hamper is a wonderful way to welcome a new baby into the world. Little Pink Bunny is a gorgeously soft and snuggly friend, she is so huggably, hoppily soft she makes the perfect bedtime buddy. The hamper also contains our award winning, all-natural skincare, designed specifically for a newborn baby&rsquo;s delicate skin and this gift hamper is finished with our stunning baby bud posy containing six pairs of fabulous stay-on socks.tu</p>\r\n', '', '', '<p>This welcome hamper contains: The lovely Little Pink Bunny with pretty pink trim and a rattle, perfect for sensory play. She is 24 cm high and suitable from birth.&nbsp;<br />\r\nOne 150ml moisturising baby lotion. This is a soothing, fragrance free lotion designed especially for a baby&rsquo;s delicate skin. Handmade in Cornwall using no parabens, sodium lauryl sulphate, fragrances, palm oil or lanolin the all-natural ingredients include beeswax, wheatgerm, honey and evening primrose oil.&nbsp;<br />\r\nOne 60ml baby care cream. This is our most popular cream and mums love how effective it is on everything from nappy rash to eczema. Again, handmade in Cornwall and completely natural it contains calendula to soothe and reduce redness, lavender for relaxation and its antiseptic properties, wheat germ to soothe and rejuvenate and finally honey for its ability to attract and maintain moisture, helping to soften and protect delicate skin.&nbsp;<br />\r\nOne baby bud posy &ndash; the six pairs of &lsquo;stay on&rsquo; socks within the posy contain 67% cotton, 29% nylon, 4% spandex.&nbsp;<br />\r\nPerfectly packaged in a beautifully illustrated gift box with a gift card bearing your message, this is a wonderful gift for a new mum. tu</p>\r\n\r\n<p>Đặc biệt, ch&uacute;ng t&ocirc;i lu&ocirc;n cập nhật c&aacute;c sản phẩm c&ocirc;ng nghệ mới v&agrave; lu&ocirc;n c&oacute; c&aacute;c chương tr&igrave;nh khuyến m&atilde;i đặc sắc: gi&aacute; cả ưu đ&atilde;i, qu&agrave; tặng phong ph&uacute; tới Kh&aacute;ch h&agrave;ng.</p>\r\n', '', '', 'asdf', '', '["32","41"]', '', '', '', '', '', '', '', '', '', '', 0, 'there-are-many', 'There are many', '', ''),
(98, 55, 'en', 'Cơ sở vật chất hiện đại', '<p>- Với một khoản chi ph&iacute; nhỏ h&agrave;ng th&aacute;ng, ch&uacute;ng t&ocirc;i sẽ cung cấp cho Bạn một dịch vụ chất lượng.<br />\r\n- Mọi chi ph&iacute; đều được thể hiện r&otilde; r&agrave;ng trong hợp đồng.<br />\r\n- Cam kết ho&agrave;n tiền: Sau 30 ng&agrave;y kể từ ng&agrave;y k&yacute; hợp đồng dịch vụ kế to&aacute;n thuế, nếu Bạn kh&ocirc;ng h&agrave;i l&ograve;ng về dịch vụ, Nguy&ecirc;n Anh cam kết ho&agrave;n tiền 100%.</p>\r\n', '', '', '', '', '', '', '', '', '', '', '', '', '', '', '', '', '', '', 0, 'co-so-vat-chat-hien-dai', 'Cơ sở vật chất hiện đại', '', '');

-- --------------------------------------------------------

--
-- Table structure for table `product_producer`
--

CREATE TABLE IF NOT EXISTS `product_producer` (
  `producer_id` int(11) NOT NULL,
  `producer_name` varchar(255) COLLATE utf8_unicode_ci DEFAULT NULL,
  `producer_sort_order` int(11) DEFAULT NULL,
  `producer_parent` int(11) DEFAULT NULL,
  `state` int(11) DEFAULT '1'
) ENGINE=InnoDB AUTO_INCREMENT=11 DEFAULT CHARSET=utf8 COLLATE=utf8_unicode_ci;

--
-- Dumping data for table `product_producer`
--

INSERT INTO `product_producer` (`producer_id`, `producer_name`, `producer_sort_order`, `producer_parent`, `state`) VALUES
(3, 'Donaldson', 1, 0, 1),
(4, 'Komatsu', 2, 0, 1),
(5, 'Fleetguard', 3, 0, 1),
(6, 'Badwin', 4, 0, 1),
(7, 'Huyndai-Mobis', 5, 0, 1),
(8, 'Sakura', 6, 0, 1),
(9, 'Kobelco', 7, 0, 1),
(10, 'Hãng khác', 8, 0, 1);

-- --------------------------------------------------------

--
-- Table structure for table `product_producer_languages`
--

CREATE TABLE IF NOT EXISTS `product_producer_languages` (
  `id` int(11) NOT NULL,
  `languages_code` varchar(255) COLLATE utf8_unicode_ci DEFAULT NULL,
  `lang_producer_name` varchar(255) COLLATE utf8_unicode_ci DEFAULT NULL,
  `producer_id` int(11) NOT NULL,
  `friendly_url` varchar(255) COLLATE utf8_unicode_ci DEFAULT NULL
) ENGINE=InnoDB AUTO_INCREMENT=50 DEFAULT CHARSET=utf8 COLLATE=utf8_unicode_ci;

--
-- Dumping data for table `product_producer_languages`
--

INSERT INTO `product_producer_languages` (`id`, `languages_code`, `lang_producer_name`, `producer_id`, `friendly_url`) VALUES
(34, 'vn', 'Donaldson', 3, 'donaldson'),
(35, 'en', 'Donaldson', 3, 'donaldson'),
(36, 'vn', 'Komatsu', 4, 'komatsu'),
(37, 'en', 'Komatsu', 4, 'komatsu'),
(38, 'vn', 'Fleetguard', 5, 'fleetguard'),
(39, 'en', 'Fleetguard', 5, 'fleetguard'),
(40, 'vn', 'Badwin', 6, 'badwin'),
(41, 'en', 'Badwin', 6, 'badwin'),
(42, 'vn', 'Huyndai-Mobis', 7, 'huyndai-mobis'),
(43, 'en', 'Huyndai-Mobis', 7, 'huyndai-mobis'),
(44, 'vn', 'Sakura', 8, 'sakura'),
(45, 'en', 'Sakura', 8, 'sakura'),
(46, 'vn', 'Kobelco', 9, 'kobelco'),
(47, 'en', 'Kobelco', 9, 'kobelco'),
(48, 'vn', 'Hãng khác', 10, 'hang-khac'),
(49, 'en', 'Hãng khác', 10, 'hang-khac');

-- --------------------------------------------------------

--
-- Table structure for table `pro_color`
--

CREATE TABLE IF NOT EXISTS `pro_color` (
  `id` int(11) NOT NULL,
  `color` text COLLATE utf8_unicode_ci,
  `id_product` int(11) NOT NULL
) ENGINE=InnoDB DEFAULT CHARSET=utf8 COLLATE=utf8_unicode_ci;

-- --------------------------------------------------------

--
-- Table structure for table `regInfor`
--

CREATE TABLE IF NOT EXISTS `regInfor` (
  `regInfor_id` int(11) NOT NULL,
  `regInfor_name` varchar(255) COLLATE utf8_unicode_ci DEFAULT NULL,
  `regInfor_phone` varchar(255) COLLATE utf8_unicode_ci DEFAULT NULL,
  `regInfor_mail` varchar(255) COLLATE utf8_unicode_ci DEFAULT NULL,
  `regInfor_address` varchar(255) COLLATE utf8_unicode_ci DEFAULT NULL,
  `regInfor_wasBorn` int(11) DEFAULT NULL,
  `regInfor_code` varchar(255) COLLATE utf8_unicode_ci DEFAULT NULL,
  `regInfor_state` int(11) DEFAULT '1',
  `regInfor_createdDate` date DEFAULT NULL,
  `regInfor_answer1` int(11) DEFAULT '1',
  `regInfor_answer2` int(11) DEFAULT '1',
  `regInfor_answer3` int(11) DEFAULT '1',
  `regInfor_answer4` int(11) DEFAULT '1',
  `regInfor_answer5` int(11) DEFAULT '1',
  `regInfor_answer6` int(11) DEFAULT '1',
  `regInfor_answer7` int(11) DEFAULT '1',
  `regInfor_answer8` int(11) DEFAULT '1',
  `regInfor_answer9` int(11) DEFAULT '1',
  `regInfor_sex` varchar(255) COLLATE utf8_unicode_ci DEFAULT NULL
) ENGINE=InnoDB AUTO_INCREMENT=61 DEFAULT CHARSET=utf8 COLLATE=utf8_unicode_ci;

--
-- Dumping data for table `regInfor`
--

INSERT INTO `regInfor` (`regInfor_id`, `regInfor_name`, `regInfor_phone`, `regInfor_mail`, `regInfor_address`, `regInfor_wasBorn`, `regInfor_code`, `regInfor_state`, `regInfor_createdDate`, `regInfor_answer1`, `regInfor_answer2`, `regInfor_answer3`, `regInfor_answer4`, `regInfor_answer5`, `regInfor_answer6`, `regInfor_answer7`, `regInfor_answer8`, `regInfor_answer9`, `regInfor_sex`) VALUES
(25, 'fgsf', '0967878', NULL, NULL, 0, NULL, 1, '2017-06-21', 1, 1, 1, 1, 1, 1, 1, 1, 1, 'nam'),
(26, 'th', '0967878', NULL, NULL, 0, NULL, 1, '2017-06-21', 1, 1, 1, 1, 1, 1, 1, 1, 1, 'nam'),
(31, 'thuyhang', '0967878', NULL, NULL, 0, NULL, 1, '2017-06-21', 1, 1, 1, 1, 1, 1, 1, 1, 1, 'nam'),
(32, 'thuyhang2', '0967878', NULL, NULL, 1955, NULL, 1, '2017-06-21', 1, 1, 1, 1, 1, 1, 1, 1, 2, 'nữ'),
(34, 'thdfghgfh', 'dfasdfas', NULL, NULL, 1940, NULL, 1, '2017-06-21', 1, 1, 1, 1, 1, 1, 2, 1, 1, 'nam'),
(35, NULL, NULL, NULL, NULL, NULL, NULL, 1, NULL, 1, 1, 1, 1, 1, 1, 1, 1, 1, NULL),
(36, NULL, NULL, NULL, NULL, NULL, NULL, 1, NULL, 1, 1, 1, 1, 1, 1, 1, 1, 1, NULL),
(37, 'hh', '01669745858', NULL, NULL, 1940, NULL, 1, '2017-06-22', 1, 1, 1, 1, 1, 1, 1, 1, 1, 'nam'),
(38, '', '01669745858', NULL, NULL, 1982, NULL, 1, '2017-06-22', 1, 1, 1, 1, 1, 1, 1, 1, 1, 'nam'),
(39, 'hsdfansdf', '0967878', NULL, NULL, 1940, NULL, 1, '2017-06-22', 1, 1, 1, 1, 1, 1, 1, 1, 1, 'nam'),
(40, '', 'dsfdsfsfs', NULL, NULL, 1940, NULL, 1, '2017-06-22', 1, 1, 1, 1, 1, 1, 1, 1, 1, 'nam'),
(41, NULL, NULL, NULL, NULL, NULL, NULL, 1, NULL, 1, 1, 1, 1, 1, 1, 1, 1, 1, NULL),
(42, NULL, NULL, NULL, NULL, NULL, NULL, 1, NULL, 1, 1, 1, 1, 1, 1, 1, 1, 1, NULL),
(43, NULL, NULL, NULL, NULL, NULL, NULL, 1, NULL, 1, 1, 1, 1, 1, 1, 1, 1, 1, NULL),
(44, NULL, NULL, NULL, NULL, NULL, NULL, 1, NULL, 1, 1, 1, 1, 1, 1, 1, 1, 1, NULL),
(45, NULL, NULL, NULL, NULL, NULL, NULL, 1, NULL, 1, 1, 1, 1, 1, 1, 1, 1, 1, NULL),
(46, '', '01669745858', NULL, NULL, 1940, NULL, 1, '2017-06-27', 1, 1, 1, 1, 1, 1, 1, 1, 1, 'nam'),
(47, NULL, NULL, NULL, NULL, NULL, NULL, 1, NULL, 1, 1, 1, 1, 1, 1, 1, 1, 1, NULL),
(48, NULL, NULL, NULL, NULL, NULL, NULL, 1, NULL, 1, 1, 1, 1, 1, 1, 1, 1, 1, NULL),
(49, NULL, NULL, NULL, NULL, NULL, NULL, 1, NULL, 1, 1, 1, 1, 1, 1, 1, 1, 1, NULL),
(50, NULL, NULL, NULL, NULL, NULL, NULL, 1, NULL, 1, 1, 1, 1, 1, 1, 1, 1, 1, NULL),
(51, NULL, NULL, NULL, NULL, NULL, NULL, 1, NULL, 1, 1, 1, 1, 1, 1, 1, 1, 1, NULL),
(52, NULL, NULL, NULL, NULL, NULL, NULL, 1, NULL, 1, 1, 1, 1, 1, 1, 1, 1, 1, NULL),
(53, 'erte', '5657', NULL, NULL, 2345, NULL, 1, '2017-07-10', 1, 1, 1, 1, 1, 1, 1, 1, 1, '4'),
(54, '', '', NULL, NULL, 0, NULL, 1, '2017-07-10', 1, 1, 1, 1, 1, 1, 1, 1, 1, '0'),
(55, 'dryrs', '3426546', NULL, NULL, 25346, NULL, 1, '2017-07-10', 1, 1, 1, 1, 1, 1, 1, 1, 1, '1'),
(56, 'hangpt', '0973378669', NULL, NULL, 1989, NULL, 1, '2017-07-10', 1, 1, 1, 1, 1, 1, 1, 1, 1, '4'),
(57, 'fhgh', 'fhfhfh', NULL, NULL, 0, NULL, 1, '2017-07-15', 1, 1, 1, 1, 1, 1, 1, 1, 1, '3'),
(58, 'tgsdfg', '', NULL, NULL, 0, NULL, 1, '2017-07-16', 1, 1, 1, 1, 1, 1, 1, 1, 1, '0'),
(59, 'zxcv', 'sdf', NULL, NULL, 0, NULL, 1, '2017-07-16', 1, 1, 1, 1, 1, 1, 1, 1, 1, '0'),
(60, 'xzc', '35345', NULL, NULL, 0, NULL, 1, '2017-07-16', 1, 1, 1, 1, 1, 1, 1, 1, 1, '1');

-- --------------------------------------------------------

--
-- Table structure for table `regMember`
--

CREATE TABLE IF NOT EXISTS `regMember` (
  `regMember_id` int(11) NOT NULL,
  `regMember_mail` varchar(255) COLLATE utf8_unicode_ci DEFAULT NULL,
  `regMember_createdDate` date DEFAULT NULL
) ENGINE=InnoDB AUTO_INCREMENT=14 DEFAULT CHARSET=utf8 COLLATE=utf8_unicode_ci;

--
-- Dumping data for table `regMember`
--

INSERT INTO `regMember` (`regMember_id`, `regMember_mail`, `regMember_createdDate`) VALUES
(11, 'ádgf', '2017-07-16'),
(12, 'xvdfg', '2017-07-16'),
(13, '', '2017-07-30');

-- --------------------------------------------------------

--
-- Table structure for table `sale`
--

CREATE TABLE IF NOT EXISTS `sale` (
  `sale_id` int(11) NOT NULL,
  `sale_name` text COLLATE utf8_unicode_ci,
  `sale_code` text COLLATE utf8_unicode_ci,
  `sale_total_count` int(11) DEFAULT NULL,
  `sale_type` int(11) DEFAULT NULL,
  `sale_value` float DEFAULT NULL,
  `sale_apply` int(11) DEFAULT NULL,
  `productcat_id` int(11) DEFAULT NULL,
  `product_id` int(11) DEFAULT NULL,
  `sale_start_date` datetime DEFAULT NULL,
  `sale_end_date` datetime DEFAULT NULL,
  `state` int(11) NOT NULL DEFAULT '0'
) ENGINE=InnoDB DEFAULT CHARSET=utf8 COLLATE=utf8_unicode_ci;

-- --------------------------------------------------------

--
-- Table structure for table `service`
--

CREATE TABLE IF NOT EXISTS `service` (
  `service_id` int(11) NOT NULL,
  `service_name` varchar(255) COLLATE utf8_unicode_ci DEFAULT NULL,
  `service_des` text COLLATE utf8_unicode_ci,
  `service_content` text COLLATE utf8_unicode_ci,
  `service_img` varchar(255) COLLATE utf8_unicode_ci DEFAULT NULL,
  `service_views` varchar(255) COLLATE utf8_unicode_ci DEFAULT NULL,
  `servicecat_id` int(11) DEFAULT NULL,
  `service_author` varchar(255) COLLATE utf8_unicode_ci DEFAULT NULL,
  `service_create_date` date DEFAULT NULL,
  `service_update_date` date DEFAULT NULL,
  `state` int(11) DEFAULT '1',
  `service_sub_infor1` text COLLATE utf8_unicode_ci,
  `service_sub_infor2` text COLLATE utf8_unicode_ci,
  `service_sub_infor3` text COLLATE utf8_unicode_ci,
  `service_sub_infor4` text COLLATE utf8_unicode_ci,
  `service_sub_infor5` text COLLATE utf8_unicode_ci,
  `title_seo` varchar(255) COLLATE utf8_unicode_ci DEFAULT NULL,
  `des_seo` text COLLATE utf8_unicode_ci,
  `friendly_url` varchar(255) COLLATE utf8_unicode_ci DEFAULT NULL,
  `keyword` varchar(255) COLLATE utf8_unicode_ci DEFAULT NULL,
  `created_id` int(11) DEFAULT NULL
) ENGINE=InnoDB AUTO_INCREMENT=71 DEFAULT CHARSET=utf8 COLLATE=utf8_unicode_ci;

--
-- Dumping data for table `service`
--

INSERT INTO `service` (`service_id`, `service_name`, `service_des`, `service_content`, `service_img`, `service_views`, `servicecat_id`, `service_author`, `service_create_date`, `service_update_date`, `state`, `service_sub_infor1`, `service_sub_infor2`, `service_sub_infor3`, `service_sub_infor4`, `service_sub_infor5`, `title_seo`, `des_seo`, `friendly_url`, `keyword`, `created_id`) VALUES
(64, 'TRUNG TÂM ANH NGỮ AMES TUYỂN DỤNG CHUYÊN VIÊN PHÁT TRIỂN HỌC LIỆU', 'Với dịch vụ quyết toán thuế - giải thể doanh nghiệp giá rẻ, nhanh chóng Nguyên Anh, chúng tôi sẽ giúp bạn giải quyết mọi vấn đề một cách chuyên nghiệp và hiệu quả nhất.', '<p><strong>Vị tr&iacute; tuyển dụng:&nbsp;</strong>Chuy&ecirc;n vi&ecirc;n ph&aacute;t triển học liệu (full time)</p>\r\n\r\n<p><strong>Số lượng:&nbsp;</strong>02</p>\r\n\r\n<p><strong>Thời gian l&agrave;m việc:&nbsp;&nbsp;</strong>Giờ h&agrave;nh ch&iacute;nh từ thứ 2 đến thứ 7</p>\r\n\r\n<p><strong>Địa điểm l&agrave;m việc:&nbsp;</strong>Trung t&acirc;m Ames - 152 Ph&oacute; Đức Ch&iacute;nh, Ba Đ&igrave;nh, H&agrave; Nội</p>\r\n\r\n<p><strong>I. M&ocirc; tả c&ocirc;ng việc</strong></p>\r\n\r\n<p>- Nghi&ecirc;n cứu v&agrave; thiết kế c&aacute;c chương tr&igrave;nh giảng dạy Tiếng Anh cho trẻ em, tiếng Anh luyện thi chứng chỉ quốc tế IELTS/TOEFL/TOEIC</p>\r\n\r\n<p>- Thiết kế, soạn thảo v&agrave; kiểm tra nội dung gi&aacute;o &aacute;n, c&ocirc;ng cụ giảng dạy dựa tr&ecirc;n nội dung s&aacute;ch gi&aacute;o tr&igrave;nh sẵn c&oacute; (lộ tr&igrave;nh học, Slides b&agrave;i giảng, s&aacute;ch, lesson plan &hellip;)</p>\r\n\r\n<p><strong>II. Y&ecirc;u cầu</strong></p>\r\n\r\n<p>- Tốt nghiệp Đại học, ưu ti&ecirc;n c&aacute;c chuy&ecirc;n ng&agrave;nh Tiếng Anh (Sư phạm Ngoại ngữ, Đại học H&agrave; Nội, Ngoại Thương, Ngoại Giao), c&oacute; chứng chỉ IELTS từ 7.0, TOEIC từ 800 trở l&ecirc;n hoặc c&aacute;c bằng cấp tương tự (C1 CEFR) l&agrave; một lợi thế.</p>\r\n\r\n<p>- Ưu ti&ecirc;n ứng vi&ecirc;n c&oacute; kinh nghiệm trong lĩnh vực đ&agrave;o tạo, thẩm định, bi&ecirc;n soạn/x&acirc;y dựng c&aacute;c bộ gi&aacute;o tr&igrave;nh, học liệu trong giảng dạy tiếng Anh.</p>\r\n\r\n<p>- C&oacute; khả năng tổng hợp, ph&acirc;n t&iacute;ch th&ocirc;ng tin tốt, s&aacute;ng tạo v&agrave; nhiều &yacute; tưởng.</p>\r\n\r\n<p>- C&oacute; khả năng tự quản l&yacute; c&ocirc;ng việc v&agrave; l&agrave;m việc nh&oacute;m tốt.</p>\r\n\r\n<p>- C&oacute; khả năng sử dụng tin học văn ph&ograve;ng v&agrave; khai th&aacute;c th&ocirc;ng tin, t&agrave;i liệu từ Internet.</p>\r\n\r\n<p><strong>III. Quyền lợi</strong></p>\r\n\r\n<p>- Lương, thưởng cạnh tranh tr&ecirc;n thị trường.</p>\r\n\r\n<p>- Đ&oacute;ng BHXH, BHYT theo quy định của ph&aacute;p luật. Chế độ nghỉ lễ Tết, được tham gia c&aacute;c hoạt động team buidling v&agrave; sự kiện lớn trong năm.</p>\r\n\r\n<p>- Được l&agrave;m việc trong m&ocirc;i trường năng động, trẻ trung, đầy nhiệt huyết.</p>\r\n\r\n<p>- Cơ hội thăng tiến, ph&aacute;t triển cao.</p>\r\n\r\n<p>- Được đ&agrave;o tạo v&agrave; hướng dẫn nghiệp vụ để đ&aacute;p ứng y&ecirc;u cầu của c&ocirc;ng việc.</p>\r\n\r\n<p><strong>Ứng vi&ecirc;n quan t&acirc;m, vui l&ograve;ng gửi CV v&agrave;o địa chỉ mail:&nbsp;</strong><a href="mailto:anhttm@ames.edu.vn"><strong>hr@ames.edu.vn</strong></a><strong>&nbsp;HOẶC nộp trực tiếp tại 96 L&ograve; Đ&uacute;c, Hai B&agrave; Trưng, H&agrave; Nội.</strong></p>\r\n\r\n<p><strong>Li&ecirc;n hệ: 0934599894 (Ms. Mai Anh)</strong></p>\r\n', 'thong-tin-tuyen-dung1.jpg', '0', 3, '', '2017-12-21', '2018-03-27', 1, NULL, NULL, NULL, NULL, NULL, 'TRUNG TÂM ANH NGỮ AMES TUYỂN DỤNG CHUYÊN VIÊN PHÁT TRIỂN HỌC LIỆU', 'Với dịch vụ quyết toán thuế - giải thể doanh nghiệp giá rẻ, nhanh chóng Nguyên Anh, chúng tôi sẽ giúp bạn giải quyết mọi vấn đề một cách chuyên nghiệp và hiệu quả nhất.', 'trung-tam-anh-ngu-ames-tuyen-dung-chuyen-vien-phat-trien-hoc-lieu', 'Quyết toán thuế', 1),
(65, 'Thông tin tuyển dụng Ames Đà Nẵng tháng 9/2017', 'Hãy lựa chọn ngay dịch vụ Hoàn thiện sổ sách cho doanh nghiệp tại Nguyên Anh để được hỗ trợ và giải quyết mọi vấn đề mà bạn đang băn khoăn ngay hôm nay.', '<p><strong>Vị tr&iacute; tuyển dụng: Gi&aacute;o vi&ecirc;n Tiếng Anh (full time)</strong></p>\r\n\r\n<p><strong>Số lượng:</strong>&nbsp;<strong>02</strong></p>\r\n\r\n<p><strong>Địa điểm l&agrave;m việc: 36 Y&ecirc;n B&aacute;i, Hải Ch&acirc;u, Đ&agrave; Nẵng</strong></p>\r\n\r\n<p><strong>I. M&ocirc; tả c&ocirc;ng việc, tr&aacute;ch nhiệm:&nbsp;&nbsp;&nbsp;&nbsp;&nbsp;&nbsp;&nbsp;&nbsp;&nbsp;&nbsp;&nbsp;&nbsp;&nbsp;&nbsp;&nbsp;&nbsp;&nbsp;&nbsp;&nbsp;&nbsp;&nbsp;&nbsp;&nbsp;</strong></p>\r\n\r\n<p>- Giảng b&agrave;i, giao b&agrave;i, chấm b&agrave;i v&agrave; chữa b&agrave;i cho học vi&ecirc;n theo m&ocirc; h&igrave;nh học linh động</p>\r\n\r\n<p>- Theo d&otilde;i, chăm s&oacute;c học vi&ecirc;n, tư vấn cho học vi&ecirc;n phương ph&aacute;p học tập hiệu quả.</p>\r\n\r\n<p>- Phối hợp với gi&aacute;o vi&ecirc;n nước ngo&agrave;i trong qu&aacute; tr&igrave;nh giảng b&agrave;i cho học vi&ecirc;n.</p>\r\n\r\n<p>- Theo d&otilde;i hồ sơ của học vi&ecirc;n, nhập th&ocirc;ng tin học vi&ecirc;n v&agrave; t&igrave;nh h&igrave;nh học tập v&agrave;o phần mềm quản l&yacute;.</p>\r\n\r\n<p>- Theo d&otilde;i, bảo quản cơ sở vật chất trong văn ph&ograve;ng bao gồm t&agrave;i liệu học, b&agrave;i l&agrave;m của học vi&ecirc;n, văn ph&ograve;ng phẩm, v&agrave; c&aacute;c thiết bị điện tử kh&aacute;c.</p>\r\n\r\n<p>- Chuẩn bị t&agrave;i liệu học, hồ sơ học vi&ecirc;n v&agrave; thực hiện c&aacute;c c&ocirc;ng việc h&agrave;nh ch&iacute;nh kh&aacute;c của ph&ograve;ng.</p>\r\n\r\n<p><strong>II. Y&ecirc;u cầu:</strong></p>\r\n\r\n<p>- Tốt nghiệp Đại học chuy&ecirc;n ng&agrave;nh tiếng Anh/sư phạm tiếng Anh</p>\r\n\r\n<p>- Ưu ti&ecirc;n c&oacute; kinh nghiệm giảng dạy 01 năm hoặc đ&atilde; c&oacute; chứng chỉ IELTS/TOEFL iBT/TOEIC</p>\r\n\r\n<p>- Sử dụng th&agrave;nh thạo c&aacute;c phần mềm vi t&iacute;nh: Word, Excel&hellip;</p>\r\n\r\n<p>- C&oacute; khả năng giao tiếp, thuyết phục v&agrave; đ&agrave;m ph&aacute;n tốt.</p>\r\n\r\n<p>- H&ograve;a đồng, nhanh nhẹn, nhiệt t&igrave;nh v&agrave; trung thực.</p>\r\n\r\n<p>- L&agrave;m việc theo ca v&agrave; chịu &aacute;p lực tốt</p>\r\n\r\n<p><strong>III. Quyền lợi:</strong></p>\r\n\r\n<p>- Mức lương hấp dẫn (Lương cứng + lương kinh doanh)</p>\r\n\r\n<p>- Chế độ lương th&aacute;ng thứ 13, thưởng theo c&aacute;c ng&agrave;y lễ tết trong năm</p>\r\n\r\n<p>- Được hưởng c&aacute;c chế độ theo quy định của Luật lao động</p>\r\n\r\n<p>- Được tham gia c&aacute;c kh&oacute;a học tiếng anh tại Trung t&acirc;m miễn ph&iacute;</p>\r\n\r\n<p>- Được l&agrave;m việc trong m&ocirc;i trưởng năng động, chuy&ecirc;n nghiệp; c&oacute; cơ hội ph&aacute;t triển bản th&acirc;n v&agrave; thăng tiến l&ecirc;n vị tr&iacute; cấp QUẢN L&Yacute; (C&ocirc;ng ty đang mở rộng th&ecirc;m nhiều chi nh&aacute;nh ở H&agrave; Nội v&agrave; c&aacute;c tỉnh/th&agrave;nh phố trong cả nước)</p>\r\n\r\n<p><strong>IV. C&aacute;ch thức ứng tuyển:</strong></p>\r\n\r\n<p>Ứng vi&ecirc;n quan t&acirc;m vui l&ograve;ng gửi CV n&ecirc;u r&otilde; th&ocirc;ng tin c&aacute; nh&acirc;n v&agrave; kinh nghiệm l&agrave;m việc về địa chỉ:&nbsp;<a href="mailto:anhttm@ames.edu.vn">uyenptm@ames.edu.vn</a>&nbsp;v&agrave;&nbsp;<a href="mailto:linhtk@ames.edu.vn">linhtk@ames.edu.vn</a></p>\r\n\r\n<p>Hoặc nộp trực tiếp tại &nbsp;<a href="https://goo.gl/maps/jDbfj2rWEu82" rel="nofollow" target="_blank">38 Y&ecirc;n B&aacute;i, Hải Ch&acirc;u, Đ&agrave; Nẵng</a></p>\r\n\r\n<p>ĐT li&ecirc;n hệ: &nbsp;<a href="tel:02363779999">0236 377 9999</a></p>\r\n', '-uploaded-pic-cat_chuongtrinh_cr_320x320.png', '0', 3, '', '2017-12-21', '2018-03-27', 1, NULL, NULL, NULL, NULL, NULL, 'Thông tin tuyển dụng Ames Đà Nẵng tháng 9/2017', 'Hãy lựa chọn ngay dịch vụ Hoàn thiện sổ sách cho doanh nghiệp tại Nguyên Anh để được hỗ trợ và giải quyết mọi vấn đề mà bạn đang băn khoăn ngay hôm nay.', 'thong-tin-tuyen-dung-ames-da-nang-thang-92017', 'Hoàn thiện sổ sách', 1),
(66, 'Rà soát sổ sách', 'Dịch vụ Rà soát sổ sách – Xác định rủi ro tiềm ẩn, sẽ giúp bạn giải quyết mọi vấn đề đang gặp phải một cách nhanh chóng và hiệu quả nhất.', '<p style="text-align:justify"><strong>Sau một thời gian hoạt động, Doanh nghiệp của bạn cần phải r&agrave; so&aacute;t sổ s&aacute;ch để c&oacute; thể chuẩn bị cho đợt quyết to&aacute;n thuế sắp tới? Bạn kh&ocirc;ng y&ecirc;n t&acirc;m về dữ liệu sổ s&aacute;ch do c&aacute;c kế to&aacute;n vi&ecirc;n tại c&ocirc;ng ty đang thực hiện? Sổ s&aacute;ch, chứng từ bị x&aacute;o trộn do chuyển địa điểm, chuyển giao c&ocirc;ng việc&hellip;?</strong><br />\r\n<strong>Dịch vụ&nbsp;R&agrave; so&aacute;t sổ s&aacute;ch&nbsp;&ndash; X&aacute;c định rủi ro tiềm ẩn, sẽ gi&uacute;p bạn giải quyết mọi vấn đề đang gặp phải một c&aacute;ch nhanh ch&oacute;ng v&agrave; hiệu quả nhất.</strong><br />\r\n<br />\r\n<span style="font-size:16px"><strong>Dịch vụ r&agrave; so&aacute;t sổ s&aacute;ch l&agrave; g&igrave;? C&oacute; cần thiết phải sử dụng dịch vụ n&agrave;y hay kh&ocirc;ng</strong></span></p>\r\n\r\n<p style="text-align:justify"><strong>Dịch vụ r&agrave; so&aacute;t sổ s&aacute;ch</strong>&nbsp;l&agrave; một trong những loại h&igrave;nh được nhiều doanh nghiệp vừa v&agrave; nhỏ t&igrave;m đến. Đa phần c&ocirc;ng việc kinh doanh bận rộn hay việc thiếu kiến thức chuy&ecirc;n m&ocirc;n trong lĩnh vực n&agrave;y c&oacute; thể khiến cho c&aacute;c doanh nghiệp phải trả gi&aacute; v&igrave; những sai phạm kh&ocirc;ng đ&aacute;ng c&oacute; xuất ph&aacute;t từ vấn đề sổ s&aacute;ch. Ch&iacute;nh v&igrave; thế nếu bạn đang gặp phải những vấn đề như:<br />\r\n&nbsp; &nbsp; ➔ Kh&ocirc;ng an t&acirc;m với sổ s&aacute;ch, số liệu kế to&aacute;n đang thực hiện.<br />\r\n&nbsp; &nbsp; ➔ Kh&ocirc;ng x&aacute;c định được c&aacute;c rủi ro tiềm ẩn trong sổ s&aacute;ch v&agrave; c&aacute;ch khắc phục.<br />\r\n&nbsp; &nbsp; ➔ Chứng từ bị lưu trữ lộn xộn, thi&ecirc;́u khoa học, số liệu kế to&aacute;n bất ổn.<br />\r\n&nbsp; &nbsp; ➔ Thời hạn quyết to&aacute;n gần kề v&agrave; muốn r&agrave; so&aacute;t lại sổ s&aacute;ch để ph&aacute;t hiện c&aacute;c rủi ro, sai phạm kh&ocirc;ng đ&aacute;ng c&oacute;.<br />\r\n&nbsp; &nbsp; ➔ Bộ phận kế to&aacute;n doanh nghiệp kh&ocirc;ng đủ tự tin hay kh&ocirc;ng nắm bắt r&otilde; c&aacute;c luật định mới.<br />\r\nĐ&acirc;y l&agrave; l&uacute;c m&agrave; bạn cần đến&nbsp;<strong>dịch vụ r&agrave; so&aacute;t sổ s&aacute;ch</strong>&nbsp;gi&uacute;p giải quyết mọi vấn đề gặp phải một c&aacute;ch khoa học với chi ph&iacute; tiết kiệm nhất.<br />\r\n<br />\r\n<span style="font-size:16px"><strong>Dịch vụ R&agrave; so&aacute;t sổ s&aacute;ch &ndash; X&aacute;c định rủi ro tiềm ẩn Nguy&ecirc;n Anh</strong></span></p>\r\n\r\n<p style="text-align:justify">L&agrave; một trong những đơn vị uy t&iacute;n, dịch vụ&nbsp;<strong>R&agrave; so&aacute;t sổ s&aacute;ch &ndash; X&aacute;c định rủi ro tiềm ẩn</strong>&nbsp;Nguy&ecirc;n Anh hỗ trợ cho các doanh nghiệp một c&aacute;ch hiệu quả v&agrave; chuy&ecirc;n nghiệp. Ch&uacute;ng t&ocirc;i sẽ gi&uacute;p bạn:<br />\r\n&nbsp; &nbsp; ★ Kiểm tra tổng qu&aacute;t v&agrave; chi tiết c&aacute;c dữ liệu, t&igrave;nh trạng số liệu, chứng từ của doanh nghiệp.<br />\r\n&nbsp; &nbsp; ★ Từ đ&oacute; x&aacute;c định ngay những rủi ro, đưa ra hướng khắc phục c&aacute;c sai phạm kh&ocirc;ng đ&aacute;ng c&oacute;.<br />\r\n&nbsp; &nbsp; ★ Định lượng mức phạt quyết to&aacute;n từ sai phạm về sổ s&aacute;ch.<br />\r\n&nbsp; &nbsp; ★ Tổng kết v&agrave; tư vấn cho doanh nghiệp nhanh ch&oacute;ng v&agrave; hiệu quả.<br />\r\n<br />\r\nNgay l&uacute;c n&agrave;y nếu doanh nghiệp của bạn đang cần đến dịch vụ<strong>&nbsp;R&agrave; so&aacute;t sổ s&aacute;ch</strong>&nbsp;- X&aacute;c định rủi ro tiềm ẩn h&atilde;y li&ecirc;n hệ ngay qua số Hotline của ch&uacute;ng t&ocirc;i để được hỗ trợ v&agrave; b&aacute;o gi&aacute; ch&iacute;nh x&aacute;c nhất. Chi ph&iacute; chỉ từ 700.000 đồng/lần cho dịch vụ trọn g&oacute;i v&agrave; hiệu quả. Nguy&ecirc;n Anh &ndash; đối t&aacute;c của bạn, th&agrave;nh c&ocirc;ng của bạn!!!</p>\r\n\r\n<p style="text-align:justify">&nbsp;</p>\r\n\r\n<p style="text-align:center"><strong>HOTLINE:&nbsp;<span style="color:#e74c3c">0986.1368.77 - 0988.1368.79</span></strong></p>\r\n\r\n<p style="text-align:center"><span style="color:#e74c3c">C&Ocirc;NG TY TNHH QUẢN TRỊ RỦI RO THUẾ NGUY&Ecirc;N ANH</span></p>\r\n\r\n<p style="text-align:center"><strong>Địa chỉ:</strong>&nbsp;Lầu 9, số 68 Nguyễn Huệ, P. Bến Ngh&eacute;, Q.1, TPHCM</p>\r\n\r\n<p style="text-align:center"><strong>Email:</strong>&nbsp;support@nguyenanhtax.vn</p>\r\n', NULL, '0', 3, '', '2017-12-21', '2017-12-28', 1, NULL, NULL, NULL, NULL, NULL, 'Rà soát sổ sách', 'Dịch vụ Rà soát sổ sách – Xác định rủi ro tiềm ẩn, sẽ giúp bạn giải quyết mọi vấn đề đang gặp phải một cách nhanh chóng và hiệu quả nhất.', 'ra-soat-so-sach', 'Rà soát sổ sách', 1),
(67, 'BẢN TIN TUYỂN DỤNG ANH NGỮ AMES THÁNG 2/2018', 'Dịch vụ kê khai thuế online – Dịch vụ dành riêng cho các Doanh nghiệp nhỏ, siêu nhỏ, start-up; giúp giảm thiểu thời gian, tiết kiệm chi phí tối đa và thay đổi phương thức làm việc hướng đến sự chuyên nghiệp.', '<p>Do nhu cầu ph&aacute;t triển, Anh ngữ Ames tuyển dụng nhiều vị tr&iacute; full time:</p>\r\n\r\n<p>- Trưởng ph&ograve;ng học thuật</p>\r\n\r\n<p>- Trưởng ph&ograve;ng tư vấn tuyển sinh</p>\r\n\r\n<p>- Gi&aacute;o vi&ecirc;n tiếng Anh</p>\r\n\r\n<p>- Nh&acirc;n vi&ecirc;n ph&ograve;ng&nbsp;đ&agrave;o tạo</p>\r\n\r\n<p>- Nh&acirc;n vi&ecirc;n tư vấn tuyển sinh</p>\r\n\r\n<p>- Nh&acirc;n vi&ecirc;n Marketing</p>\r\n\r\n<p>- Nh&acirc;n vi&ecirc;n h&agrave;nh ch&iacute;nh kĩ thuật</p>\r\n\r\n<p>Th&ocirc;ng tin chi tiết:&nbsp;<a href="https://goo.gl/forms/kXuzlI3ZW5THua0A3">https://goo.gl/forms/kXuzlI3ZW5THua0A3</a></p>\r\n\r\n<p>C&aacute;ch thức&nbsp;ứng tuyển</p>\r\n\r\n<p>1.&nbsp;Điền th&ocirc;ng tin&nbsp;ứng tuyển trực tiếp theo link:&nbsp;<a href="https://goo.gl/forms/kXuzlI3ZW5THua0A3">https://goo.gl/forms/kXuzlI3ZW5THua0A3</a></p>\r\n\r\n<p>2. Gửi CV c&aacute; nh&acirc;n về mail: hr@ames.edu.vn (Lưu&nbsp;&yacute;:&nbsp;Ứng vi&ecirc;n ghi r&otilde; vị tr&iacute; v&agrave;&nbsp;địa&nbsp;điểm&nbsp;ứng tuyển)</p>\r\n\r\n<p>3. Nộp trực tiếp tại Ph&ograve;ng Nh&acirc;n sự - Ames 96 L&ograve;&nbsp;Đ&uacute;c, Hai B&agrave; Trưng, H&agrave; Nội</p>\r\n\r\n<p>&nbsp;</p>\r\n', NULL, '0', 3, '', '2017-12-21', '2018-03-27', 1, NULL, NULL, NULL, NULL, NULL, 'BẢN TIN TUYỂN DỤNG ANH NGỮ AMES THÁNG 2/2018', 'Dịch vụ kê khai thuế online – Dịch vụ dành riêng cho các Doanh nghiệp nhỏ, siêu nhỏ, start-up; giúp giảm thiểu thời gian, tiết kiệm chi phí tối đa và thay đổi phương thức làm việc hướng đến sự chuyên nghiệp.', 'ban-tin-tuyen-dung-anh-ngu-ames-thang-22018', 'Kê khai thuế online', 1),
(68, 'BẢN TIN TUYỂN DỤNG ANH NGỮ AMES THÁNG 3/2018', 'Anh ngữ Ames tuyển dụng nhiều vị trí Full time tại chi nhánh Hà Nội và các tỉnh trong cả nước', '<p>Anh ngữ Ames tuyển dụng nhiều vị tr&iacute; Full time tại chi nh&aacute;nh H&agrave; Nội v&agrave; c&aacute;c tỉnh trong cả nước:</p>\r\n\r\n<p>- Gi&aacute;o vi&ecirc;n Tiếng Anh</p>\r\n\r\n<p>- Nh&acirc;n vi&ecirc;n&nbsp;ph&ograve;ng&nbsp;đ&agrave;o tạo</p>\r\n\r\n<p>- Nh&acirc;n vi&ecirc;n tư vấn tuyển sinh</p>\r\n\r\n<p>- Nh&acirc;n vi&ecirc;n Nh&acirc;n sự</p>\r\n\r\n<p>Đặc biệt Ames&nbsp;mở rộng tuyển dụng c&aacute;c vị tr&iacute; quản l&yacute;.&nbsp;Đ&acirc;y l&agrave; cơ hội tốt d&agrave;nh cho c&aacute;c bạn&nbsp;ứng vi&ecirc;n mong muốn thử sức m&igrave;nh ở vị tr&iacute; mới:</p>\r\n\r\n<p>- Gi&aacute;m&nbsp;đốc trung t&acirc;m c&aacute;c tỉnh trong cả nước</p>\r\n\r\n<p>- Trưởng ph&ograve;ng học thuật</p>\r\n\r\n<p>Th&ocirc;ng tin chi tiết:&nbsp;<a href="https://goo.gl/forms/FQZKnFCmz51yDzoA2">https://goo.gl/forms/FQZKnFCmz51yDzoA2</a></p>\r\n\r\n<p>C&aacute;ch thức&nbsp;ứng tuyển</p>\r\n\r\n<p>1.&nbsp;Điền th&ocirc;ng tin trực tiếp qua&nbsp;đường link:&nbsp;<a href="https://goo.gl/forms/FQZKnFCmz51yDzoA2">https://goo.gl/forms/FQZKnFCmz51yDzoA2</a></p>\r\n\r\n<p>2. Gửi mail về&nbsp;địa chỉ: hr@ames.edu.vn</p>\r\n\r\n<p>3. Gửi hồ sơ trực tiếp về&nbsp;địa chỉ:</p>\r\n\r\n<p>Ph&ograve;ng Nh&acirc;n sự&nbsp;</p>\r\n\r\n<p>Trung t&acirc;m Anh ngữ Ames</p>\r\n\r\n<p>96 L&ograve;&nbsp;Đ&uacute;c, Hai B&agrave; Trưng, H&agrave; Nội</p>\r\n\r\n<p>C&aacute;c bạn&nbsp;ứng vi&ecirc;n vui l&ograve;ng ghi r&otilde; th&ocirc;ng tin&nbsp;ứng tuyển: Vị tr&iacute;&nbsp;ứng tuyển-Địa&nbsp;điểm&nbsp;ứng tuyển-Họ v&agrave; t&ecirc;n</p>\r\n\r\n<p>Ames ch&agrave;o&nbsp;đ&oacute;n tất cả c&aacute;c bạn&nbsp;ứng vi&ecirc;n c&oacute; niềm&nbsp;đam m&ecirc; v&agrave; sẵn s&agrave;ng chấp nhận thử th&aacute;ch!!!</p>\r\n', '-uploaded_Teacher-female_cr_320x320.png', '0', 5, '', '2017-12-21', '2018-03-27', 1, NULL, NULL, NULL, NULL, NULL, 'BẢN TIN TUYỂN DỤNG ANH NGỮ AMES THÁNG 3/2018', 'Với dịch vụ kế toán thuế trọn gói – Theo dõi kế hoạch thuế Nguyên Anh, điều bạn cần chỉ là kinh doanh, tất cả vấn đề thuế hãy để chúng tôi hỗ trợ bạn.', 'ban-tin-tuyen-dung-anh-ngu-ames-thang-32018', 'Kế toán thuế trọn gói', 1),
(69, 'TUYỂN DỤNG TƯ VẤN TUYỂN SINH - SALE - THÁNG 5/2018', 'TUYỂN DỤNG TƯ VẤN TUYỂN SINH - SALE - THÁNG 5/2018', '<p style="margin-left:0cm; margin-right:0cm"><span style="font-size:12pt"><span style="font-size:10.5pt"><span style="background-color:white"><span style="color:#1d2129">TUYỂN DỤNG TƯ VẤN TUYỂN SINH - SALE - TH&Aacute;NG 5/2018</span></span></span></span></p>\r\n\r\n<p style="margin-left:0cm; margin-right:0cm"><span style="font-size:12pt"><span style="font-family:&quot;Times New Roman&quot;,serif"><span style="font-size:1.0pt"><span style="background-color:white"><span style="color:#1d2129">', 'giao-vien-day-van.jpg', '0', 3, '', '2018-04-26', '2018-04-26', 1, NULL, NULL, NULL, NULL, NULL, 'TUYỂN DỤNG TƯ VẤN TUYỂN SINH - SALE - THÁNG 5/2018', 'TUYỂN DỤNG TƯ VẤN TUYỂN SINH - SALE - THÁNG 5/2018', 'tuyen-dung-tu-van-tuyen-sinh-sale-thang-52018', 'TUYỂN DỤNG TƯ VẤN TUYỂN SINH - SALE ', 1),
(70, 'TUYỂN DỤNG TƯ VẤN TUYỂN SINH - SALE - THÁNG 5/2018', 'TUYỂN DỤNG TƯ VẤN TUYỂN SINH - SALE - THÁNG 5/2018', '<p style="margin-left:0cm; margin-right:0cm; text-align:justify"><span style="font-size:12pt"><span style="font-family:&quot;Times New Roman&quot;,serif"><span style="font-size:10.5pt"><span style="background-color:white"><span style="font-family:&quot;Helvetica&quot;,&quot;sans-serif&quot;"><span style="color:#1d2129">TUYỂN DỤNG TƯ VẤN TUYỂN SINH - SALE - TH&Aacute;NG 5/2018</span></span></span></span></span></span></p>\r\n\r\n<p style="margin-left:0cm; margin-right:0cm; text-align:justify"><span style="font-size:12pt"><span style="font-family:&quot;Times New Roman&quot;,serif"><span style="font-size:10.5pt"><span style="background-color:white"><span style="font-family:&quot;Helvetica&quot;,&quot;sans-serif&quot;"><span style="color:#1d2129">{ ĐỊA B&Agrave;N : H&agrave; Nội, Hải Ph&ograve;ng, Hạ Long-Quảng Ninh, TP HCM}</span></span></span></span><br />\r\n<span style="font-size:10.5pt"><span style="font-family:&quot;Helvetica&quot;,&quot;sans-serif&quot;"><span style="color:#1d2129"><span style="background-color:white"><img alt="" height="16" src="file:///C:\\Users\\ADMINI~1\\AppData\\Local\\Temp\\msohtmlclip1\\01\\clip_image001.png" width="16" /></span></span></span></span><span style="font-size:1.0pt"><span style="background-color:white"><span style="color:#1d2129">', '', '0', 3, '', '2018-04-26', NULL, 1, NULL, NULL, NULL, NULL, NULL, 'TUYỂN DỤNG TƯ VẤN TUYỂN SINH - SALE - THÁNG 5/2018', 'TUYỂN DỤNG TƯ VẤN TUYỂN SINH - SALE - THÁNG 5/2018', 'tuyen-dung-tu-van-tuyen-sinh-sale-thang-52018-1', 'TUYỂN DỤNG TƯ VẤN TUYỂN SINH - SALE', 1);

-- --------------------------------------------------------

--
-- Table structure for table `servicecat`
--

CREATE TABLE IF NOT EXISTS `servicecat` (
  `servicecat_id` int(11) NOT NULL,
  `servicecat_name` varchar(255) COLLATE utf8_unicode_ci DEFAULT NULL,
  `servicecat_des` text COLLATE utf8_unicode_ci,
  `servicecat_content` text COLLATE utf8_unicode_ci,
  `servicecat_parent` int(11) DEFAULT NULL,
  `servicecat_sort_order` int(11) DEFAULT NULL,
  `servicecat_created_date` date DEFAULT NULL,
  `servicecat_update_date` date DEFAULT NULL,
  `state` int(11) DEFAULT '1',
  `servicecat_img` varchar(255) COLLATE utf8_unicode_ci DEFAULT NULL,
  `servicecat_sub_infor1` text COLLATE utf8_unicode_ci,
  `servicecat_sub_infor2` text COLLATE utf8_unicode_ci,
  `servicecat_sub_infor3` text COLLATE utf8_unicode_ci,
  `servicecat_sub_infor4` text COLLATE utf8_unicode_ci,
  `servicecat_sub_infor5` text COLLATE utf8_unicode_ci,
  `title_seo` varchar(255) COLLATE utf8_unicode_ci DEFAULT NULL,
  `des_seo` text COLLATE utf8_unicode_ci,
  `friendly_url` varchar(255) COLLATE utf8_unicode_ci DEFAULT NULL,
  `keyword` varchar(255) COLLATE utf8_unicode_ci DEFAULT NULL,
  `created_id` int(11) DEFAULT NULL
) ENGINE=InnoDB AUTO_INCREMENT=6 DEFAULT CHARSET=utf8 COLLATE=utf8_unicode_ci;

--
-- Dumping data for table `servicecat`
--

INSERT INTO `servicecat` (`servicecat_id`, `servicecat_name`, `servicecat_des`, `servicecat_content`, `servicecat_parent`, `servicecat_sort_order`, `servicecat_created_date`, `servicecat_update_date`, `state`, `servicecat_img`, `servicecat_sub_infor1`, `servicecat_sub_infor2`, `servicecat_sub_infor3`, `servicecat_sub_infor4`, `servicecat_sub_infor5`, `title_seo`, `des_seo`, `friendly_url`, `keyword`, `created_id`) VALUES
(3, 'Dịch Vụ', '', '', 0, 0, '2017-12-21', NULL, 1, 's1.jpg', NULL, NULL, NULL, NULL, NULL, 'Dịch Vụ', '', 'dich-vu', '', 1),
(4, 'Smart Reading Skills', '', '', 0, 0, '2018-03-27', NULL, 1, '', NULL, NULL, NULL, NULL, NULL, 'Smart Reading Skills', '', 'smart-reading-skills', '', 1),
(5, 'Tuyển dụng', '', '', 0, 0, '2018-03-27', NULL, 1, '', NULL, NULL, NULL, NULL, NULL, 'Tuyển dụng', '', 'tuyen-dung', '', 1);

-- --------------------------------------------------------

--
-- Table structure for table `servicecat_languages`
--

CREATE TABLE IF NOT EXISTS `servicecat_languages` (
  `id` int(11) NOT NULL,
  `lang_servicecat_name` varchar(255) COLLATE utf8_unicode_ci DEFAULT NULL,
  `lang_servicecat_des` text COLLATE utf8_unicode_ci,
  `lang_servicecat_content` text COLLATE utf8_unicode_ci,
  `state` int(11) DEFAULT '1',
  `lang_servicecat_sub_infor1` text COLLATE utf8_unicode_ci,
  `lang_servicecat_sub_infor2` text COLLATE utf8_unicode_ci,
  `lang_servicecat_sub_infor3` text COLLATE utf8_unicode_ci,
  `lang_servicecat_sub_infor4` text COLLATE utf8_unicode_ci,
  `lang_servicecat_sub_infor5` text COLLATE utf8_unicode_ci,
  `title_seo` varchar(255) COLLATE utf8_unicode_ci DEFAULT NULL,
  `des_seo` text COLLATE utf8_unicode_ci,
  `friendly_url` varchar(255) COLLATE utf8_unicode_ci DEFAULT NULL,
  `keyword` varchar(255) COLLATE utf8_unicode_ci DEFAULT NULL,
  `created_id` int(11) DEFAULT NULL,
  `languages_code` varchar(255) COLLATE utf8_unicode_ci DEFAULT NULL,
  `servicecat_id` int(11) DEFAULT NULL
) ENGINE=InnoDB AUTO_INCREMENT=11 DEFAULT CHARSET=utf8 COLLATE=utf8_unicode_ci;

--
-- Dumping data for table `servicecat_languages`
--

INSERT INTO `servicecat_languages` (`id`, `lang_servicecat_name`, `lang_servicecat_des`, `lang_servicecat_content`, `state`, `lang_servicecat_sub_infor1`, `lang_servicecat_sub_infor2`, `lang_servicecat_sub_infor3`, `lang_servicecat_sub_infor4`, `lang_servicecat_sub_infor5`, `title_seo`, `des_seo`, `friendly_url`, `keyword`, `created_id`, `languages_code`, `servicecat_id`) VALUES
(5, 'Dịch Vụ', '', NULL, 1, NULL, NULL, NULL, NULL, NULL, 'Dịch Vụ', '', 'dich-vu', '', NULL, 'vn', 3),
(6, 'Dịch vụ', '', '', 1, NULL, NULL, NULL, NULL, NULL, 'Dịch vụ', '', 'dich-vu', '', NULL, 'en', 3),
(7, 'Smart Reading Skills', '', '', 1, NULL, NULL, NULL, NULL, NULL, 'Smart Reading Skills', '', 'smart-reading-skills', '', NULL, 'vn', 4),
(8, 'Smart Reading Skills', '', '', 1, NULL, NULL, NULL, NULL, NULL, 'Smart Reading Skills', '', 'smart-reading-skills', '', NULL, 'en', 4),
(9, 'Tuyển dụng', '', '', 1, NULL, NULL, NULL, NULL, NULL, 'Tuyển dụng', '', 'tuyen-dung', '', NULL, 'vn', 5),
(10, 'Tuyển dụng', '', '', 1, NULL, NULL, NULL, NULL, NULL, 'Tuyển dụng', '', 'tuyen-dung', '', NULL, 'en', 5);

-- --------------------------------------------------------

--
-- Table structure for table `service_languages`
--

CREATE TABLE IF NOT EXISTS `service_languages` (
  `id` int(11) NOT NULL,
  `languages_code` varchar(255) COLLATE utf8_unicode_ci DEFAULT NULL,
  `lang_service_name` varchar(255) COLLATE utf8_unicode_ci DEFAULT NULL,
  `lang_service_des` text COLLATE utf8_unicode_ci,
  `lang_service_content` text COLLATE utf8_unicode_ci,
  `lang_service_author` varchar(255) COLLATE utf8_unicode_ci DEFAULT NULL,
  `state` int(11) DEFAULT '1',
  `service_sub_infor1` text COLLATE utf8_unicode_ci,
  `service_sub_infor2` text COLLATE utf8_unicode_ci,
  `service_sub_infor3` text COLLATE utf8_unicode_ci,
  `service_sub_infor4` text COLLATE utf8_unicode_ci,
  `service_sub_infor5` text COLLATE utf8_unicode_ci,
  `title_seo` varchar(255) COLLATE utf8_unicode_ci DEFAULT NULL,
  `des_seo` text COLLATE utf8_unicode_ci,
  `friendly_url` varchar(255) COLLATE utf8_unicode_ci DEFAULT NULL,
  `keyword` varchar(255) COLLATE utf8_unicode_ci DEFAULT NULL,
  `created_id` int(11) DEFAULT NULL,
  `service_id` int(11) DEFAULT NULL
) ENGINE=InnoDB AUTO_INCREMENT=97 DEFAULT CHARSET=utf8 COLLATE=utf8_unicode_ci;

--
-- Dumping data for table `service_languages`
--

INSERT INTO `service_languages` (`id`, `languages_code`, `lang_service_name`, `lang_service_des`, `lang_service_content`, `lang_service_author`, `state`, `service_sub_infor1`, `service_sub_infor2`, `service_sub_infor3`, `service_sub_infor4`, `service_sub_infor5`, `title_seo`, `des_seo`, `friendly_url`, `keyword`, `created_id`, `service_id`) VALUES
(83, 'vn', 'TRUNG TÂM ANH NGỮ AMES TUYỂN DỤNG CHUYÊN VIÊN PHÁT TRIỂN HỌC LIỆU', 'Với dịch vụ quyết toán thuế - giải thể doanh nghiệp giá rẻ, nhanh chóng Nguyên Anh, chúng tôi sẽ giúp bạn giải quyết mọi vấn đề một cách chuyên nghiệp và hiệu quả nhất.', '<p><strong>Vị tr&iacute; tuyển dụng:&nbsp;</strong>Chuy&ecirc;n vi&ecirc;n ph&aacute;t triển học liệu (full time)</p>\r\n\r\n<p><strong>Số lượng:&nbsp;</strong>02</p>\r\n\r\n<p><strong>Thời gian l&agrave;m việc:&nbsp;&nbsp;</strong>Giờ h&agrave;nh ch&iacute;nh từ thứ 2 đến thứ 7</p>\r\n\r\n<p><strong>Địa điểm l&agrave;m việc:&nbsp;</strong>Trung t&acirc;m Ames - 152 Ph&oacute; Đức Ch&iacute;nh, Ba Đ&igrave;nh, H&agrave; Nội</p>\r\n\r\n<p><strong>I. M&ocirc; tả c&ocirc;ng việc</strong></p>\r\n\r\n<p>- Nghi&ecirc;n cứu v&agrave; thiết kế c&aacute;c chương tr&igrave;nh giảng dạy Tiếng Anh cho trẻ em, tiếng Anh luyện thi chứng chỉ quốc tế IELTS/TOEFL/TOEIC</p>\r\n\r\n<p>- Thiết kế, soạn thảo v&agrave; kiểm tra nội dung gi&aacute;o &aacute;n, c&ocirc;ng cụ giảng dạy dựa tr&ecirc;n nội dung s&aacute;ch gi&aacute;o tr&igrave;nh sẵn c&oacute; (lộ tr&igrave;nh học, Slides b&agrave;i giảng, s&aacute;ch, lesson plan &hellip;)</p>\r\n\r\n<p><strong>II. Y&ecirc;u cầu</strong></p>\r\n\r\n<p>- Tốt nghiệp Đại học, ưu ti&ecirc;n c&aacute;c chuy&ecirc;n ng&agrave;nh Tiếng Anh (Sư phạm Ngoại ngữ, Đại học H&agrave; Nội, Ngoại Thương, Ngoại Giao), c&oacute; chứng chỉ IELTS từ 7.0, TOEIC từ 800 trở l&ecirc;n hoặc c&aacute;c bằng cấp tương tự (C1 CEFR) l&agrave; một lợi thế.</p>\r\n\r\n<p>- Ưu ti&ecirc;n ứng vi&ecirc;n c&oacute; kinh nghiệm trong lĩnh vực đ&agrave;o tạo, thẩm định, bi&ecirc;n soạn/x&acirc;y dựng c&aacute;c bộ gi&aacute;o tr&igrave;nh, học liệu trong giảng dạy tiếng Anh.</p>\r\n\r\n<p>- C&oacute; khả năng tổng hợp, ph&acirc;n t&iacute;ch th&ocirc;ng tin tốt, s&aacute;ng tạo v&agrave; nhiều &yacute; tưởng.</p>\r\n\r\n<p>- C&oacute; khả năng tự quản l&yacute; c&ocirc;ng việc v&agrave; l&agrave;m việc nh&oacute;m tốt.</p>\r\n\r\n<p>- C&oacute; khả năng sử dụng tin học văn ph&ograve;ng v&agrave; khai th&aacute;c th&ocirc;ng tin, t&agrave;i liệu từ Internet.</p>\r\n\r\n<p><strong>III. Quyền lợi</strong></p>\r\n\r\n<p>- Lương, thưởng cạnh tranh tr&ecirc;n thị trường.</p>\r\n\r\n<p>- Đ&oacute;ng BHXH, BHYT theo quy định của ph&aacute;p luật. Chế độ nghỉ lễ Tết, được tham gia c&aacute;c hoạt động team buidling v&agrave; sự kiện lớn trong năm.</p>\r\n\r\n<p>- Được l&agrave;m việc trong m&ocirc;i trường năng động, trẻ trung, đầy nhiệt huyết.</p>\r\n\r\n<p>- Cơ hội thăng tiến, ph&aacute;t triển cao.</p>\r\n\r\n<p>- Được đ&agrave;o tạo v&agrave; hướng dẫn nghiệp vụ để đ&aacute;p ứng y&ecirc;u cầu của c&ocirc;ng việc.</p>\r\n\r\n<p><strong>Ứng vi&ecirc;n quan t&acirc;m, vui l&ograve;ng gửi CV v&agrave;o địa chỉ mail:&nbsp;</strong><a href="mailto:anhttm@ames.edu.vn"><strong>hr@ames.edu.vn</strong></a><strong>&nbsp;HOẶC nộp trực tiếp tại 96 L&ograve; Đ&uacute;c, Hai B&agrave; Trưng, H&agrave; Nội.</strong></p>\r\n\r\n<p><strong>Li&ecirc;n hệ: 0934599894 (Ms. Mai Anh)</strong></p>\r\n', NULL, 1, NULL, NULL, NULL, NULL, NULL, 'TRUNG TÂM ANH NGỮ AMES TUYỂN DỤNG CHUYÊN VIÊN PHÁT TRIỂN HỌC LIỆU', 'Với dịch vụ quyết toán thuế - giải thể doanh nghiệp giá rẻ, nhanh chóng Nguyên Anh, chúng tôi sẽ giúp bạn giải quyết mọi vấn đề một cách chuyên nghiệp và hiệu quả nhất.', 'trung-tam-anh-ngu-ames-tuyen-dung-chuyen-vien-phat-trien-hoc-lieu', 'Quyết toán thuế', NULL, 64),
(84, 'en', 'Quyết toán thuế', '', '', NULL, 1, NULL, NULL, NULL, NULL, NULL, 'Quyết toán thuế', '', 'quyet-toan-thue', '', NULL, 64),
(85, 'vn', 'Thông tin tuyển dụng Ames Đà Nẵng tháng 9/2017', 'Hãy lựa chọn ngay dịch vụ Hoàn thiện sổ sách cho doanh nghiệp tại Nguyên Anh để được hỗ trợ và giải quyết mọi vấn đề mà bạn đang băn khoăn ngay hôm nay.', '<p><strong>Vị tr&iacute; tuyển dụng: Gi&aacute;o vi&ecirc;n Tiếng Anh (full time)</strong></p>\r\n\r\n<p><strong>Số lượng:</strong>&nbsp;<strong>02</strong></p>\r\n\r\n<p><strong>Địa điểm l&agrave;m việc: 36 Y&ecirc;n B&aacute;i, Hải Ch&acirc;u, Đ&agrave; Nẵng</strong></p>\r\n\r\n<p><strong>I. M&ocirc; tả c&ocirc;ng việc, tr&aacute;ch nhiệm:&nbsp;&nbsp;&nbsp;&nbsp;&nbsp;&nbsp;&nbsp;&nbsp;&nbsp;&nbsp;&nbsp;&nbsp;&nbsp;&nbsp;&nbsp;&nbsp;&nbsp;&nbsp;&nbsp;&nbsp;&nbsp;&nbsp;&nbsp;</strong></p>\r\n\r\n<p>- Giảng b&agrave;i, giao b&agrave;i, chấm b&agrave;i v&agrave; chữa b&agrave;i cho học vi&ecirc;n theo m&ocirc; h&igrave;nh học linh động</p>\r\n\r\n<p>- Theo d&otilde;i, chăm s&oacute;c học vi&ecirc;n, tư vấn cho học vi&ecirc;n phương ph&aacute;p học tập hiệu quả.</p>\r\n\r\n<p>- Phối hợp với gi&aacute;o vi&ecirc;n nước ngo&agrave;i trong qu&aacute; tr&igrave;nh giảng b&agrave;i cho học vi&ecirc;n.</p>\r\n\r\n<p>- Theo d&otilde;i hồ sơ của học vi&ecirc;n, nhập th&ocirc;ng tin học vi&ecirc;n v&agrave; t&igrave;nh h&igrave;nh học tập v&agrave;o phần mềm quản l&yacute;.</p>\r\n\r\n<p>- Theo d&otilde;i, bảo quản cơ sở vật chất trong văn ph&ograve;ng bao gồm t&agrave;i liệu học, b&agrave;i l&agrave;m của học vi&ecirc;n, văn ph&ograve;ng phẩm, v&agrave; c&aacute;c thiết bị điện tử kh&aacute;c.</p>\r\n\r\n<p>- Chuẩn bị t&agrave;i liệu học, hồ sơ học vi&ecirc;n v&agrave; thực hiện c&aacute;c c&ocirc;ng việc h&agrave;nh ch&iacute;nh kh&aacute;c của ph&ograve;ng.</p>\r\n\r\n<p><strong>II. Y&ecirc;u cầu:</strong></p>\r\n\r\n<p>- Tốt nghiệp Đại học chuy&ecirc;n ng&agrave;nh tiếng Anh/sư phạm tiếng Anh</p>\r\n\r\n<p>- Ưu ti&ecirc;n c&oacute; kinh nghiệm giảng dạy 01 năm hoặc đ&atilde; c&oacute; chứng chỉ IELTS/TOEFL iBT/TOEIC</p>\r\n\r\n<p>- Sử dụng th&agrave;nh thạo c&aacute;c phần mềm vi t&iacute;nh: Word, Excel&hellip;</p>\r\n\r\n<p>- C&oacute; khả năng giao tiếp, thuyết phục v&agrave; đ&agrave;m ph&aacute;n tốt.</p>\r\n\r\n<p>- H&ograve;a đồng, nhanh nhẹn, nhiệt t&igrave;nh v&agrave; trung thực.</p>\r\n\r\n<p>- L&agrave;m việc theo ca v&agrave; chịu &aacute;p lực tốt</p>\r\n\r\n<p><strong>III. Quyền lợi:</strong></p>\r\n\r\n<p>- Mức lương hấp dẫn (Lương cứng + lương kinh doanh)</p>\r\n\r\n<p>- Chế độ lương th&aacute;ng thứ 13, thưởng theo c&aacute;c ng&agrave;y lễ tết trong năm</p>\r\n\r\n<p>- Được hưởng c&aacute;c chế độ theo quy định của Luật lao động</p>\r\n\r\n<p>- Được tham gia c&aacute;c kh&oacute;a học tiếng anh tại Trung t&acirc;m miễn ph&iacute;</p>\r\n\r\n<p>- Được l&agrave;m việc trong m&ocirc;i trưởng năng động, chuy&ecirc;n nghiệp; c&oacute; cơ hội ph&aacute;t triển bản th&acirc;n v&agrave; thăng tiến l&ecirc;n vị tr&iacute; cấp QUẢN L&Yacute; (C&ocirc;ng ty đang mở rộng th&ecirc;m nhiều chi nh&aacute;nh ở H&agrave; Nội v&agrave; c&aacute;c tỉnh/th&agrave;nh phố trong cả nước)</p>\r\n\r\n<p><strong>IV. C&aacute;ch thức ứng tuyển:</strong></p>\r\n\r\n<p>Ứng vi&ecirc;n quan t&acirc;m vui l&ograve;ng gửi CV n&ecirc;u r&otilde; th&ocirc;ng tin c&aacute; nh&acirc;n v&agrave; kinh nghiệm l&agrave;m việc về địa chỉ:&nbsp;<a href="mailto:anhttm@ames.edu.vn">uyenptm@ames.edu.vn</a>&nbsp;v&agrave;&nbsp;<a href="mailto:linhtk@ames.edu.vn">linhtk@ames.edu.vn</a></p>\r\n\r\n<p>Hoặc nộp trực tiếp tại &nbsp;<a href="https://goo.gl/maps/jDbfj2rWEu82" rel="nofollow" target="_blank">38 Y&ecirc;n B&aacute;i, Hải Ch&acirc;u, Đ&agrave; Nẵng</a></p>\r\n\r\n<p>ĐT li&ecirc;n hệ: &nbsp;<a href="tel:02363779999">0236 377 9999</a></p>\r\n', NULL, 1, NULL, NULL, NULL, NULL, NULL, 'Thông tin tuyển dụng Ames Đà Nẵng tháng 9/2017', 'Hãy lựa chọn ngay dịch vụ Hoàn thiện sổ sách cho doanh nghiệp tại Nguyên Anh để được hỗ trợ và giải quyết mọi vấn đề mà bạn đang băn khoăn ngay hôm nay.', 'thong-tin-tuyen-dung-ames-da-nang-thang-92017', 'Hoàn thiện sổ sách', NULL, 65),
(86, 'en', 'Hoàn thiện sổ sách', '', '', NULL, 1, NULL, NULL, NULL, NULL, NULL, 'Hoàn thiện sổ sách', '', 'hoan-thien-so-sach', '', NULL, 65),
(87, 'vn', 'Rà soát sổ sách', 'Dịch vụ Rà soát sổ sách – Xác định rủi ro tiềm ẩn, sẽ giúp bạn giải quyết mọi vấn đề đang gặp phải một cách nhanh chóng và hiệu quả nhất.', '<p style="text-align:justify"><strong>Sau một thời gian hoạt động, Doanh nghiệp của bạn cần phải r&agrave; so&aacute;t sổ s&aacute;ch để c&oacute; thể chuẩn bị cho đợt quyết to&aacute;n thuế sắp tới? Bạn kh&ocirc;ng y&ecirc;n t&acirc;m về dữ liệu sổ s&aacute;ch do c&aacute;c kế to&aacute;n vi&ecirc;n tại c&ocirc;ng ty đang thực hiện? Sổ s&aacute;ch, chứng từ bị x&aacute;o trộn do chuyển địa điểm, chuyển giao c&ocirc;ng việc&hellip;?</strong><br />\r\n<strong>Dịch vụ&nbsp;R&agrave; so&aacute;t sổ s&aacute;ch&nbsp;&ndash; X&aacute;c định rủi ro tiềm ẩn, sẽ gi&uacute;p bạn giải quyết mọi vấn đề đang gặp phải một c&aacute;ch nhanh ch&oacute;ng v&agrave; hiệu quả nhất.</strong><br />\r\n<br />\r\n<span style="font-size:16px"><strong>Dịch vụ r&agrave; so&aacute;t sổ s&aacute;ch l&agrave; g&igrave;? C&oacute; cần thiết phải sử dụng dịch vụ n&agrave;y hay kh&ocirc;ng</strong></span></p>\r\n\r\n<p style="text-align:justify"><strong>Dịch vụ r&agrave; so&aacute;t sổ s&aacute;ch</strong>&nbsp;l&agrave; một trong những loại h&igrave;nh được nhiều doanh nghiệp vừa v&agrave; nhỏ t&igrave;m đến. Đa phần c&ocirc;ng việc kinh doanh bận rộn hay việc thiếu kiến thức chuy&ecirc;n m&ocirc;n trong lĩnh vực n&agrave;y c&oacute; thể khiến cho c&aacute;c doanh nghiệp phải trả gi&aacute; v&igrave; những sai phạm kh&ocirc;ng đ&aacute;ng c&oacute; xuất ph&aacute;t từ vấn đề sổ s&aacute;ch. Ch&iacute;nh v&igrave; thế nếu bạn đang gặp phải những vấn đề như:<br />\r\n&nbsp; &nbsp; ➔ Kh&ocirc;ng an t&acirc;m với sổ s&aacute;ch, số liệu kế to&aacute;n đang thực hiện.<br />\r\n&nbsp; &nbsp; ➔ Kh&ocirc;ng x&aacute;c định được c&aacute;c rủi ro tiềm ẩn trong sổ s&aacute;ch v&agrave; c&aacute;ch khắc phục.<br />\r\n&nbsp; &nbsp; ➔ Chứng từ bị lưu trữ lộn xộn, thi&ecirc;́u khoa học, số liệu kế to&aacute;n bất ổn.<br />\r\n&nbsp; &nbsp; ➔ Thời hạn quyết to&aacute;n gần kề v&agrave; muốn r&agrave; so&aacute;t lại sổ s&aacute;ch để ph&aacute;t hiện c&aacute;c rủi ro, sai phạm kh&ocirc;ng đ&aacute;ng c&oacute;.<br />\r\n&nbsp; &nbsp; ➔ Bộ phận kế to&aacute;n doanh nghiệp kh&ocirc;ng đủ tự tin hay kh&ocirc;ng nắm bắt r&otilde; c&aacute;c luật định mới.<br />\r\nĐ&acirc;y l&agrave; l&uacute;c m&agrave; bạn cần đến&nbsp;<strong>dịch vụ r&agrave; so&aacute;t sổ s&aacute;ch</strong>&nbsp;gi&uacute;p giải quyết mọi vấn đề gặp phải một c&aacute;ch khoa học với chi ph&iacute; tiết kiệm nhất.<br />\r\n<br />\r\n<span style="font-size:16px"><strong>Dịch vụ R&agrave; so&aacute;t sổ s&aacute;ch &ndash; X&aacute;c định rủi ro tiềm ẩn Nguy&ecirc;n Anh</strong></span></p>\r\n\r\n<p style="text-align:justify">L&agrave; một trong những đơn vị uy t&iacute;n, dịch vụ&nbsp;<strong>R&agrave; so&aacute;t sổ s&aacute;ch &ndash; X&aacute;c định rủi ro tiềm ẩn</strong>&nbsp;Nguy&ecirc;n Anh hỗ trợ cho các doanh nghiệp một c&aacute;ch hiệu quả v&agrave; chuy&ecirc;n nghiệp. Ch&uacute;ng t&ocirc;i sẽ gi&uacute;p bạn:<br />\r\n&nbsp; &nbsp; ★ Kiểm tra tổng qu&aacute;t v&agrave; chi tiết c&aacute;c dữ liệu, t&igrave;nh trạng số liệu, chứng từ của doanh nghiệp.<br />\r\n&nbsp; &nbsp; ★ Từ đ&oacute; x&aacute;c định ngay những rủi ro, đưa ra hướng khắc phục c&aacute;c sai phạm kh&ocirc;ng đ&aacute;ng c&oacute;.<br />\r\n&nbsp; &nbsp; ★ Định lượng mức phạt quyết to&aacute;n từ sai phạm về sổ s&aacute;ch.<br />\r\n&nbsp; &nbsp; ★ Tổng kết v&agrave; tư vấn cho doanh nghiệp nhanh ch&oacute;ng v&agrave; hiệu quả.<br />\r\n<br />\r\nNgay l&uacute;c n&agrave;y nếu doanh nghiệp của bạn đang cần đến dịch vụ<strong>&nbsp;R&agrave; so&aacute;t sổ s&aacute;ch</strong>&nbsp;- X&aacute;c định rủi ro tiềm ẩn h&atilde;y li&ecirc;n hệ ngay qua số Hotline của ch&uacute;ng t&ocirc;i để được hỗ trợ v&agrave; b&aacute;o gi&aacute; ch&iacute;nh x&aacute;c nhất. Chi ph&iacute; chỉ từ 700.000 đồng/lần cho dịch vụ trọn g&oacute;i v&agrave; hiệu quả. Nguy&ecirc;n Anh &ndash; đối t&aacute;c của bạn, th&agrave;nh c&ocirc;ng của bạn!!!</p>\r\n\r\n<p style="text-align:justify">&nbsp;</p>\r\n\r\n<p style="text-align:center"><strong>HOTLINE:&nbsp;<span style="color:#e74c3c">0986.1368.77 - 0988.1368.79</span></strong></p>\r\n\r\n<p style="text-align:center"><span style="color:#e74c3c">C&Ocirc;NG TY TNHH QUẢN TRỊ RỦI RO THUẾ NGUY&Ecirc;N ANH</span></p>\r\n\r\n<p style="text-align:center"><strong>Địa chỉ:</strong>&nbsp;Lầu 9, số 68 Nguyễn Huệ, P. Bến Ngh&eacute;, Q.1, TPHCM</p>\r\n\r\n<p style="text-align:center"><strong>Email:</strong>&nbsp;support@nguyenanhtax.vn</p>\r\n', NULL, 1, NULL, NULL, NULL, NULL, NULL, 'Rà soát sổ sách', 'Dịch vụ Rà soát sổ sách – Xác định rủi ro tiềm ẩn, sẽ giúp bạn giải quyết mọi vấn đề đang gặp phải một cách nhanh chóng và hiệu quả nhất.', 'ra-soat-so-sach', 'Rà soát sổ sách', NULL, 66),
(88, 'en', 'Rà soát sổ sách', '', '', NULL, 1, NULL, NULL, NULL, NULL, NULL, 'Rà soát sổ sách', '', 'ra-soat-so-sach', '', NULL, 66),
(89, 'vn', 'BẢN TIN TUYỂN DỤNG ANH NGỮ AMES THÁNG 2/2018', 'Dịch vụ kê khai thuế online – Dịch vụ dành riêng cho các Doanh nghiệp nhỏ, siêu nhỏ, start-up; giúp giảm thiểu thời gian, tiết kiệm chi phí tối đa và thay đổi phương thức làm việc hướng đến sự chuyên nghiệp.', '<p>Do nhu cầu ph&aacute;t triển, Anh ngữ Ames tuyển dụng nhiều vị tr&iacute; full time:</p>\r\n\r\n<p>- Trưởng ph&ograve;ng học thuật</p>\r\n\r\n<p>- Trưởng ph&ograve;ng tư vấn tuyển sinh</p>\r\n\r\n<p>- Gi&aacute;o vi&ecirc;n tiếng Anh</p>\r\n\r\n<p>- Nh&acirc;n vi&ecirc;n ph&ograve;ng&nbsp;đ&agrave;o tạo</p>\r\n\r\n<p>- Nh&acirc;n vi&ecirc;n tư vấn tuyển sinh</p>\r\n\r\n<p>- Nh&acirc;n vi&ecirc;n Marketing</p>\r\n\r\n<p>- Nh&acirc;n vi&ecirc;n h&agrave;nh ch&iacute;nh kĩ thuật</p>\r\n\r\n<p>Th&ocirc;ng tin chi tiết:&nbsp;<a href="https://goo.gl/forms/kXuzlI3ZW5THua0A3">https://goo.gl/forms/kXuzlI3ZW5THua0A3</a></p>\r\n\r\n<p>C&aacute;ch thức&nbsp;ứng tuyển</p>\r\n\r\n<p>1.&nbsp;Điền th&ocirc;ng tin&nbsp;ứng tuyển trực tiếp theo link:&nbsp;<a href="https://goo.gl/forms/kXuzlI3ZW5THua0A3">https://goo.gl/forms/kXuzlI3ZW5THua0A3</a></p>\r\n\r\n<p>2. Gửi CV c&aacute; nh&acirc;n về mail: hr@ames.edu.vn (Lưu&nbsp;&yacute;:&nbsp;Ứng vi&ecirc;n ghi r&otilde; vị tr&iacute; v&agrave;&nbsp;địa&nbsp;điểm&nbsp;ứng tuyển)</p>\r\n\r\n<p>3. Nộp trực tiếp tại Ph&ograve;ng Nh&acirc;n sự - Ames 96 L&ograve;&nbsp;Đ&uacute;c, Hai B&agrave; Trưng, H&agrave; Nội</p>\r\n\r\n<p>&nbsp;</p>\r\n', NULL, 1, NULL, NULL, NULL, NULL, NULL, 'BẢN TIN TUYỂN DỤNG ANH NGỮ AMES THÁNG 2/2018', 'Dịch vụ kê khai thuế online – Dịch vụ dành riêng cho các Doanh nghiệp nhỏ, siêu nhỏ, start-up; giúp giảm thiểu thời gian, tiết kiệm chi phí tối đa và thay đổi phương thức làm việc hướng đến sự chuyên nghiệp.', 'ban-tin-tuyen-dung-anh-ngu-ames-thang-22018', 'Kê khai thuế online', NULL, 67),
(90, 'en', 'Kê khai thuế online', '', '', NULL, 1, NULL, NULL, NULL, NULL, NULL, 'Kê khai thuế online', '', 'ke-khai-thue-online', '', NULL, 67),
(91, 'vn', 'BẢN TIN TUYỂN DỤNG ANH NGỮ AMES THÁNG 3/2018', 'Anh ngữ Ames tuyển dụng nhiều vị trí Full time tại chi nhánh Hà Nội và các tỉnh trong cả nước', '<p>Anh ngữ Ames tuyển dụng nhiều vị tr&iacute; Full time tại chi nh&aacute;nh H&agrave; Nội v&agrave; c&aacute;c tỉnh trong cả nước:</p>\r\n\r\n<p>- Gi&aacute;o vi&ecirc;n Tiếng Anh</p>\r\n\r\n<p>- Nh&acirc;n vi&ecirc;n&nbsp;ph&ograve;ng&nbsp;đ&agrave;o tạo</p>\r\n\r\n<p>- Nh&acirc;n vi&ecirc;n tư vấn tuyển sinh</p>\r\n\r\n<p>- Nh&acirc;n vi&ecirc;n Nh&acirc;n sự</p>\r\n\r\n<p>Đặc biệt Ames&nbsp;mở rộng tuyển dụng c&aacute;c vị tr&iacute; quản l&yacute;.&nbsp;Đ&acirc;y l&agrave; cơ hội tốt d&agrave;nh cho c&aacute;c bạn&nbsp;ứng vi&ecirc;n mong muốn thử sức m&igrave;nh ở vị tr&iacute; mới:</p>\r\n\r\n<p>- Gi&aacute;m&nbsp;đốc trung t&acirc;m c&aacute;c tỉnh trong cả nước</p>\r\n\r\n<p>- Trưởng ph&ograve;ng học thuật</p>\r\n\r\n<p>Th&ocirc;ng tin chi tiết:&nbsp;<a href="https://goo.gl/forms/FQZKnFCmz51yDzoA2">https://goo.gl/forms/FQZKnFCmz51yDzoA2</a></p>\r\n\r\n<p>C&aacute;ch thức&nbsp;ứng tuyển</p>\r\n\r\n<p>1.&nbsp;Điền th&ocirc;ng tin trực tiếp qua&nbsp;đường link:&nbsp;<a href="https://goo.gl/forms/FQZKnFCmz51yDzoA2">https://goo.gl/forms/FQZKnFCmz51yDzoA2</a></p>\r\n\r\n<p>2. Gửi mail về&nbsp;địa chỉ: hr@ames.edu.vn</p>\r\n\r\n<p>3. Gửi hồ sơ trực tiếp về&nbsp;địa chỉ:</p>\r\n\r\n<p>Ph&ograve;ng Nh&acirc;n sự&nbsp;</p>\r\n\r\n<p>Trung t&acirc;m Anh ngữ Ames</p>\r\n\r\n<p>96 L&ograve;&nbsp;Đ&uacute;c, Hai B&agrave; Trưng, H&agrave; Nội</p>\r\n\r\n<p>C&aacute;c bạn&nbsp;ứng vi&ecirc;n vui l&ograve;ng ghi r&otilde; th&ocirc;ng tin&nbsp;ứng tuyển: Vị tr&iacute;&nbsp;ứng tuyển-Địa&nbsp;điểm&nbsp;ứng tuyển-Họ v&agrave; t&ecirc;n</p>\r\n\r\n<p>Ames ch&agrave;o&nbsp;đ&oacute;n tất cả c&aacute;c bạn&nbsp;ứng vi&ecirc;n c&oacute; niềm&nbsp;đam m&ecirc; v&agrave; sẵn s&agrave;ng chấp nhận thử th&aacute;ch!!!</p>\r\n', NULL, 1, NULL, NULL, NULL, NULL, NULL, 'BẢN TIN TUYỂN DỤNG ANH NGỮ AMES THÁNG 3/2018', 'Với dịch vụ kế toán thuế trọn gói – Theo dõi kế hoạch thuế Nguyên Anh, điều bạn cần chỉ là kinh doanh, tất cả vấn đề thuế hãy để chúng tôi hỗ trợ bạn.', 'ban-tin-tuyen-dung-anh-ngu-ames-thang-32018', 'Kế toán thuế trọn gói', NULL, 68),
(92, 'en', 'Kế toán thuế trọn gói', '', '', NULL, 1, NULL, NULL, NULL, NULL, NULL, 'Kế toán thuế trọn gói', '', 'ke-toan-thue-tron-goi', '', NULL, 68),
(93, 'vn', 'TUYỂN DỤNG TƯ VẤN TUYỂN SINH - SALE - THÁNG 5/2018', 'TUYỂN DỤNG TƯ VẤN TUYỂN SINH - SALE - THÁNG 5/2018', '<p style="margin-left:0cm; margin-right:0cm"><span style="font-size:12pt"><span style="font-size:10.5pt"><span style="background-color:white"><span style="color:#1d2129">TUYỂN DỤNG TƯ VẤN TUYỂN SINH - SALE - TH&Aacute;NG 5/2018</span></span></span></span></p>\r\n\r\n<p style="margin-left:0cm; margin-right:0cm"><span style="font-size:12pt"><span style="font-family:&quot;Times New Roman&quot;,serif"><span style="font-size:1.0pt"><span style="background-color:white"><span style="color:#1d2129">', NULL, 1, NULL, NULL, NULL, NULL, NULL, 'TUYỂN DỤNG TƯ VẤN TUYỂN SINH - SALE - THÁNG 5/2018', 'TUYỂN DỤNG TƯ VẤN TUYỂN SINH - SALE - THÁNG 5/2018', 'tuyen-dung-tu-van-tuyen-sinh-sale-thang-52018', 'TUYỂN DỤNG TƯ VẤN TUYỂN SINH - SALE ', NULL, 69),
(94, 'en', 'tuyển giáoo viên dạy văn', 'tuyển giáoo viên dạy văn', '<p>tuyển gi&aacute;oo vi&ecirc;n dạy văn</p>\r\n', NULL, 1, NULL, NULL, NULL, NULL, NULL, 'tuyển giáoo viên dạy văn', 'tuyển giáoo viên dạy văn', 'tuyen-giaoo-vien-day-van', 'tuyển giáoo viên dạy văn', NULL, 69),
(95, 'vn', 'TUYỂN DỤNG TƯ VẤN TUYỂN SINH - SALE - THÁNG 5/2018', 'TUYỂN DỤNG TƯ VẤN TUYỂN SINH - SALE - THÁNG 5/2018', '<p style="margin-left:0cm; margin-right:0cm; text-align:justify"><span style="font-size:12pt"><span style="font-family:&quot;Times New Roman&quot;,serif"><span style="font-size:10.5pt"><span style="background-color:white"><span style="font-family:&quot;Helvetica&quot;,&quot;sans-serif&quot;"><span style="color:#1d2129">TUYỂN DỤNG TƯ VẤN TUYỂN SINH - SALE - TH&Aacute;NG 5/2018</span></span></span></span></span></span></p>\r\n\r\n<p style="margin-left:0cm; margin-right:0cm; text-align:justify"><span style="font-size:12pt"><span style="font-family:&quot;Times New Roman&quot;,serif"><span style="font-size:10.5pt"><span style="background-color:white"><span style="font-family:&quot;Helvetica&quot;,&quot;sans-serif&quot;"><span style="color:#1d2129">{ ĐỊA B&Agrave;N : H&agrave; Nội, Hải Ph&ograve;ng, Hạ Long-Quảng Ninh, TP HCM}</span></span></span></span><br />\r\n<span style="font-size:10.5pt"><span style="font-family:&quot;Helvetica&quot;,&quot;sans-serif&quot;"><span style="color:#1d2129"><span style="background-color:white"><img alt="" height="16" src="file:///C:\\Users\\ADMINI~1\\AppData\\Local\\Temp\\msohtmlclip1\\01\\clip_image001.png" width="16" /></span></span></span></span><span style="font-size:1.0pt"><span style="background-color:white"><span style="color:#1d2129">', NULL, 1, NULL, NULL, NULL, NULL, NULL, 'TUYỂN DỤNG TƯ VẤN TUYỂN SINH - SALE - THÁNG 5/2018', 'TUYỂN DỤNG TƯ VẤN TUYỂN SINH - SALE - THÁNG 5/2018', 'tuyen-dung-tu-van-tuyen-sinh-sale-thang-52018-1', 'TUYỂN DỤNG TƯ VẤN TUYỂN SINH - SALE', NULL, 70),
(96, 'en', 'TUYỂN DỤNG TƯ VẤN TUYỂN SINH - SALE - THÁNG 5/2018', 'TUYỂN DỤNG TƯ VẤN TUYỂN SINH - SALE - THÁNG 5/2018', '<p style="margin-left:0cm; margin-right:0cm; text-align:justify"><span style="font-size:12pt"><span style="font-family:&quot;Times New Roman&quot;,serif"><span style="font-size:10.5pt"><span style="background-color:white"><span style="font-family:&quot;Helvetica&quot;,&quot;sans-serif&quot;"><span style="color:#1d2129">TUYỂN DỤNG TƯ VẤN TUYỂN SINH - SALE - TH&Aacute;NG 5/2018</span></span></span></span></span></span></p>\r\n\r\n<p style="margin-left:0cm; margin-right:0cm; text-align:justify"><span style="font-size:12pt"><span style="font-family:&quot;Times New Roman&quot;,serif"><span style="font-size:10.5pt"><span style="background-color:white"><span style="font-family:&quot;Helvetica&quot;,&quot;sans-serif&quot;"><span style="color:#1d2129">{ ĐỊA B&Agrave;N : H&agrave; Nội, Hải Ph&ograve;ng, Hạ Long-Quảng Ninh, TP HCM}</span></span></span></span><br />\r\n<span style="font-size:10.5pt"><span style="font-family:&quot;Helvetica&quot;,&quot;sans-serif&quot;"><span style="color:#1d2129"><span style="background-color:white"><img alt="" height="16" src="file:///C:\\Users\\ADMINI~1\\AppData\\Local\\Temp\\msohtmlclip1\\01\\clip_image001.png" width="16" /></span></span></span></span><span style="font-size:1.0pt"><span style="background-color:white"><span style="color:#1d2129">', NULL, 1, NULL, NULL, NULL, NULL, NULL, 'TUYỂN DỤNG TƯ VẤN TUYỂN SINH - SALE - THÁNG 5/2018', 'TUYỂN DỤNG TƯ VẤN TUYỂN SINH - SALE - THÁNG 5/2018', 'tuyen-dung-tu-van-tuyen-sinh-sale-thang-52018-1', 'TUYỂN DỤNG TƯ VẤN TUYỂN SINH - SALE', NULL, 70);

-- --------------------------------------------------------

--
-- Table structure for table `size`
--

CREATE TABLE IF NOT EXISTS `size` (
  `size_id` bigint(20) NOT NULL,
  `size_name` varchar(255) COLLATE utf8_unicode_ci DEFAULT NULL,
  `size_stock` int(11) DEFAULT NULL,
  `size_price` double DEFAULT NULL,
  `color_id` bigint(20) DEFAULT NULL,
  `product_id` int(11) DEFAULT NULL
) ENGINE=InnoDB DEFAULT CHARSET=utf8 COLLATE=utf8_unicode_ci;

-- --------------------------------------------------------

--
-- Table structure for table `technical_bulletin_file`
--

CREATE TABLE IF NOT EXISTS `technical_bulletin_file` (
  `id` int(11) NOT NULL,
  `name` varchar(600) CHARACTER SET utf8 COLLATE utf8_unicode_ci NOT NULL
) ENGINE=InnoDB AUTO_INCREMENT=2 DEFAULT CHARSET=latin1;

--
-- Dumping data for table `technical_bulletin_file`
--

INSERT INTO `technical_bulletin_file` (`id`, `name`) VALUES
(1, 'tuan.pdf');

-- --------------------------------------------------------

--
-- Table structure for table `user`
--

CREATE TABLE IF NOT EXISTS `user` (
  `user_id` int(11) NOT NULL,
  `user_name` varchar(255) COLLATE utf8_unicode_ci DEFAULT NULL,
  `user_email` varchar(255) COLLATE utf8_unicode_ci DEFAULT NULL,
  `user_phone` varchar(255) COLLATE utf8_unicode_ci DEFAULT NULL,
  `user_address` text COLLATE utf8_unicode_ci,
  `user_password` text COLLATE utf8_unicode_ci,
  `created_date` datetime DEFAULT NULL,
  `state` int(11) DEFAULT '1'
) ENGINE=InnoDB AUTO_INCREMENT=3 DEFAULT CHARSET=utf8 COLLATE=utf8_unicode_ci;

--
-- Dumping data for table `user`
--

INSERT INTO `user` (`user_id`, `user_name`, `user_email`, `user_phone`, `user_address`, `user_password`, `created_date`, `state`) VALUES
(1, 'mystery078', 'tung92.ns@gmail.com', '01658824321', '', '$2y$10$zjlyFYq6vJ6TXeQVsOh/1esNuHFTf23SE62fvXVvyUAYvzxyCNzv6', '2017-03-12 02:03:39', 1),
(2, 'manh', 'manh@gmail.com', '0123434', '', '$2y$10$8JKJKBN1HlCxSIR6nv39pedRpujNWEOOQ9ePRT07j4x2F4blrAfA2', '2017-03-23 15:03:28', 1);

-- --------------------------------------------------------

--
-- Table structure for table `user_online`
--

CREATE TABLE IF NOT EXISTS `user_online` (
  `tgtmp` int(15) NOT NULL DEFAULT '0',
  `ip` varchar(50) COLLATE utf8_unicode_ci NOT NULL,
  `local` varchar(100) COLLATE utf8_unicode_ci NOT NULL
) ENGINE=InnoDB DEFAULT CHARSET=utf8 COLLATE=utf8_unicode_ci;

-- --------------------------------------------------------

--
-- Table structure for table `video`
--

CREATE TABLE IF NOT EXISTS `video` (
  `id` int(11) NOT NULL,
  `content` text CHARACTER SET utf8 COLLATE utf8_unicode_ci NOT NULL,
  `image` varchar(1000) CHARACTER SET utf8 COLLATE utf8_unicode_ci NOT NULL
) ENGINE=InnoDB AUTO_INCREMENT=5 DEFAULT CHARSET=latin1;

--
-- Dumping data for table `video`
--

INSERT INTO `video` (`id`, `content`, `image`) VALUES
(1, '<iframe width="560" height="315" src="https://www.youtube.com/embed/1Ve9TuioLdU" frameborder="0" allow="accelerometer; autoplay; encrypted-media; gyroscope; picture-in-picture" allowfullscreen></iframe>', 'product1.jpg'),
(2, '<iframe width="560" height="450" src="https://www.youtube.com/embed/dtYJYOmm2h8" frameborder="0" allow="accelerometer; autoplay; encrypted-media; gyroscope; picture-in-picture" allowfullscreen></iframe>', 'product2.jpg'),
(3, '<iframe width="560" height="450" src="https://www.youtube.com/embed/c8wwHSpodYs" frameborder="0" allow="accelerometer; autoplay; encrypted-media; gyroscope; picture-in-picture" allowfullscreen></iframe>', 'product3.jpg'),
(4, '<iframe width="560" height="315" src="https://www.youtube.com/embed/1Ve9TuioLdU" frameborder="0" allow="accelerometer; autoplay; encrypted-media; gyroscope; picture-in-picture" allowfullscreen></iframe>', 'product4.jpg');

-- --------------------------------------------------------

--
-- Table structure for table `wishlist`
--

CREATE TABLE IF NOT EXISTS `wishlist` (
  `wishlist_id` int(11) NOT NULL,
  `user_id` int(11) DEFAULT NULL,
  `product_id` int(11) DEFAULT NULL,
  `wishlist_created_date` datetime DEFAULT NULL,
  `product_name` text COLLATE utf8_unicode_ci,
  `state` int(11) NOT NULL DEFAULT '0'
) ENGINE=InnoDB DEFAULT CHARSET=utf8 COLLATE=utf8_unicode_ci;

--
-- Indexes for dumped tables
--

--
-- Indexes for table `admin`
--
ALTER TABLE `admin`
  ADD PRIMARY KEY (`admin_id`),
  ADD KEY `admin_role` (`admin_role`),
  ADD KEY `admin_state` (`admin_state`);

--
-- Indexes for table `admin_role`
--
ALTER TABLE `admin_role`
  ADD PRIMARY KEY (`admin_role_id`);

--
-- Indexes for table `bang_gia_1`
--
ALTER TABLE `bang_gia_1`
  ADD PRIMARY KEY (`id`);

--
-- Indexes for table `bang_gia_2`
--
ALTER TABLE `bang_gia_2`
  ADD PRIMARY KEY (`id`);

--
-- Indexes for table `cad_file`
--
ALTER TABLE `cad_file`
  ADD PRIMARY KEY (`id`);

--
-- Indexes for table `calculators_file`
--
ALTER TABLE `calculators_file`
  ADD PRIMARY KEY (`id`);

--
-- Indexes for table `cart`
--
ALTER TABLE `cart`
  ADD PRIMARY KEY (`id_cart`);

--
-- Indexes for table `cartdetail`
--
ALTER TABLE `cartdetail`
  ADD PRIMARY KEY (`id_cartDetail`),
  ADD KEY `id_cart` (`id_cart`);

--
-- Indexes for table `color`
--
ALTER TABLE `color`
  ADD PRIMARY KEY (`color_id`),
  ADD KEY `product_id` (`product_id`);

--
-- Indexes for table `config`
--
ALTER TABLE `config`
  ADD PRIMARY KEY (`config_id`);

--
-- Indexes for table `config_languages`
--
ALTER TABLE `config_languages`
  ADD PRIMARY KEY (`id`),
  ADD KEY `config_id` (`config_id`);

--
-- Indexes for table `currency`
--
ALTER TABLE `currency`
  ADD PRIMARY KEY (`currency_id`),
  ADD UNIQUE KEY `currency_code` (`currency_code`);

--
-- Indexes for table `datasheets_file`
--
ALTER TABLE `datasheets_file`
  ADD PRIMARY KEY (`id`);

--
-- Indexes for table `dat_mua`
--
ALTER TABLE `dat_mua`
  ADD PRIMARY KEY (`id`);

--
-- Indexes for table `declaration_file`
--
ALTER TABLE `declaration_file`
  ADD PRIMARY KEY (`id`);

--
-- Indexes for table `installation_file`
--
ALTER TABLE `installation_file`
  ADD PRIMARY KEY (`id`);

--
-- Indexes for table `languages`
--
ALTER TABLE `languages`
  ADD PRIMARY KEY (`languages_id`);

--
-- Indexes for table `lien_he`
--
ALTER TABLE `lien_he`
  ADD PRIMARY KEY (`id`);

--
-- Indexes for table `listings_certifications_file`
--
ALTER TABLE `listings_certifications_file`
  ADD PRIMARY KEY (`id`);

--
-- Indexes for table `menu`
--
ALTER TABLE `menu`
  ADD PRIMARY KEY (`menu_id`),
  ADD KEY `menu_type_id` (`menu_type_id`),
  ADD KEY `product_id` (`product_id`),
  ADD KEY `page_id` (`page_id`),
  ADD KEY `news_id` (`news_id`),
  ADD KEY `state` (`state`),
  ADD KEY `menu_parent` (`menu_parent`),
  ADD KEY `productcat_id` (`productcat_id`),
  ADD KEY `newscat_id` (`newscat_id`);

--
-- Indexes for table `menu_languages`
--
ALTER TABLE `menu_languages`
  ADD PRIMARY KEY (`id`),
  ADD KEY `menu_id` (`menu_id`);

--
-- Indexes for table `menu_type`
--
ALTER TABLE `menu_type`
  ADD PRIMARY KEY (`menu_type_id`);

--
-- Indexes for table `menu_type_languages`
--
ALTER TABLE `menu_type_languages`
  ADD PRIMARY KEY (`id`),
  ADD KEY `fk_menu_type` (`menu_type_id`);

--
-- Indexes for table `news`
--
ALTER TABLE `news`
  ADD PRIMARY KEY (`news_id`),
  ADD KEY `created_id` (`created_id`);

--
-- Indexes for table `newscat`
--
ALTER TABLE `newscat`
  ADD PRIMARY KEY (`newscat_id`),
  ADD KEY `created_id` (`created_id`);

--
-- Indexes for table `newscat_languages`
--
ALTER TABLE `newscat_languages`
  ADD PRIMARY KEY (`id`),
  ADD KEY `newscat_id` (`newscat_id`),
  ADD KEY `languages_id` (`languages_code`),
  ADD KEY `edit_state` (`edit_state`);

--
-- Indexes for table `news_languages`
--
ALTER TABLE `news_languages`
  ADD PRIMARY KEY (`id`),
  ADD KEY `news_id` (`news_id`),
  ADD KEY `languages_id` (`languages_code`),
  ADD KEY `edit_state` (`edit_state`);

--
-- Indexes for table `nhan_ban_tin`
--
ALTER TABLE `nhan_ban_tin`
  ADD PRIMARY KEY (`id`);

--
-- Indexes for table `nhan_tai_lieu`
--
ALTER TABLE `nhan_tai_lieu`
  ADD PRIMARY KEY (`id`);

--
-- Indexes for table `obsolete_products_file`
--
ALTER TABLE `obsolete_products_file`
  ADD PRIMARY KEY (`id`);

--
-- Indexes for table `operating_file`
--
ALTER TABLE `operating_file`
  ADD PRIMARY KEY (`id`);

--
-- Indexes for table `optionsQ1`
--
ALTER TABLE `optionsQ1`
  ADD PRIMARY KEY (`optionsQ1_id`);

--
-- Indexes for table `optionsQ2`
--
ALTER TABLE `optionsQ2`
  ADD PRIMARY KEY (`optionsQ2_id`);

--
-- Indexes for table `optionsQ3`
--
ALTER TABLE `optionsQ3`
  ADD PRIMARY KEY (`optionsQ3_id`);

--
-- Indexes for table `optionsQ4`
--
ALTER TABLE `optionsQ4`
  ADD PRIMARY KEY (`optionsQ4_id`);

--
-- Indexes for table `optionsQ5`
--
ALTER TABLE `optionsQ5`
  ADD PRIMARY KEY (`optionsQ5_id`);

--
-- Indexes for table `optionsQ6`
--
ALTER TABLE `optionsQ6`
  ADD PRIMARY KEY (`optionsQ6_id`);

--
-- Indexes for table `optionsQ7`
--
ALTER TABLE `optionsQ7`
  ADD PRIMARY KEY (`optionsQ7_id`);

--
-- Indexes for table `optionsQ8`
--
ALTER TABLE `optionsQ8`
  ADD PRIMARY KEY (`optionsQ8_id`);

--
-- Indexes for table `optionsQ9`
--
ALTER TABLE `optionsQ9`
  ADD PRIMARY KEY (`optionsQ9_id`);

--
-- Indexes for table `orders`
--
ALTER TABLE `orders`
  ADD PRIMARY KEY (`orders_id`),
  ADD KEY `users_id` (`users_id`),
  ADD KEY `orders_state` (`orders_state`),
  ADD KEY `currency_id` (`currency_id`);

--
-- Indexes for table `order_detail`
--
ALTER TABLE `order_detail`
  ADD PRIMARY KEY (`order_detail_id`),
  ADD KEY `order_id` (`order_id`),
  ADD KEY `product_id` (`product_id`),
  ADD KEY `currency_id` (`currency_id`);

--
-- Indexes for table `order_state`
--
ALTER TABLE `order_state`
  ADD PRIMARY KEY (`order_state_id`),
  ADD KEY `state` (`state`);

--
-- Indexes for table `page`
--
ALTER TABLE `page`
  ADD PRIMARY KEY (`page_id`),
  ADD KEY `created_id` (`created_id`);

--
-- Indexes for table `page_languages`
--
ALTER TABLE `page_languages`
  ADD PRIMARY KEY (`id`),
  ADD KEY `page_id` (`page_id`),
  ADD KEY `languages_id` (`languages_code`),
  ADD KEY `edit_state` (`edit_state`);

--
-- Indexes for table `product`
--
ALTER TABLE `product`
  ADD PRIMARY KEY (`product_id`),
  ADD KEY `product_cat_id` (`productcat_id`),
  ADD KEY `product_hot` (`product_hot`),
  ADD KEY `state` (`state`),
  ADD KEY `product_sale` (`product_sale`),
  ADD KEY `product_new` (`product_new`),
  ADD KEY `created_id` (`created_id`);

--
-- Indexes for table `productcat`
--
ALTER TABLE `productcat`
  ADD PRIMARY KEY (`productcat_id`),
  ADD KEY `productcat_sort_order` (`productcat_sort_order`),
  ADD KEY `productcat_parent` (`productcat_parent`),
  ADD KEY `created_id` (`created_id`);

--
-- Indexes for table `productcat_languages`
--
ALTER TABLE `productcat_languages`
  ADD PRIMARY KEY (`id`),
  ADD KEY `product_cat_id` (`productcat_id`),
  ADD KEY `edit_state` (`edit_state`);

--
-- Indexes for table `product_catalogs_file`
--
ALTER TABLE `product_catalogs_file`
  ADD PRIMARY KEY (`id`);

--
-- Indexes for table `product_color`
--
ALTER TABLE `product_color`
  ADD PRIMARY KEY (`id`),
  ADD KEY `product_id` (`product_id`);

--
-- Indexes for table `product_languages`
--
ALTER TABLE `product_languages`
  ADD PRIMARY KEY (`id`),
  ADD KEY `product_id` (`product_id`),
  ADD KEY `edit_state` (`edit_state`);

--
-- Indexes for table `product_producer`
--
ALTER TABLE `product_producer`
  ADD PRIMARY KEY (`producer_id`);

--
-- Indexes for table `product_producer_languages`
--
ALTER TABLE `product_producer_languages`
  ADD PRIMARY KEY (`id`),
  ADD KEY `producer_id` (`producer_id`);

--
-- Indexes for table `pro_color`
--
ALTER TABLE `pro_color`
  ADD PRIMARY KEY (`id`),
  ADD KEY `id_product` (`id_product`);

--
-- Indexes for table `regInfor`
--
ALTER TABLE `regInfor`
  ADD PRIMARY KEY (`regInfor_id`);

--
-- Indexes for table `regMember`
--
ALTER TABLE `regMember`
  ADD PRIMARY KEY (`regMember_id`);

--
-- Indexes for table `sale`
--
ALTER TABLE `sale`
  ADD PRIMARY KEY (`sale_id`);

--
-- Indexes for table `service`
--
ALTER TABLE `service`
  ADD PRIMARY KEY (`service_id`);

--
-- Indexes for table `servicecat`
--
ALTER TABLE `servicecat`
  ADD PRIMARY KEY (`servicecat_id`);

--
-- Indexes for table `servicecat_languages`
--
ALTER TABLE `servicecat_languages`
  ADD PRIMARY KEY (`id`),
  ADD KEY `fk_servicecat` (`servicecat_id`);

--
-- Indexes for table `service_languages`
--
ALTER TABLE `service_languages`
  ADD PRIMARY KEY (`id`),
  ADD KEY `fk_service` (`service_id`);

--
-- Indexes for table `size`
--
ALTER TABLE `size`
  ADD PRIMARY KEY (`size_id`),
  ADD KEY `color_id` (`color_id`),
  ADD KEY `product_id` (`product_id`);

--
-- Indexes for table `technical_bulletin_file`
--
ALTER TABLE `technical_bulletin_file`
  ADD PRIMARY KEY (`id`);

--
-- Indexes for table `user`
--
ALTER TABLE `user`
  ADD PRIMARY KEY (`user_id`);

--
-- Indexes for table `user_online`
--
ALTER TABLE `user_online`
  ADD PRIMARY KEY (`tgtmp`),
  ADD KEY `ip` (`ip`),
  ADD KEY `local` (`local`);

--
-- Indexes for table `video`
--
ALTER TABLE `video`
  ADD PRIMARY KEY (`id`);

--
-- Indexes for table `wishlist`
--
ALTER TABLE `wishlist`
  ADD PRIMARY KEY (`wishlist_id`),
  ADD KEY `user_id` (`user_id`),
  ADD KEY `product_id` (`product_id`);

--
-- AUTO_INCREMENT for dumped tables
--

--
-- AUTO_INCREMENT for table `admin`
--
ALTER TABLE `admin`
  MODIFY `admin_id` int(11) NOT NULL AUTO_INCREMENT,AUTO_INCREMENT=4;
--
-- AUTO_INCREMENT for table `admin_role`
--
ALTER TABLE `admin_role`
  MODIFY `admin_role_id` int(11) NOT NULL AUTO_INCREMENT,AUTO_INCREMENT=3;
--
-- AUTO_INCREMENT for table `bang_gia_1`
--
ALTER TABLE `bang_gia_1`
  MODIFY `id` int(11) NOT NULL AUTO_INCREMENT,AUTO_INCREMENT=46;
--
-- AUTO_INCREMENT for table `bang_gia_2`
--
ALTER TABLE `bang_gia_2`
  MODIFY `id` int(11) NOT NULL AUTO_INCREMENT,AUTO_INCREMENT=48;
--
-- AUTO_INCREMENT for table `cad_file`
--
ALTER TABLE `cad_file`
  MODIFY `id` int(11) NOT NULL AUTO_INCREMENT,AUTO_INCREMENT=3;
--
-- AUTO_INCREMENT for table `calculators_file`
--
ALTER TABLE `calculators_file`
  MODIFY `id` int(11) NOT NULL AUTO_INCREMENT,AUTO_INCREMENT=2;
--
-- AUTO_INCREMENT for table `cart`
--
ALTER TABLE `cart`
  MODIFY `id_cart` int(11) NOT NULL AUTO_INCREMENT,AUTO_INCREMENT=48;
--
-- AUTO_INCREMENT for table `cartdetail`
--
ALTER TABLE `cartdetail`
  MODIFY `id_cartDetail` int(11) NOT NULL AUTO_INCREMENT,AUTO_INCREMENT=33;
--
-- AUTO_INCREMENT for table `color`
--
ALTER TABLE `color`
  MODIFY `color_id` bigint(20) NOT NULL AUTO_INCREMENT;
--
-- AUTO_INCREMENT for table `config`
--
ALTER TABLE `config`
  MODIFY `config_id` int(11) NOT NULL AUTO_INCREMENT,AUTO_INCREMENT=2;
--
-- AUTO_INCREMENT for table `config_languages`
--
ALTER TABLE `config_languages`
  MODIFY `id` int(11) NOT NULL AUTO_INCREMENT,AUTO_INCREMENT=3;
--
-- AUTO_INCREMENT for table `currency`
--
ALTER TABLE `currency`
  MODIFY `currency_id` int(11) NOT NULL AUTO_INCREMENT;
--
-- AUTO_INCREMENT for table `datasheets_file`
--
ALTER TABLE `datasheets_file`
  MODIFY `id` int(11) NOT NULL AUTO_INCREMENT,AUTO_INCREMENT=2;
--
-- AUTO_INCREMENT for table `dat_mua`
--
ALTER TABLE `dat_mua`
  MODIFY `id` int(11) NOT NULL AUTO_INCREMENT,AUTO_INCREMENT=5;
--
-- AUTO_INCREMENT for table `declaration_file`
--
ALTER TABLE `declaration_file`
  MODIFY `id` int(11) NOT NULL AUTO_INCREMENT,AUTO_INCREMENT=2;
--
-- AUTO_INCREMENT for table `installation_file`
--
ALTER TABLE `installation_file`
  MODIFY `id` int(11) NOT NULL AUTO_INCREMENT,AUTO_INCREMENT=2;
--
-- AUTO_INCREMENT for table `languages`
--
ALTER TABLE `languages`
  MODIFY `languages_id` int(11) NOT NULL AUTO_INCREMENT,AUTO_INCREMENT=3;
--
-- AUTO_INCREMENT for table `lien_he`
--
ALTER TABLE `lien_he`
  MODIFY `id` int(11) NOT NULL AUTO_INCREMENT,AUTO_INCREMENT=7;
--
-- AUTO_INCREMENT for table `listings_certifications_file`
--
ALTER TABLE `listings_certifications_file`
  MODIFY `id` int(11) NOT NULL AUTO_INCREMENT,AUTO_INCREMENT=2;
--
-- AUTO_INCREMENT for table `menu`
--
ALTER TABLE `menu`
  MODIFY `menu_id` int(11) NOT NULL AUTO_INCREMENT,AUTO_INCREMENT=174;
--
-- AUTO_INCREMENT for table `menu_languages`
--
ALTER TABLE `menu_languages`
  MODIFY `id` bigint(20) NOT NULL AUTO_INCREMENT,AUTO_INCREMENT=325;
--
-- AUTO_INCREMENT for table `menu_type`
--
ALTER TABLE `menu_type`
  MODIFY `menu_type_id` int(11) NOT NULL AUTO_INCREMENT,AUTO_INCREMENT=16;
--
-- AUTO_INCREMENT for table `menu_type_languages`
--
ALTER TABLE `menu_type_languages`
  MODIFY `id` int(11) NOT NULL AUTO_INCREMENT,AUTO_INCREMENT=31;
--
-- AUTO_INCREMENT for table `news`
--
ALTER TABLE `news`
  MODIFY `news_id` int(11) NOT NULL AUTO_INCREMENT,AUTO_INCREMENT=132;
--
-- AUTO_INCREMENT for table `newscat`
--
ALTER TABLE `newscat`
  MODIFY `newscat_id` int(11) NOT NULL AUTO_INCREMENT,AUTO_INCREMENT=88;
--
-- AUTO_INCREMENT for table `newscat_languages`
--
ALTER TABLE `newscat_languages`
  MODIFY `id` int(11) NOT NULL AUTO_INCREMENT,AUTO_INCREMENT=171;
--
-- AUTO_INCREMENT for table `news_languages`
--
ALTER TABLE `news_languages`
  MODIFY `id` bigint(20) NOT NULL AUTO_INCREMENT,AUTO_INCREMENT=263;
--
-- AUTO_INCREMENT for table `nhan_ban_tin`
--
ALTER TABLE `nhan_ban_tin`
  MODIFY `id` int(11) NOT NULL AUTO_INCREMENT,AUTO_INCREMENT=19;
--
-- AUTO_INCREMENT for table `nhan_tai_lieu`
--
ALTER TABLE `nhan_tai_lieu`
  MODIFY `id` int(11) NOT NULL AUTO_INCREMENT,AUTO_INCREMENT=4;
--
-- AUTO_INCREMENT for table `obsolete_products_file`
--
ALTER TABLE `obsolete_products_file`
  MODIFY `id` int(11) NOT NULL AUTO_INCREMENT,AUTO_INCREMENT=4;
--
-- AUTO_INCREMENT for table `operating_file`
--
ALTER TABLE `operating_file`
  MODIFY `id` int(11) NOT NULL AUTO_INCREMENT,AUTO_INCREMENT=2;
--
-- AUTO_INCREMENT for table `optionsQ1`
--
ALTER TABLE `optionsQ1`
  MODIFY `optionsQ1_id` int(11) NOT NULL AUTO_INCREMENT,AUTO_INCREMENT=6;
--
-- AUTO_INCREMENT for table `optionsQ2`
--
ALTER TABLE `optionsQ2`
  MODIFY `optionsQ2_id` int(11) NOT NULL AUTO_INCREMENT,AUTO_INCREMENT=3;
--
-- AUTO_INCREMENT for table `optionsQ3`
--
ALTER TABLE `optionsQ3`
  MODIFY `optionsQ3_id` int(11) NOT NULL AUTO_INCREMENT,AUTO_INCREMENT=4;
--
-- AUTO_INCREMENT for table `optionsQ4`
--
ALTER TABLE `optionsQ4`
  MODIFY `optionsQ4_id` int(11) NOT NULL AUTO_INCREMENT,AUTO_INCREMENT=5;
--
-- AUTO_INCREMENT for table `optionsQ5`
--
ALTER TABLE `optionsQ5`
  MODIFY `optionsQ5_id` int(11) NOT NULL AUTO_INCREMENT,AUTO_INCREMENT=5;
--
-- AUTO_INCREMENT for table `optionsQ6`
--
ALTER TABLE `optionsQ6`
  MODIFY `optionsQ6_id` int(11) NOT NULL AUTO_INCREMENT,AUTO_INCREMENT=5;
--
-- AUTO_INCREMENT for table `optionsQ7`
--
ALTER TABLE `optionsQ7`
  MODIFY `optionsQ7_id` int(11) NOT NULL AUTO_INCREMENT,AUTO_INCREMENT=3;
--
-- AUTO_INCREMENT for table `optionsQ8`
--
ALTER TABLE `optionsQ8`
  MODIFY `optionsQ8_id` int(11) NOT NULL AUTO_INCREMENT,AUTO_INCREMENT=4;
--
-- AUTO_INCREMENT for table `optionsQ9`
--
ALTER TABLE `optionsQ9`
  MODIFY `optionsQ9_id` int(11) NOT NULL AUTO_INCREMENT,AUTO_INCREMENT=4;
--
-- AUTO_INCREMENT for table `orders`
--
ALTER TABLE `orders`
  MODIFY `orders_id` int(11) NOT NULL AUTO_INCREMENT;
--
-- AUTO_INCREMENT for table `order_detail`
--
ALTER TABLE `order_detail`
  MODIFY `order_detail_id` int(11) NOT NULL AUTO_INCREMENT;
--
-- AUTO_INCREMENT for table `order_state`
--
ALTER TABLE `order_state`
  MODIFY `order_state_id` int(11) NOT NULL AUTO_INCREMENT,AUTO_INCREMENT=8;
--
-- AUTO_INCREMENT for table `page`
--
ALTER TABLE `page`
  MODIFY `page_id` int(11) NOT NULL AUTO_INCREMENT,AUTO_INCREMENT=47;
--
-- AUTO_INCREMENT for table `page_languages`
--
ALTER TABLE `page_languages`
  MODIFY `id` bigint(20) NOT NULL AUTO_INCREMENT,AUTO_INCREMENT=59;
--
-- AUTO_INCREMENT for table `product`
--
ALTER TABLE `product`
  MODIFY `product_id` int(11) NOT NULL AUTO_INCREMENT,AUTO_INCREMENT=56;
--
-- AUTO_INCREMENT for table `productcat`
--
ALTER TABLE `productcat`
  MODIFY `productcat_id` int(11) NOT NULL AUTO_INCREMENT,AUTO_INCREMENT=141;
--
-- AUTO_INCREMENT for table `productcat_languages`
--
ALTER TABLE `productcat_languages`
  MODIFY `id` bigint(20) NOT NULL AUTO_INCREMENT,AUTO_INCREMENT=267;
--
-- AUTO_INCREMENT for table `product_catalogs_file`
--
ALTER TABLE `product_catalogs_file`
  MODIFY `id` int(11) NOT NULL AUTO_INCREMENT,AUTO_INCREMENT=2;
--
-- AUTO_INCREMENT for table `product_color`
--
ALTER TABLE `product_color`
  MODIFY `id` bigint(20) NOT NULL AUTO_INCREMENT;
--
-- AUTO_INCREMENT for table `product_languages`
--
ALTER TABLE `product_languages`
  MODIFY `id` bigint(20) NOT NULL AUTO_INCREMENT,AUTO_INCREMENT=99;
--
-- AUTO_INCREMENT for table `product_producer`
--
ALTER TABLE `product_producer`
  MODIFY `producer_id` int(11) NOT NULL AUTO_INCREMENT,AUTO_INCREMENT=11;
--
-- AUTO_INCREMENT for table `product_producer_languages`
--
ALTER TABLE `product_producer_languages`
  MODIFY `id` int(11) NOT NULL AUTO_INCREMENT,AUTO_INCREMENT=50;
--
-- AUTO_INCREMENT for table `pro_color`
--
ALTER TABLE `pro_color`
  MODIFY `id` int(11) NOT NULL AUTO_INCREMENT;
--
-- AUTO_INCREMENT for table `regInfor`
--
ALTER TABLE `regInfor`
  MODIFY `regInfor_id` int(11) NOT NULL AUTO_INCREMENT,AUTO_INCREMENT=61;
--
-- AUTO_INCREMENT for table `regMember`
--
ALTER TABLE `regMember`
  MODIFY `regMember_id` int(11) NOT NULL AUTO_INCREMENT,AUTO_INCREMENT=14;
--
-- AUTO_INCREMENT for table `sale`
--
ALTER TABLE `sale`
  MODIFY `sale_id` int(11) NOT NULL AUTO_INCREMENT;
--
-- AUTO_INCREMENT for table `service`
--
ALTER TABLE `service`
  MODIFY `service_id` int(11) NOT NULL AUTO_INCREMENT,AUTO_INCREMENT=71;
--
-- AUTO_INCREMENT for table `servicecat`
--
ALTER TABLE `servicecat`
  MODIFY `servicecat_id` int(11) NOT NULL AUTO_INCREMENT,AUTO_INCREMENT=6;
--
-- AUTO_INCREMENT for table `servicecat_languages`
--
ALTER TABLE `servicecat_languages`
  MODIFY `id` int(11) NOT NULL AUTO_INCREMENT,AUTO_INCREMENT=11;
--
-- AUTO_INCREMENT for table `service_languages`
--
ALTER TABLE `service_languages`
  MODIFY `id` int(11) NOT NULL AUTO_INCREMENT,AUTO_INCREMENT=97;
--
-- AUTO_INCREMENT for table `size`
--
ALTER TABLE `size`
  MODIFY `size_id` bigint(20) NOT NULL AUTO_INCREMENT;
--
-- AUTO_INCREMENT for table `technical_bulletin_file`
--
ALTER TABLE `technical_bulletin_file`
  MODIFY `id` int(11) NOT NULL AUTO_INCREMENT,AUTO_INCREMENT=2;
--
-- AUTO_INCREMENT for table `user`
--
ALTER TABLE `user`
  MODIFY `user_id` int(11) NOT NULL AUTO_INCREMENT,AUTO_INCREMENT=3;
--
-- AUTO_INCREMENT for table `video`
--
ALTER TABLE `video`
  MODIFY `id` int(11) NOT NULL AUTO_INCREMENT,AUTO_INCREMENT=5;
--
-- AUTO_INCREMENT for table `wishlist`
--
ALTER TABLE `wishlist`
  MODIFY `wishlist_id` int(11) NOT NULL AUTO_INCREMENT;
--
-- Constraints for dumped tables
--

--
-- Constraints for table `cartdetail`
--
ALTER TABLE `cartdetail`
  ADD CONSTRAINT `cartdetail_ibfk_1` FOREIGN KEY (`id_cart`) REFERENCES `cart` (`id_cart`) ON DELETE CASCADE;

--
-- Constraints for table `color`
--
ALTER TABLE `color`
  ADD CONSTRAINT `color_ibfk_1` FOREIGN KEY (`product_id`) REFERENCES `product` (`product_id`) ON DELETE CASCADE ON UPDATE CASCADE;

--
-- Constraints for table `menu_languages`
--
ALTER TABLE `menu_languages`
  ADD CONSTRAINT `menu_languages_ibfk_1` FOREIGN KEY (`menu_id`) REFERENCES `menu` (`menu_id`) ON DELETE CASCADE;

--
-- Constraints for table `menu_type_languages`
--
ALTER TABLE `menu_type_languages`
  ADD CONSTRAINT `menu_type_languages_ibfk_1` FOREIGN KEY (`menu_type_id`) REFERENCES `menu_type` (`menu_type_id`) ON DELETE CASCADE;

--
-- Constraints for table `newscat_languages`
--
ALTER TABLE `newscat_languages`
  ADD CONSTRAINT `newscat_languages_ibfk_1` FOREIGN KEY (`newscat_id`) REFERENCES `newscat` (`newscat_id`) ON DELETE CASCADE ON UPDATE CASCADE;

--
-- Constraints for table `news_languages`
--
ALTER TABLE `news_languages`
  ADD CONSTRAINT `news_languages_ibfk_1` FOREIGN KEY (`news_id`) REFERENCES `news` (`news_id`) ON DELETE CASCADE ON UPDATE CASCADE;

--
-- Constraints for table `order_detail`
--
ALTER TABLE `order_detail`
  ADD CONSTRAINT `order_detail_ibfk_1` FOREIGN KEY (`order_id`) REFERENCES `orders` (`orders_id`) ON DELETE CASCADE ON UPDATE CASCADE;

--
-- Constraints for table `page_languages`
--
ALTER TABLE `page_languages`
  ADD CONSTRAINT `page_languages_ibfk_1` FOREIGN KEY (`page_id`) REFERENCES `page` (`page_id`) ON DELETE CASCADE ON UPDATE CASCADE;

--
-- Constraints for table `productcat_languages`
--
ALTER TABLE `productcat_languages`
  ADD CONSTRAINT `productcat_languages_ibfk_1` FOREIGN KEY (`productcat_id`) REFERENCES `productcat` (`productcat_id`) ON DELETE CASCADE ON UPDATE CASCADE;

--
-- Constraints for table `product_languages`
--
ALTER TABLE `product_languages`
  ADD CONSTRAINT `product_languages_ibfk_1` FOREIGN KEY (`product_id`) REFERENCES `product` (`product_id`) ON DELETE CASCADE ON UPDATE CASCADE;

--
-- Constraints for table `product_producer_languages`
--
ALTER TABLE `product_producer_languages`
  ADD CONSTRAINT `product_producer_languages_ibfk_1` FOREIGN KEY (`producer_id`) REFERENCES `product_producer` (`producer_id`) ON DELETE CASCADE;

--
-- Constraints for table `pro_color`
--
ALTER TABLE `pro_color`
  ADD CONSTRAINT `pro_color_ibfk_1` FOREIGN KEY (`id_product`) REFERENCES `product` (`product_id`) ON DELETE CASCADE;

--
-- Constraints for table `servicecat_languages`
--
ALTER TABLE `servicecat_languages`
  ADD CONSTRAINT `servicecat_languages_ibfk_1` FOREIGN KEY (`servicecat_id`) REFERENCES `servicecat` (`servicecat_id`) ON DELETE CASCADE;

--
-- Constraints for table `service_languages`
--
ALTER TABLE `service_languages`
  ADD CONSTRAINT `service_languages_ibfk_1` FOREIGN KEY (`service_id`) REFERENCES `service` (`service_id`) ON DELETE CASCADE;

--
-- Constraints for table `size`
--
ALTER TABLE `size`
  ADD CONSTRAINT `size_ibfk_1` FOREIGN KEY (`color_id`) REFERENCES `color` (`color_id`) ON DELETE CASCADE ON UPDATE CASCADE;

/*!40101 SET CHARACTER_SET_CLIENT=@OLD_CHARACTER_SET_CLIENT */;
/*!40101 SET CHARACTER_SET_RESULTS=@OLD_CHARACTER_SET_RESULTS */;
/*!40101 SET COLLATION_CONNECTION=@OLD_COLLATION_CONNECTION */;
